-- MySQL dump 10.13  Distrib 8.0.36, for macos14 (arm64)
--
-- Host: 127.0.0.1    Database: archielite_echo
-- ------------------------------------------------------
-- Server version	8.0.36

/*!40101 SET @OLD_CHARACTER_SET_CLIENT=@@CHARACTER_SET_CLIENT */;
/*!40101 SET @OLD_CHARACTER_SET_RESULTS=@@CHARACTER_SET_RESULTS */;
/*!40101 SET @OLD_COLLATION_CONNECTION=@@COLLATION_CONNECTION */;
/*!50503 SET NAMES utf8mb4 */;
/*!40103 SET @OLD_TIME_ZONE=@@TIME_ZONE */;
/*!40103 SET TIME_ZONE='+00:00' */;
/*!40014 SET @OLD_UNIQUE_CHECKS=@@UNIQUE_CHECKS, UNIQUE_CHECKS=0 */;
/*!40014 SET @OLD_FOREIGN_KEY_CHECKS=@@FOREIGN_KEY_CHECKS, FOREIGN_KEY_CHECKS=0 */;
/*!40101 SET @OLD_SQL_MODE=@@SQL_MODE, SQL_MODE='NO_AUTO_VALUE_ON_ZERO' */;
/*!40111 SET @OLD_SQL_NOTES=@@SQL_NOTES, SQL_NOTES=0 */;

--
-- Table structure for table `activations`
--

DROP TABLE IF EXISTS `activations`;
/*!40101 SET @saved_cs_client     = @@character_set_client */;
/*!50503 SET character_set_client = utf8mb4 */;
CREATE TABLE `activations` (
  `id` bigint unsigned NOT NULL AUTO_INCREMENT,
  `user_id` bigint unsigned NOT NULL,
  `code` varchar(120) COLLATE utf8mb4_unicode_ci NOT NULL,
  `completed` tinyint(1) NOT NULL DEFAULT '0',
  `completed_at` timestamp NULL DEFAULT NULL,
  `created_at` timestamp NULL DEFAULT NULL,
  `updated_at` timestamp NULL DEFAULT NULL,
  PRIMARY KEY (`id`),
  KEY `activations_user_id_index` (`user_id`)
) ENGINE=InnoDB AUTO_INCREMENT=2 DEFAULT CHARSET=utf8mb4 COLLATE=utf8mb4_unicode_ci;
/*!40101 SET character_set_client = @saved_cs_client */;

--
-- Dumping data for table `activations`
--

LOCK TABLES `activations` WRITE;
/*!40000 ALTER TABLE `activations` DISABLE KEYS */;
INSERT INTO `activations` VALUES (1,1,'At6nxJgxhjy8klZfQBz3e6ag1ymalTA2',1,'2024-08-09 11:03:17','2024-08-09 11:03:17','2024-08-09 11:03:17');
/*!40000 ALTER TABLE `activations` ENABLE KEYS */;
UNLOCK TABLES;

--
-- Table structure for table `admin_notifications`
--

DROP TABLE IF EXISTS `admin_notifications`;
/*!40101 SET @saved_cs_client     = @@character_set_client */;
/*!50503 SET character_set_client = utf8mb4 */;
CREATE TABLE `admin_notifications` (
  `id` bigint unsigned NOT NULL AUTO_INCREMENT,
  `title` varchar(191) COLLATE utf8mb4_unicode_ci NOT NULL,
  `action_label` varchar(191) COLLATE utf8mb4_unicode_ci DEFAULT NULL,
  `action_url` varchar(191) COLLATE utf8mb4_unicode_ci DEFAULT NULL,
  `description` varchar(400) COLLATE utf8mb4_unicode_ci DEFAULT NULL,
  `read_at` timestamp NULL DEFAULT NULL,
  `created_at` timestamp NULL DEFAULT NULL,
  `updated_at` timestamp NULL DEFAULT NULL,
  `permission` varchar(191) COLLATE utf8mb4_unicode_ci DEFAULT NULL,
  PRIMARY KEY (`id`)
) ENGINE=InnoDB DEFAULT CHARSET=utf8mb4 COLLATE=utf8mb4_unicode_ci;
/*!40101 SET character_set_client = @saved_cs_client */;

--
-- Dumping data for table `admin_notifications`
--

LOCK TABLES `admin_notifications` WRITE;
/*!40000 ALTER TABLE `admin_notifications` DISABLE KEYS */;
/*!40000 ALTER TABLE `admin_notifications` ENABLE KEYS */;
UNLOCK TABLES;

--
-- Table structure for table `ads`
--

DROP TABLE IF EXISTS `ads`;
/*!40101 SET @saved_cs_client     = @@character_set_client */;
/*!50503 SET character_set_client = utf8mb4 */;
CREATE TABLE `ads` (
  `id` bigint unsigned NOT NULL AUTO_INCREMENT,
  `name` varchar(191) COLLATE utf8mb4_unicode_ci NOT NULL,
  `expired_at` datetime DEFAULT NULL,
  `location` varchar(120) COLLATE utf8mb4_unicode_ci DEFAULT NULL,
  `key` varchar(120) COLLATE utf8mb4_unicode_ci NOT NULL,
  `image` varchar(191) COLLATE utf8mb4_unicode_ci DEFAULT NULL,
  `url` varchar(191) COLLATE utf8mb4_unicode_ci DEFAULT NULL,
  `clicked` bigint NOT NULL DEFAULT '0',
  `order` int DEFAULT '0',
  `status` varchar(60) COLLATE utf8mb4_unicode_ci NOT NULL DEFAULT 'published',
  `created_at` timestamp NULL DEFAULT NULL,
  `updated_at` timestamp NULL DEFAULT NULL,
  `open_in_new_tab` tinyint(1) NOT NULL DEFAULT '1',
  `tablet_image` varchar(191) COLLATE utf8mb4_unicode_ci DEFAULT NULL,
  `mobile_image` varchar(191) COLLATE utf8mb4_unicode_ci DEFAULT NULL,
  `ads_type` varchar(191) COLLATE utf8mb4_unicode_ci DEFAULT NULL,
  `google_adsense_slot_id` varchar(191) COLLATE utf8mb4_unicode_ci DEFAULT NULL,
  PRIMARY KEY (`id`),
  UNIQUE KEY `ads_key_unique` (`key`)
) ENGINE=InnoDB DEFAULT CHARSET=utf8mb4 COLLATE=utf8mb4_unicode_ci;
/*!40101 SET character_set_client = @saved_cs_client */;

--
-- Dumping data for table `ads`
--

LOCK TABLES `ads` WRITE;
/*!40000 ALTER TABLE `ads` DISABLE KEYS */;
/*!40000 ALTER TABLE `ads` ENABLE KEYS */;
UNLOCK TABLES;

--
-- Table structure for table `ads_translations`
--

DROP TABLE IF EXISTS `ads_translations`;
/*!40101 SET @saved_cs_client     = @@character_set_client */;
/*!50503 SET character_set_client = utf8mb4 */;
CREATE TABLE `ads_translations` (
  `lang_code` varchar(191) COLLATE utf8mb4_unicode_ci NOT NULL,
  `ads_id` bigint unsigned NOT NULL,
  `name` varchar(191) COLLATE utf8mb4_unicode_ci DEFAULT NULL,
  `image` varchar(191) COLLATE utf8mb4_unicode_ci DEFAULT NULL,
  `url` varchar(191) COLLATE utf8mb4_unicode_ci DEFAULT NULL,
  PRIMARY KEY (`lang_code`,`ads_id`)
) ENGINE=InnoDB DEFAULT CHARSET=utf8mb4 COLLATE=utf8mb4_unicode_ci;
/*!40101 SET character_set_client = @saved_cs_client */;

--
-- Dumping data for table `ads_translations`
--

LOCK TABLES `ads_translations` WRITE;
/*!40000 ALTER TABLE `ads_translations` DISABLE KEYS */;
/*!40000 ALTER TABLE `ads_translations` ENABLE KEYS */;
UNLOCK TABLES;

--
-- Table structure for table `announcements`
--

DROP TABLE IF EXISTS `announcements`;
/*!40101 SET @saved_cs_client     = @@character_set_client */;
/*!50503 SET character_set_client = utf8mb4 */;
CREATE TABLE `announcements` (
  `id` bigint unsigned NOT NULL AUTO_INCREMENT,
  `name` varchar(191) COLLATE utf8mb4_unicode_ci NOT NULL,
  `content` text COLLATE utf8mb4_unicode_ci NOT NULL,
  `has_action` tinyint(1) NOT NULL DEFAULT '0',
  `action_label` varchar(60) COLLATE utf8mb4_unicode_ci DEFAULT NULL,
  `action_url` varchar(400) COLLATE utf8mb4_unicode_ci DEFAULT NULL,
  `action_open_new_tab` tinyint(1) NOT NULL DEFAULT '0',
  `dismissible` tinyint(1) NOT NULL DEFAULT '0',
  `start_date` datetime DEFAULT NULL,
  `end_date` datetime DEFAULT NULL,
  `is_active` tinyint(1) NOT NULL DEFAULT '1',
  `created_at` timestamp NULL DEFAULT NULL,
  `updated_at` timestamp NULL DEFAULT NULL,
  PRIMARY KEY (`id`)
) ENGINE=InnoDB AUTO_INCREMENT=4 DEFAULT CHARSET=utf8mb4 COLLATE=utf8mb4_unicode_ci;
/*!40101 SET character_set_client = @saved_cs_client */;

--
-- Dumping data for table `announcements`
--

LOCK TABLES `announcements` WRITE;
/*!40000 ALTER TABLE `announcements` DISABLE KEYS */;
INSERT INTO `announcements` VALUES (1,'Announcement 1','Cyber Monday: Save big on the Creative Cloud All Apps plan for individuals through 2 Dec',0,NULL,NULL,0,1,'2024-08-09 18:03:30',NULL,1,'2024-08-09 11:03:30','2024-08-09 11:03:30'),(2,'Announcement 2','Students and teachers save a massive 71% on Creative Cloud All Apps',0,NULL,NULL,0,1,'2024-08-09 18:03:30',NULL,1,'2024-08-09 11:03:30','2024-08-09 11:03:30'),(3,'Announcement 3','Black Friday and Cyber Monday 2023 Deals for Motion Designers, grab it now!',0,NULL,NULL,0,1,'2024-08-09 18:03:30',NULL,1,'2024-08-09 11:03:30','2024-08-09 11:03:30');
/*!40000 ALTER TABLE `announcements` ENABLE KEYS */;
UNLOCK TABLES;

--
-- Table structure for table `announcements_translations`
--

DROP TABLE IF EXISTS `announcements_translations`;
/*!40101 SET @saved_cs_client     = @@character_set_client */;
/*!50503 SET character_set_client = utf8mb4 */;
CREATE TABLE `announcements_translations` (
  `lang_code` varchar(191) COLLATE utf8mb4_unicode_ci NOT NULL,
  `announcements_id` bigint unsigned NOT NULL,
  `content` text COLLATE utf8mb4_unicode_ci,
  PRIMARY KEY (`lang_code`,`announcements_id`)
) ENGINE=InnoDB DEFAULT CHARSET=utf8mb4 COLLATE=utf8mb4_unicode_ci;
/*!40101 SET character_set_client = @saved_cs_client */;

--
-- Dumping data for table `announcements_translations`
--

LOCK TABLES `announcements_translations` WRITE;
/*!40000 ALTER TABLE `announcements_translations` DISABLE KEYS */;
/*!40000 ALTER TABLE `announcements_translations` ENABLE KEYS */;
UNLOCK TABLES;

--
-- Table structure for table `audit_histories`
--

DROP TABLE IF EXISTS `audit_histories`;
/*!40101 SET @saved_cs_client     = @@character_set_client */;
/*!50503 SET character_set_client = utf8mb4 */;
CREATE TABLE `audit_histories` (
  `id` bigint unsigned NOT NULL AUTO_INCREMENT,
  `user_id` bigint unsigned NOT NULL,
  `module` varchar(60) COLLATE utf8mb4_unicode_ci NOT NULL,
  `request` longtext COLLATE utf8mb4_unicode_ci,
  `action` varchar(120) COLLATE utf8mb4_unicode_ci NOT NULL,
  `user_agent` text COLLATE utf8mb4_unicode_ci,
  `ip_address` varchar(45) COLLATE utf8mb4_unicode_ci DEFAULT NULL,
  `reference_user` bigint unsigned NOT NULL,
  `reference_id` bigint unsigned NOT NULL,
  `reference_name` varchar(191) COLLATE utf8mb4_unicode_ci NOT NULL,
  `type` varchar(20) COLLATE utf8mb4_unicode_ci NOT NULL,
  `created_at` timestamp NULL DEFAULT NULL,
  `updated_at` timestamp NULL DEFAULT NULL,
  PRIMARY KEY (`id`),
  KEY `audit_histories_user_id_index` (`user_id`),
  KEY `audit_histories_module_index` (`module`)
) ENGINE=InnoDB DEFAULT CHARSET=utf8mb4 COLLATE=utf8mb4_unicode_ci;
/*!40101 SET character_set_client = @saved_cs_client */;

--
-- Dumping data for table `audit_histories`
--

LOCK TABLES `audit_histories` WRITE;
/*!40000 ALTER TABLE `audit_histories` DISABLE KEYS */;
/*!40000 ALTER TABLE `audit_histories` ENABLE KEYS */;
UNLOCK TABLES;

--
-- Table structure for table `categories`
--

DROP TABLE IF EXISTS `categories`;
/*!40101 SET @saved_cs_client     = @@character_set_client */;
/*!50503 SET character_set_client = utf8mb4 */;
CREATE TABLE `categories` (
  `id` bigint unsigned NOT NULL AUTO_INCREMENT,
  `name` varchar(120) COLLATE utf8mb4_unicode_ci NOT NULL,
  `parent_id` bigint unsigned NOT NULL DEFAULT '0',
  `description` varchar(400) COLLATE utf8mb4_unicode_ci DEFAULT NULL,
  `status` varchar(60) COLLATE utf8mb4_unicode_ci NOT NULL DEFAULT 'published',
  `author_id` bigint unsigned DEFAULT NULL,
  `author_type` varchar(191) COLLATE utf8mb4_unicode_ci NOT NULL DEFAULT 'Botble\\ACL\\Models\\User',
  `icon` varchar(60) COLLATE utf8mb4_unicode_ci DEFAULT NULL,
  `order` int unsigned NOT NULL DEFAULT '0',
  `is_featured` tinyint NOT NULL DEFAULT '0',
  `is_default` tinyint unsigned NOT NULL DEFAULT '0',
  `created_at` timestamp NULL DEFAULT NULL,
  `updated_at` timestamp NULL DEFAULT NULL,
  PRIMARY KEY (`id`),
  KEY `categories_parent_id_index` (`parent_id`),
  KEY `categories_status_index` (`status`),
  KEY `categories_created_at_index` (`created_at`)
) ENGINE=InnoDB AUTO_INCREMENT=9 DEFAULT CHARSET=utf8mb4 COLLATE=utf8mb4_unicode_ci;
/*!40101 SET character_set_client = @saved_cs_client */;

--
-- Dumping data for table `categories`
--

LOCK TABLES `categories` WRITE;
/*!40000 ALTER TABLE `categories` DISABLE KEYS */;
INSERT INTO `categories` VALUES (1,'Uncategorized',0,'Tempora corporis sint harum numquam. Optio assumenda voluptas qui enim dolorem suscipit maxime id.','published',1,'Botble\\ACL\\Models\\User',NULL,0,0,0,'2024-08-09 11:03:29','2024-08-09 11:03:29'),(2,'Videos',0,'Illum nihil dolor totam. Nulla quis architecto est. Quidem tempora quos aliquid.','published',1,'Botble\\ACL\\Models\\User',NULL,0,1,0,'2024-08-09 11:03:29','2024-08-09 11:03:29'),(3,'Business',0,'Minus voluptas quo dolorem deserunt amet magnam. Voluptas sunt cupiditate qui voluptas.','published',1,'Botble\\ACL\\Models\\User',NULL,0,1,0,'2024-08-09 11:03:29','2024-08-09 11:03:29'),(4,'Entertainment',0,'Quia delectus animi et. Aliquid accusamus vel nemo quidem harum qui. Voluptas sit delectus voluptatem animi.','published',1,'Botble\\ACL\\Models\\User',NULL,0,1,0,'2024-08-09 11:03:29','2024-08-09 11:03:29'),(5,'Travel',0,'In accusantium cupiditate vel est rem vitae aperiam. Nihil sed debitis quo. Dolores aliquam nesciunt enim sit.','published',1,'Botble\\ACL\\Models\\User',NULL,0,1,0,'2024-08-09 11:03:29','2024-08-09 11:03:29'),(6,'Podcasts',0,'Nam eos consequuntur laudantium iusto aperiam necessitatibus. Eos aut doloribus voluptatem adipisci dolor quia. Neque libero qui vel quibusdam. Ad est doloribus quo cumque neque tempore maxime modi.','published',1,'Botble\\ACL\\Models\\User',NULL,0,1,0,'2024-08-09 11:03:29','2024-08-09 11:03:29'),(7,'Healthy',0,'Ut rerum laudantium natus consequatur inventore. Qui voluptas molestiae qui aut est aliquam. Ut pariatur ut est reprehenderit aspernatur enim. Laboriosam asperiores officia sed at.','published',1,'Botble\\ACL\\Models\\User',NULL,0,1,0,'2024-08-09 11:03:29','2024-08-09 11:03:29'),(8,'Sport',0,'Corrupti autem vel id odit odio dolorem numquam nam. Natus nemo corporis ut magni nesciunt consequatur.','published',1,'Botble\\ACL\\Models\\User',NULL,0,1,0,'2024-08-09 11:03:29','2024-08-09 11:03:29');
/*!40000 ALTER TABLE `categories` ENABLE KEYS */;
UNLOCK TABLES;

--
-- Table structure for table `categories_translations`
--

DROP TABLE IF EXISTS `categories_translations`;
/*!40101 SET @saved_cs_client     = @@character_set_client */;
/*!50503 SET character_set_client = utf8mb4 */;
CREATE TABLE `categories_translations` (
  `lang_code` varchar(20) COLLATE utf8mb4_unicode_ci NOT NULL,
  `categories_id` bigint unsigned NOT NULL,
  `name` varchar(191) COLLATE utf8mb4_unicode_ci DEFAULT NULL,
  `description` varchar(400) COLLATE utf8mb4_unicode_ci DEFAULT NULL,
  PRIMARY KEY (`lang_code`,`categories_id`)
) ENGINE=InnoDB DEFAULT CHARSET=utf8mb4 COLLATE=utf8mb4_unicode_ci;
/*!40101 SET character_set_client = @saved_cs_client */;

--
-- Dumping data for table `categories_translations`
--

LOCK TABLES `categories_translations` WRITE;
/*!40000 ALTER TABLE `categories_translations` DISABLE KEYS */;
/*!40000 ALTER TABLE `categories_translations` ENABLE KEYS */;
UNLOCK TABLES;

--
-- Table structure for table `contact_custom_field_options`
--

DROP TABLE IF EXISTS `contact_custom_field_options`;
/*!40101 SET @saved_cs_client     = @@character_set_client */;
/*!50503 SET character_set_client = utf8mb4 */;
CREATE TABLE `contact_custom_field_options` (
  `id` bigint unsigned NOT NULL AUTO_INCREMENT,
  `custom_field_id` bigint unsigned NOT NULL,
  `label` varchar(191) COLLATE utf8mb4_unicode_ci DEFAULT NULL,
  `value` varchar(191) COLLATE utf8mb4_unicode_ci NOT NULL,
  `order` int NOT NULL DEFAULT '999',
  `created_at` timestamp NULL DEFAULT NULL,
  `updated_at` timestamp NULL DEFAULT NULL,
  PRIMARY KEY (`id`)
) ENGINE=InnoDB DEFAULT CHARSET=utf8mb4 COLLATE=utf8mb4_unicode_ci;
/*!40101 SET character_set_client = @saved_cs_client */;

--
-- Dumping data for table `contact_custom_field_options`
--

LOCK TABLES `contact_custom_field_options` WRITE;
/*!40000 ALTER TABLE `contact_custom_field_options` DISABLE KEYS */;
/*!40000 ALTER TABLE `contact_custom_field_options` ENABLE KEYS */;
UNLOCK TABLES;

--
-- Table structure for table `contact_custom_field_options_translations`
--

DROP TABLE IF EXISTS `contact_custom_field_options_translations`;
/*!40101 SET @saved_cs_client     = @@character_set_client */;
/*!50503 SET character_set_client = utf8mb4 */;
CREATE TABLE `contact_custom_field_options_translations` (
  `contact_custom_field_options_id` bigint unsigned NOT NULL,
  `lang_code` varchar(191) COLLATE utf8mb4_unicode_ci NOT NULL,
  `label` varchar(191) COLLATE utf8mb4_unicode_ci DEFAULT NULL,
  `value` varchar(191) COLLATE utf8mb4_unicode_ci DEFAULT NULL,
  PRIMARY KEY (`lang_code`,`contact_custom_field_options_id`)
) ENGINE=InnoDB DEFAULT CHARSET=utf8mb4 COLLATE=utf8mb4_unicode_ci;
/*!40101 SET character_set_client = @saved_cs_client */;

--
-- Dumping data for table `contact_custom_field_options_translations`
--

LOCK TABLES `contact_custom_field_options_translations` WRITE;
/*!40000 ALTER TABLE `contact_custom_field_options_translations` DISABLE KEYS */;
/*!40000 ALTER TABLE `contact_custom_field_options_translations` ENABLE KEYS */;
UNLOCK TABLES;

--
-- Table structure for table `contact_custom_fields`
--

DROP TABLE IF EXISTS `contact_custom_fields`;
/*!40101 SET @saved_cs_client     = @@character_set_client */;
/*!50503 SET character_set_client = utf8mb4 */;
CREATE TABLE `contact_custom_fields` (
  `id` bigint unsigned NOT NULL AUTO_INCREMENT,
  `type` varchar(191) COLLATE utf8mb4_unicode_ci NOT NULL,
  `required` tinyint(1) NOT NULL DEFAULT '0',
  `name` varchar(191) COLLATE utf8mb4_unicode_ci NOT NULL,
  `placeholder` varchar(191) COLLATE utf8mb4_unicode_ci DEFAULT NULL,
  `order` int NOT NULL DEFAULT '999',
  `status` varchar(191) COLLATE utf8mb4_unicode_ci NOT NULL DEFAULT 'published',
  `created_at` timestamp NULL DEFAULT NULL,
  `updated_at` timestamp NULL DEFAULT NULL,
  PRIMARY KEY (`id`)
) ENGINE=InnoDB DEFAULT CHARSET=utf8mb4 COLLATE=utf8mb4_unicode_ci;
/*!40101 SET character_set_client = @saved_cs_client */;

--
-- Dumping data for table `contact_custom_fields`
--

LOCK TABLES `contact_custom_fields` WRITE;
/*!40000 ALTER TABLE `contact_custom_fields` DISABLE KEYS */;
/*!40000 ALTER TABLE `contact_custom_fields` ENABLE KEYS */;
UNLOCK TABLES;

--
-- Table structure for table `contact_custom_fields_translations`
--

DROP TABLE IF EXISTS `contact_custom_fields_translations`;
/*!40101 SET @saved_cs_client     = @@character_set_client */;
/*!50503 SET character_set_client = utf8mb4 */;
CREATE TABLE `contact_custom_fields_translations` (
  `contact_custom_fields_id` bigint unsigned NOT NULL,
  `lang_code` varchar(191) COLLATE utf8mb4_unicode_ci NOT NULL,
  `name` varchar(191) COLLATE utf8mb4_unicode_ci DEFAULT NULL,
  `placeholder` varchar(191) COLLATE utf8mb4_unicode_ci DEFAULT NULL,
  PRIMARY KEY (`lang_code`,`contact_custom_fields_id`)
) ENGINE=InnoDB DEFAULT CHARSET=utf8mb4 COLLATE=utf8mb4_unicode_ci;
/*!40101 SET character_set_client = @saved_cs_client */;

--
-- Dumping data for table `contact_custom_fields_translations`
--

LOCK TABLES `contact_custom_fields_translations` WRITE;
/*!40000 ALTER TABLE `contact_custom_fields_translations` DISABLE KEYS */;
/*!40000 ALTER TABLE `contact_custom_fields_translations` ENABLE KEYS */;
UNLOCK TABLES;

--
-- Table structure for table `contact_replies`
--

DROP TABLE IF EXISTS `contact_replies`;
/*!40101 SET @saved_cs_client     = @@character_set_client */;
/*!50503 SET character_set_client = utf8mb4 */;
CREATE TABLE `contact_replies` (
  `id` bigint unsigned NOT NULL AUTO_INCREMENT,
  `message` longtext COLLATE utf8mb4_unicode_ci NOT NULL,
  `contact_id` bigint unsigned NOT NULL,
  `created_at` timestamp NULL DEFAULT NULL,
  `updated_at` timestamp NULL DEFAULT NULL,
  PRIMARY KEY (`id`)
) ENGINE=InnoDB DEFAULT CHARSET=utf8mb4 COLLATE=utf8mb4_unicode_ci;
/*!40101 SET character_set_client = @saved_cs_client */;

--
-- Dumping data for table `contact_replies`
--

LOCK TABLES `contact_replies` WRITE;
/*!40000 ALTER TABLE `contact_replies` DISABLE KEYS */;
/*!40000 ALTER TABLE `contact_replies` ENABLE KEYS */;
UNLOCK TABLES;

--
-- Table structure for table `contacts`
--

DROP TABLE IF EXISTS `contacts`;
/*!40101 SET @saved_cs_client     = @@character_set_client */;
/*!50503 SET character_set_client = utf8mb4 */;
CREATE TABLE `contacts` (
  `id` bigint unsigned NOT NULL AUTO_INCREMENT,
  `name` varchar(60) COLLATE utf8mb4_unicode_ci NOT NULL,
  `email` varchar(60) COLLATE utf8mb4_unicode_ci DEFAULT NULL,
  `phone` varchar(60) COLLATE utf8mb4_unicode_ci DEFAULT NULL,
  `address` varchar(120) COLLATE utf8mb4_unicode_ci DEFAULT NULL,
  `subject` varchar(120) COLLATE utf8mb4_unicode_ci DEFAULT NULL,
  `content` longtext COLLATE utf8mb4_unicode_ci NOT NULL,
  `custom_fields` text COLLATE utf8mb4_unicode_ci,
  `status` varchar(60) COLLATE utf8mb4_unicode_ci NOT NULL DEFAULT 'unread',
  `created_at` timestamp NULL DEFAULT NULL,
  `updated_at` timestamp NULL DEFAULT NULL,
  PRIMARY KEY (`id`)
) ENGINE=InnoDB AUTO_INCREMENT=11 DEFAULT CHARSET=utf8mb4 COLLATE=utf8mb4_unicode_ci;
/*!40101 SET character_set_client = @saved_cs_client */;

--
-- Dumping data for table `contacts`
--

LOCK TABLES `contacts` WRITE;
/*!40000 ALTER TABLE `contacts` DISABLE KEYS */;
INSERT INTO `contacts` VALUES (1,'Ms. Loren Howe PhD','lesch.myrtice@example.com','+1-458-769-7029','85523 Drew Ports Suite 699\nLeschtown, SC 70900','Culpa facilis quidem placeat tempore veritatis.','Dolorem est ipsum hic culpa ut saepe. Sunt voluptatibus repudiandae ut voluptatum aspernatur minima similique. Aut distinctio tenetur at suscipit nulla dolor. Debitis voluptatibus distinctio laborum iusto sapiente quia. Modi laborum adipisci cupiditate. Vero fugiat incidunt sint est. Et dolores aut quia vitae nam. Illum velit in voluptatum est tenetur. Sit quos id ullam modi. Odit qui eos ipsam aut quidem beatae rerum. Repudiandae occaecati aut quia delectus quia.',NULL,'read','2024-08-09 11:03:17','2024-08-09 11:03:17'),(2,'Mr. Imani Davis','maximilian.crist@example.net','1-478-614-3521','2062 Beahan View\nNorth Dillon, ID 60123-9921','Suscipit consequuntur sint est amet.','Et itaque possimus quia aut sit adipisci. Voluptate magni id ipsam voluptatibus vero voluptatum est optio. Ut corrupti sint aspernatur suscipit libero ex. Natus ex possimus fugiat doloremque aut velit voluptatum. Dignissimos ab minus quos fugiat. Quae dolorum aut repellat dolor omnis aliquam. Dolores similique non et vitae ut. Neque assumenda ducimus provident. A doloribus nihil distinctio amet est omnis.',NULL,'unread','2024-08-09 11:03:17','2024-08-09 11:03:17'),(3,'Jayson Sipes','wilton11@example.net','865-968-1748','261 Loraine Camp\nNorth Lolita, KY 19914','Aut et eius aut.','Quaerat quibusdam autem accusamus est fugiat assumenda. Asperiores culpa sit et vero illum qui. Minima quod recusandae architecto nihil non facere blanditiis. Omnis nam occaecati nihil natus incidunt quis. Magnam voluptas harum vel vero sed. Nobis dicta qui nisi vel vitae error amet vitae. Voluptas ut id enim perspiciatis asperiores voluptatibus. Et in ea dolor nihil sed architecto laboriosam. Cum ad eveniet ea. Itaque pariatur iure aut aspernatur sed. Sequi qui dignissimos omnis aut.',NULL,'read','2024-08-09 11:03:17','2024-08-09 11:03:17'),(4,'Marianna Rau','ohara.daija@example.com','765-223-3728','7002 Kailee Way Suite 116\nNorth Blancafort, PA 51348-2389','Debitis minus et quos qui beatae in.','Quia est qui est. Voluptas libero beatae necessitatibus. A distinctio soluta sunt. Minima aliquam quis voluptas non id. Nihil aut eius inventore debitis voluptatem tempore voluptatum. Quo voluptatem ab dolorem sit quidem et. Earum et provident autem ea. Tenetur repudiandae a unde qui hic iure voluptas. Quos quia id corporis architecto quis quo. Eligendi molestias ea impedit esse dolorem non. Eum est aliquam consequatur facere a impedit.',NULL,'unread','2024-08-09 11:03:17','2024-08-09 11:03:17'),(5,'Dr. Agnes Kunze III','dorris42@example.org','+1-931-926-3094','8463 Ernser Crossroad\nNorth Ayden, NH 05356','Molestiae voluptatum iure est excepturi.','Natus omnis illo rem perspiciatis. Doloremque minima incidunt tenetur iste nam. Harum natus consequatur dolorum illo ut esse. Et facilis mollitia aut molestiae harum. Libero voluptas et blanditiis explicabo dolores. Minima esse at occaecati possimus dolore. Et sint nisi aut nostrum ut. Debitis necessitatibus consectetur voluptas numquam. Veritatis dolor aut ducimus labore.',NULL,'read','2024-08-09 11:03:17','2024-08-09 11:03:17'),(6,'Merritt Hagenes Sr.','habshire@example.net','1-337-872-5559','78666 Royce Green\nKundehaven, MO 42694','Eaque ullam dolores ex a officia.','Eveniet dolor fugiat aut nihil non ullam maxime. Deleniti enim est consequuntur quisquam provident repellat. Tenetur est aliquid tempore veritatis. Deleniti minima voluptas deserunt voluptas voluptatem. A nostrum et non aut. Aut aut harum magni officiis id eos provident. Qui qui consectetur rem beatae quia. Dolores ut est adipisci non dolorum non. Aut dolores vel architecto dolores et sint. Sunt dolores omnis autem. Qui doloribus illo pariatur tenetur. Sequi dolor qui est voluptatem.',NULL,'read','2024-08-09 11:03:17','2024-08-09 11:03:17'),(7,'Hillary Hill','gage.schowalter@example.org','754.223.1121','4088 Spinka Camp\nLeuschkechester, VA 68162','Hic itaque deserunt nisi voluptas.','Dicta sed ab eum unde et aliquam. Odio et quae esse voluptatem ipsa nostrum. Ad assumenda animi maxime. Laboriosam velit sed sequi deserunt harum animi. Aspernatur qui ad quae nulla aut quas ipsa saepe. Necessitatibus amet accusamus quam nam nihil voluptatem. Sequi et inventore quo velit porro possimus voluptate. Dolores optio libero culpa ea impedit neque natus. Odit velit nisi quia perspiciatis dolore voluptatibus. Optio est incidunt quo sed nihil. Dolore velit odio unde eaque ipsam nam et.',NULL,'read','2024-08-09 11:03:17','2024-08-09 11:03:17'),(8,'Hermann Rosenbaum','ashtyn.gulgowski@example.org','1-406-909-4440','9051 Bret Hill\nHudsonborough, VT 75833','Quasi magnam similique similique esse.','Error dolore rerum ullam exercitationem omnis at. Quo ducimus delectus ullam dolorum dolorum quas fugit amet. Aut delectus qui est minus. Nam velit aliquid rerum incidunt at dolores quaerat quis. Deleniti nam quam ut atque quis ad. Illum omnis consequatur quia quos. Quidem corporis quisquam fugit adipisci veniam molestiae. Aut omnis soluta at itaque corrupti est numquam doloribus. Et necessitatibus possimus quas rerum cum est sunt ipsam. Quos exercitationem nulla et qui eos.',NULL,'read','2024-08-09 11:03:17','2024-08-09 11:03:17'),(9,'Crystel Kautzer','hackett.kenya@example.com','818-900-5962','52522 Hilario Wall\nNorth Barbara, CT 69320-1249','Amet porro natus et quia non sit quibusdam ut.','Est est possimus necessitatibus assumenda ea est. Dolor sapiente aut saepe beatae ab. Illo ut occaecati et perspiciatis illum quas sapiente. Ut expedita ut vero ut modi nihil sit. Est quaerat vero perspiciatis est quis. Vel quos inventore porro odit. Eaque voluptas magni inventore facere. Quo rerum non doloribus vitae. Delectus quaerat nemo sint aut velit. Ea quis nihil autem facere quis repudiandae. Sit enim neque et quasi. Enim fugiat eligendi illo.',NULL,'read','2024-08-09 11:03:17','2024-08-09 11:03:17'),(10,'Aiden Crona','lueilwitz.marcia@example.net','601-281-6376','614 Dion Trail Apt. 293\nKonopelskistad, MA 73245-7203','Quibusdam voluptas hic iste.','Velit sequi eius quis et exercitationem et facere. Numquam autem possimus quisquam at aut minus quibusdam. Dolore accusantium rerum quidem non. Iure dolorum aut vel itaque iste. Nam dolores blanditiis soluta earum. Consequatur id voluptatibus ea facere. Aspernatur dolor molestias eius culpa minima animi officiis. Sequi repellendus dolorum temporibus. Culpa quibusdam odio occaecati autem quasi dolor eos. Quia est vel iusto voluptas doloribus nobis.',NULL,'read','2024-08-09 11:03:17','2024-08-09 11:03:17');
/*!40000 ALTER TABLE `contacts` ENABLE KEYS */;
UNLOCK TABLES;

--
-- Table structure for table `dashboard_widget_settings`
--

DROP TABLE IF EXISTS `dashboard_widget_settings`;
/*!40101 SET @saved_cs_client     = @@character_set_client */;
/*!50503 SET character_set_client = utf8mb4 */;
CREATE TABLE `dashboard_widget_settings` (
  `id` bigint unsigned NOT NULL AUTO_INCREMENT,
  `settings` text COLLATE utf8mb4_unicode_ci,
  `user_id` bigint unsigned NOT NULL,
  `widget_id` bigint unsigned NOT NULL,
  `order` tinyint unsigned NOT NULL DEFAULT '0',
  `status` tinyint unsigned NOT NULL DEFAULT '1',
  `created_at` timestamp NULL DEFAULT NULL,
  `updated_at` timestamp NULL DEFAULT NULL,
  PRIMARY KEY (`id`),
  KEY `dashboard_widget_settings_user_id_index` (`user_id`),
  KEY `dashboard_widget_settings_widget_id_index` (`widget_id`)
) ENGINE=InnoDB DEFAULT CHARSET=utf8mb4 COLLATE=utf8mb4_unicode_ci;
/*!40101 SET character_set_client = @saved_cs_client */;

--
-- Dumping data for table `dashboard_widget_settings`
--

LOCK TABLES `dashboard_widget_settings` WRITE;
/*!40000 ALTER TABLE `dashboard_widget_settings` DISABLE KEYS */;
/*!40000 ALTER TABLE `dashboard_widget_settings` ENABLE KEYS */;
UNLOCK TABLES;

--
-- Table structure for table `dashboard_widgets`
--

DROP TABLE IF EXISTS `dashboard_widgets`;
/*!40101 SET @saved_cs_client     = @@character_set_client */;
/*!50503 SET character_set_client = utf8mb4 */;
CREATE TABLE `dashboard_widgets` (
  `id` bigint unsigned NOT NULL AUTO_INCREMENT,
  `name` varchar(120) COLLATE utf8mb4_unicode_ci NOT NULL,
  `created_at` timestamp NULL DEFAULT NULL,
  `updated_at` timestamp NULL DEFAULT NULL,
  PRIMARY KEY (`id`)
) ENGINE=InnoDB DEFAULT CHARSET=utf8mb4 COLLATE=utf8mb4_unicode_ci;
/*!40101 SET character_set_client = @saved_cs_client */;

--
-- Dumping data for table `dashboard_widgets`
--

LOCK TABLES `dashboard_widgets` WRITE;
/*!40000 ALTER TABLE `dashboard_widgets` DISABLE KEYS */;
/*!40000 ALTER TABLE `dashboard_widgets` ENABLE KEYS */;
UNLOCK TABLES;

--
-- Table structure for table `failed_jobs`
--

DROP TABLE IF EXISTS `failed_jobs`;
/*!40101 SET @saved_cs_client     = @@character_set_client */;
/*!50503 SET character_set_client = utf8mb4 */;
CREATE TABLE `failed_jobs` (
  `id` bigint unsigned NOT NULL AUTO_INCREMENT,
  `uuid` varchar(191) COLLATE utf8mb4_unicode_ci NOT NULL,
  `connection` text COLLATE utf8mb4_unicode_ci NOT NULL,
  `queue` text COLLATE utf8mb4_unicode_ci NOT NULL,
  `payload` longtext COLLATE utf8mb4_unicode_ci NOT NULL,
  `exception` longtext COLLATE utf8mb4_unicode_ci NOT NULL,
  `failed_at` timestamp NOT NULL DEFAULT CURRENT_TIMESTAMP,
  PRIMARY KEY (`id`),
  UNIQUE KEY `failed_jobs_uuid_unique` (`uuid`)
) ENGINE=InnoDB DEFAULT CHARSET=utf8mb4 COLLATE=utf8mb4_unicode_ci;
/*!40101 SET character_set_client = @saved_cs_client */;

--
-- Dumping data for table `failed_jobs`
--

LOCK TABLES `failed_jobs` WRITE;
/*!40000 ALTER TABLE `failed_jobs` DISABLE KEYS */;
/*!40000 ALTER TABLE `failed_jobs` ENABLE KEYS */;
UNLOCK TABLES;

--
-- Table structure for table `fob_comments`
--

DROP TABLE IF EXISTS `fob_comments`;
/*!40101 SET @saved_cs_client     = @@character_set_client */;
/*!50503 SET character_set_client = utf8mb4 */;
CREATE TABLE `fob_comments` (
  `id` bigint unsigned NOT NULL AUTO_INCREMENT,
  `reply_to` bigint unsigned DEFAULT NULL,
  `author_type` varchar(191) COLLATE utf8mb4_unicode_ci DEFAULT NULL,
  `author_id` bigint unsigned DEFAULT NULL,
  `reference_type` varchar(191) COLLATE utf8mb4_unicode_ci DEFAULT NULL,
  `reference_id` bigint unsigned DEFAULT NULL,
  `reference_url` varchar(255) COLLATE utf8mb4_unicode_ci DEFAULT NULL,
  `name` varchar(120) COLLATE utf8mb4_unicode_ci NOT NULL,
  `email` varchar(120) COLLATE utf8mb4_unicode_ci DEFAULT NULL,
  `website` varchar(255) COLLATE utf8mb4_unicode_ci DEFAULT NULL,
  `content` longtext COLLATE utf8mb4_unicode_ci NOT NULL,
  `status` varchar(60) COLLATE utf8mb4_unicode_ci NOT NULL DEFAULT 'pending',
  `ip_address` varchar(45) COLLATE utf8mb4_unicode_ci NOT NULL,
  `user_agent` text COLLATE utf8mb4_unicode_ci,
  `created_at` timestamp NULL DEFAULT NULL,
  `updated_at` timestamp NULL DEFAULT NULL,
  PRIMARY KEY (`id`),
  KEY `fob_comments_author_type_author_id_index` (`author_type`,`author_id`),
  KEY `fob_comments_reference_type_reference_id_index` (`reference_type`,`reference_id`),
  KEY `fob_comments_reply_to_index` (`reply_to`),
  KEY `fob_comments_reference_url_index` (`reference_url`),
  KEY `fob_comments_status_index` (`status`)
) ENGINE=InnoDB AUTO_INCREMENT=48 DEFAULT CHARSET=utf8mb4 COLLATE=utf8mb4_unicode_ci;
/*!40101 SET character_set_client = @saved_cs_client */;

--
-- Dumping data for table `fob_comments`
--

LOCK TABLES `fob_comments` WRITE;
/*!40000 ALTER TABLE `fob_comments` DISABLE KEYS */;
INSERT INTO `fob_comments` VALUES (1,NULL,'Botble\\Member\\Models\\Member',4,'Botble\\Blog\\Models\\Post',2,'http://localhost','Prof. Furman Rippin','america00@hirthe.com','https://friendsofbotble.com','This is really helpful, thank you!','approved','35.159.93.75','Mozilla/5.0 (iPhone; CPU iPhone OS 14_1 like Mac OS X) AppleWebKit/533.0 (KHTML, like Gecko) Version/15.0 EdgiOS/96.01073.99 Mobile/15E148 Safari/533.0','2024-07-23 22:32:54','2024-08-09 11:03:30'),(2,NULL,'Botble\\Member\\Models\\Member',5,'Botble\\Blog\\Models\\Post',3,'http://localhost','Abigale Cartwright','jschinner@hand.com','https://friendsofbotble.com','I found this article to be quite informative.','approved','254.78.165.85','Mozilla/5.0 (compatible; MSIE 7.0; Windows 98; Win 9x 4.90; Trident/3.0)','2024-08-03 01:01:10','2024-08-09 11:03:30'),(3,NULL,'Botble\\Member\\Models\\Member',1,'Botble\\Blog\\Models\\Post',8,'http://localhost','Cornelius Buckridge','rogahn.aryanna@oconnell.com','https://friendsofbotble.com','Wow, I never knew about this before!','approved','225.2.197.225','Mozilla/5.0 (Macintosh; Intel Mac OS X 10_7_8) AppleWebKit/535.0 (KHTML, like Gecko) Chrome/81.0.4584.31 Safari/535.0 Edg/81.01056.5','2024-07-09 18:59:01','2024-08-09 11:03:30'),(4,NULL,'Botble\\Member\\Models\\Member',3,'Botble\\Blog\\Models\\Post',16,'http://localhost','Lacey Bayer I','dana58@hotmail.com','https://friendsofbotble.com','Great job on explaining such a complex topic.','approved','106.206.55.182','Mozilla/5.0 (compatible; MSIE 5.0; Windows 98; Trident/5.0)','2024-07-21 20:59:18','2024-08-09 11:03:30'),(5,NULL,'Botble\\Member\\Models\\Member',1,'Botble\\Blog\\Models\\Post',12,'http://localhost','Mrs. Evalyn Grady Jr.','kling.destiny@schinner.com','https://friendsofbotble.com','I have a question about the third paragraph.','approved','108.150.107.94','Mozilla/5.0 (Macintosh; U; Intel Mac OS X 10_6_6 rv:3.0; nl-NL) AppleWebKit/532.15.5 (KHTML, like Gecko) Version/5.0.1 Safari/532.15.5','2024-07-15 00:17:19','2024-08-09 11:03:30'),(6,NULL,'Botble\\Member\\Models\\Member',0,'Botble\\Blog\\Models\\Post',5,'http://localhost','Warren Runolfsson','tessie70@herman.com','https://friendsofbotble.com','This article changed my perspective entirely.','approved','163.186.30.148','Mozilla/5.0 (Windows 95) AppleWebKit/5360 (KHTML, like Gecko) Chrome/37.0.832.0 Mobile Safari/5360','2024-08-02 15:15:15','2024-08-09 11:03:30'),(7,NULL,'Botble\\Member\\Models\\Member',0,'Botble\\Blog\\Models\\Post',3,'http://localhost','Evan Leannon','ltorp@barrows.info','https://friendsofbotble.com','I appreciate the effort you put into this.','approved','180.254.155.30','Opera/8.86 (Windows NT 4.0; en-US) Presto/2.10.169 Version/12.00','2024-07-22 06:11:13','2024-08-09 11:03:30'),(8,NULL,'Botble\\Member\\Models\\Member',2,'Botble\\Blog\\Models\\Post',10,'http://localhost','Domenico Haley Jr.','garland.herman@klein.org','https://friendsofbotble.com','This is exactly what I was looking for, thank you!','approved','158.7.153.19','Mozilla/5.0 (Macintosh; U; PPC Mac OS X 10_7_7 rv:5.0; sl-SI) AppleWebKit/534.23.4 (KHTML, like Gecko) Version/4.1 Safari/534.23.4','2024-08-07 05:15:43','2024-08-09 11:03:30'),(9,NULL,'Botble\\Member\\Models\\Member',7,'Botble\\Blog\\Models\\Post',10,'http://localhost','Alec Schaefer','quinten.nienow@wyman.com','https://friendsofbotble.com','I disagree with some points mentioned here, though.','approved','78.174.62.236','Mozilla/5.0 (Macintosh; PPC Mac OS X 10_5_0) AppleWebKit/5342 (KHTML, like Gecko) Chrome/38.0.804.0 Mobile Safari/5342','2024-07-17 13:19:01','2024-08-09 11:03:30'),(10,NULL,'Botble\\Member\\Models\\Member',2,'Botble\\Blog\\Models\\Post',12,'http://localhost','Prof. Junius Hills I','alena.kunde@hotmail.com','https://friendsofbotble.com','Could you provide more examples to illustrate your point?','approved','36.153.80.22','Opera/9.56 (Windows NT 6.0; en-US) Presto/2.12.352 Version/12.00','2024-07-22 18:42:59','2024-08-09 11:03:30'),(11,NULL,'Botble\\Member\\Models\\Member',7,'Botble\\Blog\\Models\\Post',19,'http://localhost','Ms. Hortense Prohaska IV','dayne36@hahn.com','https://friendsofbotble.com','I wish there were more articles like this out there.','approved','104.213.233.228','Mozilla/5.0 (X11; Linux x86_64; rv:6.0) Gecko/20120829 Firefox/35.0','2024-07-29 16:06:20','2024-08-09 11:03:30'),(12,NULL,'Botble\\Member\\Models\\Member',5,'Botble\\Blog\\Models\\Post',2,'http://localhost','Dagmar Kilback DVM','cjacobi@jacobson.biz','https://friendsofbotble.com','I\'m bookmarking this for future reference.','approved','86.183.200.68','Mozilla/5.0 (Macintosh; PPC Mac OS X 10_8_5 rv:3.0; nl-NL) AppleWebKit/531.46.3 (KHTML, like Gecko) Version/5.0.2 Safari/531.46.3','2024-08-07 12:33:46','2024-08-09 11:03:30'),(13,NULL,'Botble\\Member\\Models\\Member',1,'Botble\\Blog\\Models\\Post',4,'http://localhost','Colin Gutmann','edward67@ohara.com','https://friendsofbotble.com','I\'ve shared this with my friends, they loved it!','approved','64.229.234.68','Mozilla/5.0 (X11; Linux x86_64; rv:7.0) Gecko/20191014 Firefox/35.0','2024-07-24 23:34:44','2024-08-09 11:03:30'),(14,NULL,'Botble\\Member\\Models\\Member',7,'Botble\\Blog\\Models\\Post',13,'http://localhost','Laurine Mertz','marquardt.vickie@gmail.com','https://friendsofbotble.com','This article is a must-read for everyone interested in the topic.','approved','162.108.171.170','Opera/9.61 (X11; Linux x86_64; sl-SI) Presto/2.10.285 Version/10.00','2024-07-13 08:44:28','2024-08-09 11:03:30'),(15,NULL,'Botble\\Member\\Models\\Member',4,'Botble\\Blog\\Models\\Post',1,'http://localhost','Braden Breitenberg','camden.bergnaum@gmail.com','https://friendsofbotble.com','Thank you for shedding light on this important issue.','approved','117.15.125.80','Mozilla/5.0 (compatible; MSIE 6.0; Windows NT 6.1; Trident/4.0)','2024-07-09 17:41:41','2024-08-09 11:03:30'),(16,NULL,'Botble\\Member\\Models\\Member',1,'Botble\\Blog\\Models\\Post',14,'http://localhost','Angela McGlynn','godfrey.streich@bogan.com','https://friendsofbotble.com','I\'ve been searching for information on this topic, glad I found this article.','approved','208.4.31.1','Mozilla/5.0 (compatible; MSIE 5.0; Windows 98; Trident/5.0)','2024-07-27 13:14:44','2024-08-09 11:03:30'),(17,NULL,'Botble\\Member\\Models\\Member',0,'Botble\\Blog\\Models\\Post',12,'http://localhost','Ms. Loyce Muller DVM','sdach@gmail.com','https://friendsofbotble.com','I\'m blown away by the insights shared in this article.','approved','92.33.117.201','Mozilla/5.0 (Windows; U; Windows CE) AppleWebKit/531.19.3 (KHTML, like Gecko) Version/5.0.5 Safari/531.19.3','2024-07-17 08:37:14','2024-08-09 11:03:30'),(18,NULL,'Botble\\Member\\Models\\Member',0,'Botble\\Blog\\Models\\Post',9,'http://localhost','Violette Ernser Jr.','hirthe.jana@harvey.org','https://friendsofbotble.com','This article tackles a complex topic with clarity.','approved','113.169.165.47','Mozilla/5.0 (iPhone; CPU iPhone OS 14_1 like Mac OS X) AppleWebKit/533.2 (KHTML, like Gecko) Version/15.0 EdgiOS/80.01113.17 Mobile/15E148 Safari/533.2','2024-07-24 04:39:09','2024-08-09 11:03:30'),(19,NULL,'Botble\\Member\\Models\\Member',0,'Botble\\Blog\\Models\\Post',10,'http://localhost','Haley Hessel','dare.sienna@lindgren.info','https://friendsofbotble.com','I\'m going to reflect on the ideas presented in this article.','approved','119.179.74.73','Mozilla/5.0 (Windows CE) AppleWebKit/5312 (KHTML, like Gecko) Chrome/39.0.840.0 Mobile Safari/5312','2024-07-18 18:57:00','2024-08-09 11:03:30'),(20,NULL,'Botble\\Member\\Models\\Member',1,'Botble\\Blog\\Models\\Post',10,'http://localhost','Francis King','gregorio.schowalter@yahoo.com','https://friendsofbotble.com','The author\'s passion for the subject shines through in this article.','approved','40.93.4.32','Mozilla/5.0 (Macintosh; PPC Mac OS X 10_6_0) AppleWebKit/534.2 (KHTML, like Gecko) Chrome/99.0.4518.44 Safari/534.2 Edg/99.01114.98','2024-07-15 22:52:46','2024-08-09 11:03:30'),(21,NULL,'Botble\\Member\\Models\\Member',4,'Botble\\Blog\\Models\\Post',5,'http://localhost','Prof. Niko Kerluke','douglas.ebony@yahoo.com','https://friendsofbotble.com','This article challenged my preconceptions in a thought-provoking way.','approved','155.157.46.209','Opera/8.21 (X11; Linux i686; sl-SI) Presto/2.8.314 Version/12.00','2024-07-22 02:17:49','2024-08-09 11:03:30'),(22,NULL,'Botble\\Member\\Models\\Member',4,'Botble\\Blog\\Models\\Post',13,'http://localhost','Kayden Pouros','goldner.kim@trantow.biz','https://friendsofbotble.com','I\'ve added this article to my reading list, it\'s worth revisiting.','approved','70.46.57.156','Mozilla/5.0 (iPhone; CPU iPhone OS 13_2 like Mac OS X) AppleWebKit/534.2 (KHTML, like Gecko) Version/15.0 EdgiOS/84.01078.90 Mobile/15E148 Safari/534.2','2024-07-15 19:14:51','2024-08-09 11:03:30'),(23,NULL,'Botble\\Member\\Models\\Member',2,'Botble\\Blog\\Models\\Post',5,'http://localhost','Laura Terry','gene72@welch.com','https://friendsofbotble.com','This article offers practical advice that I can apply in real life.','approved','188.30.145.61','Opera/9.87 (X11; Linux x86_64; sl-SI) Presto/2.11.175 Version/12.00','2024-08-09 07:45:12','2024-08-09 11:03:30'),(24,NULL,'Botble\\Member\\Models\\Member',2,'Botble\\Blog\\Models\\Post',12,'http://localhost','Jeanette Bashirian','udonnelly@yahoo.com','https://friendsofbotble.com','I\'m going to recommend this article to my study group.','approved','44.142.46.193','Mozilla/5.0 (iPhone; CPU iPhone OS 13_2 like Mac OS X) AppleWebKit/533.0 (KHTML, like Gecko) Version/15.0 EdgiOS/96.01065.57 Mobile/15E148 Safari/533.0','2024-07-15 23:33:23','2024-08-09 11:03:30'),(25,NULL,'Botble\\Member\\Models\\Member',5,'Botble\\Blog\\Models\\Post',16,'http://localhost','Abdiel Heidenreich','immanuel47@schneider.com','https://friendsofbotble.com','The examples provided really helped me understand the concept better.','approved','234.141.197.120','Mozilla/5.0 (Macintosh; Intel Mac OS X 10_5_0 rv:4.0; sl-SI) AppleWebKit/535.35.6 (KHTML, like Gecko) Version/5.1 Safari/535.35.6','2024-08-02 20:42:28','2024-08-09 11:03:30'),(26,NULL,'Botble\\Member\\Models\\Member',2,'Botble\\Blog\\Models\\Post',17,'http://localhost','Merl Keeling','cparisian@prosacco.com','https://friendsofbotble.com','I resonate with the ideas presented here.','approved','254.179.177.245','Mozilla/5.0 (Macintosh; Intel Mac OS X 10_5_9) AppleWebKit/5322 (KHTML, like Gecko) Chrome/39.0.812.0 Mobile Safari/5322','2024-08-06 15:46:36','2024-08-09 11:03:30'),(27,NULL,'Botble\\Member\\Models\\Member',0,'Botble\\Blog\\Models\\Post',5,'http://localhost','Lily Heathcote','hhaag@yahoo.com','https://friendsofbotble.com','This article made me think critically about the topic.','approved','35.202.57.79','Mozilla/5.0 (compatible; MSIE 5.0; Windows NT 5.0; Trident/3.0)','2024-07-18 13:59:10','2024-08-09 11:03:30'),(28,NULL,'Botble\\Member\\Models\\Member',1,'Botble\\Blog\\Models\\Post',19,'http://localhost','Wiley Stiedemann DVM','kunze.maddison@hahn.com','https://friendsofbotble.com','I\'ll definitely come back to this article for reference.','approved','134.178.35.128','Mozilla/5.0 (compatible; MSIE 10.0; Windows NT 6.0; Trident/5.1)','2024-08-07 00:27:23','2024-08-09 11:03:30'),(29,NULL,'Botble\\Member\\Models\\Member',3,'Botble\\Blog\\Models\\Post',4,'http://localhost','Breanne Medhurst','janiya19@hotmail.com','https://friendsofbotble.com','I\'ve shared this on social media, it\'s too good not to share.','approved','147.38.104.148','Opera/9.66 (X11; Linux i686; sl-SI) Presto/2.10.174 Version/10.00','2024-08-03 01:31:17','2024-08-09 11:03:31'),(30,NULL,'Botble\\Member\\Models\\Member',1,'Botble\\Blog\\Models\\Post',13,'http://localhost','Krystina Kautzer','may.kunze@gmail.com','https://friendsofbotble.com','This article presents a balanced view on a controversial topic.','approved','87.134.122.146','Opera/9.48 (X11; Linux x86_64; en-US) Presto/2.12.203 Version/11.00','2024-08-01 03:58:14','2024-08-09 11:03:31'),(31,NULL,'Botble\\Member\\Models\\Member',6,'Botble\\Blog\\Models\\Post',6,'http://localhost','Claud Beahan','shanahan.anabel@wiza.com','https://friendsofbotble.com','I\'m glad I stumbled upon this article, it\'s a gem.','approved','110.227.92.151','Opera/8.68 (X11; Linux x86_64; nl-NL) Presto/2.10.189 Version/11.00','2024-07-22 17:17:26','2024-08-09 11:03:31'),(32,NULL,'Botble\\Member\\Models\\Member',0,'Botble\\Blog\\Models\\Post',6,'http://localhost','Dr. Hillard Hintz','idare@yahoo.com','https://friendsofbotble.com','I\'ve been struggling with this, your article helped a lot.','approved','70.146.137.240','Mozilla/5.0 (Macintosh; U; Intel Mac OS X 10_7_2 rv:4.0) Gecko/20150813 Firefox/36.0','2024-07-13 12:13:08','2024-08-09 11:03:31'),(33,NULL,'Botble\\Member\\Models\\Member',4,'Botble\\Blog\\Models\\Post',7,'http://localhost','Krystina Mante V','lkuhic@reynolds.info','https://friendsofbotble.com','I\'ve learned something new today, thanks to this article.','approved','35.36.251.232','Mozilla/5.0 (compatible; MSIE 5.0; Windows CE; Trident/4.1)','2024-08-08 15:56:09','2024-08-09 11:03:31'),(34,NULL,'Botble\\Member\\Models\\Member',0,'Botble\\Blog\\Models\\Post',1,'http://localhost','Alfred Will','hintz.donato@gmail.com','https://friendsofbotble.com','Kudos to the author for a well-researched piece.','approved','123.160.28.164','Mozilla/5.0 (X11; Linux i686; rv:6.0) Gecko/20140225 Firefox/37.0','2024-07-31 08:21:26','2024-08-09 11:03:31'),(35,NULL,'Botble\\Member\\Models\\Member',2,'Botble\\Blog\\Models\\Post',7,'http://localhost','Dr. Afton Huels','skye.morar@yahoo.com','https://friendsofbotble.com','I\'m impressed by the depth of knowledge demonstrated here.','approved','165.122.245.220','Mozilla/5.0 (Windows NT 5.1) AppleWebKit/535.0 (KHTML, like Gecko) Chrome/92.0.4169.15 Safari/535.0 Edg/92.01133.92','2024-07-20 03:49:38','2024-08-09 11:03:31'),(36,NULL,'Botble\\Member\\Models\\Member',0,'Botble\\Blog\\Models\\Post',10,'http://localhost','Dr. Raymundo Boyle','irutherford@schuppe.info','https://friendsofbotble.com','This article challenged my assumptions in a good way.','approved','255.221.242.191','Mozilla/5.0 (X11; Linux i686; rv:5.0) Gecko/20100505 Firefox/35.0','2024-07-25 23:55:35','2024-08-09 11:03:31'),(37,NULL,'Botble\\Member\\Models\\Member',3,'Botble\\Blog\\Models\\Post',9,'http://localhost','Vada Kris','anika60@yahoo.com','https://friendsofbotble.com','I\'ve shared this with my colleagues, it\'s worth discussing.','approved','30.18.33.249','Opera/9.35 (X11; Linux x86_64; nl-NL) Presto/2.9.199 Version/12.00','2024-07-10 08:36:52','2024-08-09 11:03:31'),(38,NULL,'Botble\\Member\\Models\\Member',7,'Botble\\Blog\\Models\\Post',9,'http://localhost','Sarina Altenwerth Jr.','ricky14@yahoo.com','https://friendsofbotble.com','The information presented here is very valuable.','approved','53.98.185.71','Mozilla/5.0 (Macintosh; U; Intel Mac OS X 10_8_1) AppleWebKit/533.1 (KHTML, like Gecko) Chrome/86.0.4099.39 Safari/533.1 Edg/86.01113.53','2024-08-07 02:01:09','2024-08-09 11:03:31'),(39,NULL,'Botble\\Member\\Models\\Member',2,'Botble\\Blog\\Models\\Post',9,'http://localhost','Daisha Stokes','edgardo98@hotmail.com','https://friendsofbotble.com','You have a talent for explaining complex topics clearly.','approved','7.122.126.142','Mozilla/5.0 (X11; Linux i686) AppleWebKit/5360 (KHTML, like Gecko) Chrome/38.0.869.0 Mobile Safari/5360','2024-07-26 05:46:44','2024-08-09 11:03:31'),(40,NULL,'Botble\\Member\\Models\\Member',2,'Botble\\Blog\\Models\\Post',18,'http://localhost','Mathias Powlowski','lreynolds@powlowski.org','https://friendsofbotble.com','I\'m inspired to learn more about this after reading your article.','approved','109.149.238.242','Mozilla/5.0 (compatible; MSIE 7.0; Windows 98; Trident/5.1)','2024-07-11 13:42:18','2024-08-09 11:03:31'),(41,NULL,'Botble\\Member\\Models\\Member',6,'Botble\\Blog\\Models\\Post',3,'http://localhost','Aglae Hilpert','aimee.damore@gmail.com','https://friendsofbotble.com','This article deserves wider recognition.','approved','80.163.120.94','Opera/9.64 (X11; Linux x86_64; en-US) Presto/2.8.248 Version/11.00','2024-07-14 16:24:24','2024-08-09 11:03:31'),(42,NULL,'Botble\\Member\\Models\\Member',7,'Botble\\Blog\\Models\\Post',11,'http://localhost','Reagan Marks','icole@grimes.com','https://friendsofbotble.com','I\'m grateful for the insights shared in this piece.','approved','75.119.229.153','Mozilla/5.0 (compatible; MSIE 11.0; Windows NT 6.2; Trident/5.1)','2024-07-23 13:57:39','2024-08-09 11:03:31'),(43,NULL,'Botble\\Member\\Models\\Member',7,'Botble\\Blog\\Models\\Post',14,'http://localhost','Deven Green','lloyd.spencer@yahoo.com','https://friendsofbotble.com','The author presents a balanced view on a controversial topic.','approved','52.183.189.239','Mozilla/5.0 (Macintosh; U; PPC Mac OS X 10_5_6 rv:5.0; sl-SI) AppleWebKit/534.6.1 (KHTML, like Gecko) Version/5.0 Safari/534.6.1','2024-07-12 01:56:38','2024-08-09 11:03:31'),(44,NULL,'Botble\\Member\\Models\\Member',0,'Botble\\Blog\\Models\\Post',13,'http://localhost','Dorothea Bauch','romaguera.andres@cronin.org','https://friendsofbotble.com','I\'m glad I stumbled upon this article, it\'s','approved','206.169.88.204','Mozilla/5.0 (X11; Linux x86_64) AppleWebKit/5351 (KHTML, like Gecko) Chrome/38.0.812.0 Mobile Safari/5351','2024-07-15 13:53:01','2024-08-09 11:03:31'),(45,NULL,'Botble\\Member\\Models\\Member',5,'Botble\\Blog\\Models\\Post',6,'http://localhost','Ms. Loyce Brown','miguel.kuhn@yahoo.com','https://friendsofbotble.com','I\'ve been searching for information on this topic, glad I found this article. It\'s incredibly insightful and provides a comprehensive overview of the subject matter. I appreciate the effort put into researching and writing this piece. It\'s truly eye-opening and has given me a new perspective. Thank you for sharing your knowledge with us!','approved','238.49.167.171','Mozilla/5.0 (iPad; CPU OS 8_0_1 like Mac OS X; sl-SI) AppleWebKit/531.33.1 (KHTML, like Gecko) Version/3.0.5 Mobile/8B117 Safari/6531.33.1','2024-08-07 22:46:35','2024-08-09 11:03:31'),(46,NULL,'Botble\\Member\\Models\\Member',6,'Botble\\Blog\\Models\\Post',16,'http://localhost','Prof. Verner Haley Jr.','volkman.alexander@gmail.com','https://friendsofbotble.com','This article is a masterpiece! It dives deep into the topic and offers valuable insights that are both thought-provoking and enlightening. The author\'s expertise is evident throughout, making it a compelling read from start to finish. I\'ll definitely be coming back to this for reference in the future.','approved','225.142.108.181','Mozilla/5.0 (Macintosh; U; Intel Mac OS X 10_5_2 rv:3.0; nl-NL) AppleWebKit/533.24.7 (KHTML, like Gecko) Version/5.0 Safari/533.24.7','2024-08-08 18:19:09','2024-08-09 11:03:31'),(47,NULL,'Botble\\Member\\Models\\Member',0,'Botble\\Blog\\Models\\Post',17,'http://localhost','Marlin Nikolaus II','ruby41@farrell.org','https://friendsofbotble.com','I\'m amazed by the depth of analysis in this article. It covers a wide range of aspects related to the topic, providing a comprehensive understanding. The clarity of explanation is commendable, making complex concepts easy to grasp. This article has enriched my understanding and sparked further curiosity. Kudos to the author!','approved','124.112.223.169','Mozilla/5.0 (Windows NT 5.0) AppleWebKit/5361 (KHTML, like Gecko) Chrome/36.0.823.0 Mobile Safari/5361','2024-07-24 18:53:06','2024-08-09 11:03:31');
/*!40000 ALTER TABLE `fob_comments` ENABLE KEYS */;
UNLOCK TABLES;

--
-- Table structure for table `galleries`
--

DROP TABLE IF EXISTS `galleries`;
/*!40101 SET @saved_cs_client     = @@character_set_client */;
/*!50503 SET character_set_client = utf8mb4 */;
CREATE TABLE `galleries` (
  `id` bigint unsigned NOT NULL AUTO_INCREMENT,
  `name` varchar(120) COLLATE utf8mb4_unicode_ci NOT NULL,
  `description` longtext COLLATE utf8mb4_unicode_ci NOT NULL,
  `is_featured` tinyint unsigned NOT NULL DEFAULT '0',
  `order` tinyint unsigned NOT NULL DEFAULT '0',
  `image` varchar(191) COLLATE utf8mb4_unicode_ci DEFAULT NULL,
  `user_id` bigint unsigned DEFAULT NULL,
  `status` varchar(60) COLLATE utf8mb4_unicode_ci NOT NULL DEFAULT 'published',
  `created_at` timestamp NULL DEFAULT NULL,
  `updated_at` timestamp NULL DEFAULT NULL,
  PRIMARY KEY (`id`),
  KEY `galleries_user_id_index` (`user_id`)
) ENGINE=InnoDB AUTO_INCREMENT=21 DEFAULT CHARSET=utf8mb4 COLLATE=utf8mb4_unicode_ci;
/*!40101 SET character_set_client = @saved_cs_client */;

--
-- Dumping data for table `galleries`
--

LOCK TABLES `galleries` WRITE;
/*!40000 ALTER TABLE `galleries` DISABLE KEYS */;
INSERT INTO `galleries` VALUES (1,'Perfect','Cupiditate voluptas quo aperiam nostrum iste minus omnis. Ratione non numquam occaecati. Ut doloribus enim blanditiis qui eum aut non.',0,0,'main/news/1.jpg',1,'published','2024-08-09 11:03:29','2024-08-09 11:03:29'),(2,'New Day','Dicta illum rerum tempora non non iure cumque. Et velit et quasi voluptate tenetur. Itaque quia assumenda inventore ullam non.',0,0,'main/news/2.jpg',1,'published','2024-08-09 11:03:29','2024-08-09 11:03:29'),(3,'Happy Day','Voluptatum neque quidem laudantium autem. Illum et quidem doloribus quibusdam. Soluta deserunt itaque ut officia.',0,0,'main/news/3.jpg',1,'published','2024-08-09 11:03:29','2024-08-09 11:03:29'),(4,'Nature','Illo libero inventore dolore omnis. Quisquam expedita non autem natus. Sint odio ut labore omnis culpa doloribus.',0,0,'main/news/4.jpg',1,'published','2024-08-09 11:03:29','2024-08-09 11:03:29'),(5,'Morning','Voluptates dicta architecto aut harum quibusdam voluptas omnis. Harum dolorum nemo voluptatem animi doloremque rem sapiente. Et sequi et culpa.',0,0,'main/news/5.jpg',1,'published','2024-08-09 11:03:29','2024-08-09 11:03:29'),(6,'Sunset','Repellendus aut ut rerum omnis. Ut quae itaque nobis eligendi culpa id facere. Magni culpa dignissimos est. Maxime sit dolores veniam aut.',0,0,'main/news/6.jpg',1,'published','2024-08-09 11:03:29','2024-08-09 11:03:29'),(7,'Ocean Views','Asperiores et deserunt quo a. Et eius sit magnam rem non. Eum iusto veritatis consequatur suscipit odit. Et dolores omnis accusantium.',0,0,'main/news/7.jpg',1,'published','2024-08-09 11:03:29','2024-08-09 11:03:29'),(8,'Adventure Time','Tempore incidunt consequuntur adipisci praesentium. Ut pariatur totam tempore earum blanditiis ab. Sit illum quibusdam est.',0,0,'main/news/8.jpg',1,'published','2024-08-09 11:03:29','2024-08-09 11:03:29'),(9,'City Lights','Esse sit expedita distinctio consequatur. Et officiis debitis et et quia laboriosam aut. Perferendis veniam illum ut voluptas.',0,0,'main/news/9.jpg',1,'published','2024-08-09 11:03:29','2024-08-09 11:03:29'),(10,'Dreamscape','Autem blanditiis rerum deleniti. Architecto laudantium temporibus consequuntur asperiores deserunt. Aut labore sit voluptas quod eligendi.',0,0,'main/news/10.jpg',1,'published','2024-08-09 11:03:29','2024-08-09 11:03:29'),(11,'Enchanted Forest','Dolores iure earum et. Temporibus ea soluta corporis velit molestiae iure repudiandae. Nobis eos saepe distinctio accusantium.',0,0,'main/news/11.jpg',1,'published','2024-08-09 11:03:29','2024-08-09 11:03:29'),(12,'Golden Hour','Qui magni adipisci non cumque. Et quia sunt rerum sed quod cumque iure beatae. Nihil quod sit excepturi dolorem necessitatibus veritatis rerum nisi.',0,0,'main/news/12.jpg',1,'published','2024-08-09 11:03:29','2024-08-09 11:03:29'),(13,'Serenity','Placeat ea optio accusamus laboriosam ut recusandae sint. Ad asperiores inventore pariatur placeat doloremque. Officia aliquam sapiente totam et.',0,0,'main/news/13.jpg',1,'published','2024-08-09 11:03:29','2024-08-09 11:03:29'),(14,'Eternal Beauty','Aliquam non eaque aut modi sapiente. Error tenetur dicta beatae fuga. Et pariatur minima atque quas. Harum eveniet deleniti ad dolorem qui.',0,0,'main/news/14.jpg',1,'published','2024-08-09 11:03:29','2024-08-09 11:03:29'),(15,'Moonlight Magic','Animi id quis officia ipsa in. Mollitia modi voluptatibus harum illum rem. Commodi tempora veniam est qui eligendi quia voluptates.',0,0,'main/news/15.jpg',1,'published','2024-08-09 11:03:29','2024-08-09 11:03:29'),(16,'Starry Night','Ut consequatur veritatis necessitatibus rerum quod. Laboriosam ad magni quidem laboriosam ut facere. Autem aut et dolor ullam laboriosam.',0,0,'main/news/16.jpg',1,'published','2024-08-09 11:03:29','2024-08-09 11:03:29'),(17,'Hidden Gems','Unde iure ex magnam qui aut. Aliquid non quibusdam est magnam. Et eius molestiae iusto quidem.',0,0,'main/news/17.jpg',1,'published','2024-08-09 11:03:29','2024-08-09 11:03:29'),(18,'Tranquil Waters','Accusamus dolorem reprehenderit quas dolor vel. Asperiores aperiam vel fugit laboriosam dolor. Totam quas doloribus qui.',0,0,'main/news/18.jpg',1,'published','2024-08-09 11:03:29','2024-08-09 11:03:29'),(19,'Urban Escape','Minus earum voluptates nemo. Ab vitae optio commodi error. Sit doloribus enim repudiandae. Officiis eveniet nulla non ex accusamus deserunt.',0,0,'main/news/19.jpg',1,'published','2024-08-09 11:03:29','2024-08-09 11:03:29'),(20,'Twilight Zone','Voluptates at sint aut ut doloremque quaerat. Vel dolorum facere quia aut quasi omnis impedit.',0,0,'main/news/20.jpg',1,'published','2024-08-09 11:03:29','2024-08-09 11:03:29');
/*!40000 ALTER TABLE `galleries` ENABLE KEYS */;
UNLOCK TABLES;

--
-- Table structure for table `galleries_translations`
--

DROP TABLE IF EXISTS `galleries_translations`;
/*!40101 SET @saved_cs_client     = @@character_set_client */;
/*!50503 SET character_set_client = utf8mb4 */;
CREATE TABLE `galleries_translations` (
  `lang_code` varchar(20) COLLATE utf8mb4_unicode_ci NOT NULL,
  `galleries_id` bigint unsigned NOT NULL,
  `name` varchar(191) COLLATE utf8mb4_unicode_ci DEFAULT NULL,
  `description` longtext COLLATE utf8mb4_unicode_ci,
  PRIMARY KEY (`lang_code`,`galleries_id`)
) ENGINE=InnoDB DEFAULT CHARSET=utf8mb4 COLLATE=utf8mb4_unicode_ci;
/*!40101 SET character_set_client = @saved_cs_client */;

--
-- Dumping data for table `galleries_translations`
--

LOCK TABLES `galleries_translations` WRITE;
/*!40000 ALTER TABLE `galleries_translations` DISABLE KEYS */;
/*!40000 ALTER TABLE `galleries_translations` ENABLE KEYS */;
UNLOCK TABLES;

--
-- Table structure for table `gallery_meta`
--

DROP TABLE IF EXISTS `gallery_meta`;
/*!40101 SET @saved_cs_client     = @@character_set_client */;
/*!50503 SET character_set_client = utf8mb4 */;
CREATE TABLE `gallery_meta` (
  `id` bigint unsigned NOT NULL AUTO_INCREMENT,
  `images` text COLLATE utf8mb4_unicode_ci,
  `reference_id` bigint unsigned NOT NULL,
  `reference_type` varchar(120) COLLATE utf8mb4_unicode_ci NOT NULL,
  `created_at` timestamp NULL DEFAULT NULL,
  `updated_at` timestamp NULL DEFAULT NULL,
  PRIMARY KEY (`id`),
  KEY `gallery_meta_reference_id_index` (`reference_id`)
) ENGINE=InnoDB AUTO_INCREMENT=21 DEFAULT CHARSET=utf8mb4 COLLATE=utf8mb4_unicode_ci;
/*!40101 SET character_set_client = @saved_cs_client */;

--
-- Dumping data for table `gallery_meta`
--

LOCK TABLES `gallery_meta` WRITE;
/*!40000 ALTER TABLE `gallery_meta` DISABLE KEYS */;
INSERT INTO `gallery_meta` VALUES (1,'[{\"img\":\"main\\/news\\/1.jpg\",\"description\":\"\"},{\"img\":\"main\\/news\\/2.jpg\",\"description\":\"\"},{\"img\":\"main\\/news\\/3.jpg\",\"description\":\"\"},{\"img\":\"main\\/news\\/4.jpg\",\"description\":\"\"},{\"img\":\"main\\/news\\/5.jpg\",\"description\":\"\"},{\"img\":\"main\\/news\\/6.jpg\",\"description\":\"\"},{\"img\":\"main\\/news\\/7.jpg\",\"description\":\"\"},{\"img\":\"main\\/news\\/8.jpg\",\"description\":\"\"},{\"img\":\"main\\/news\\/9.jpg\",\"description\":\"\"},{\"img\":\"main\\/news\\/10.jpg\",\"description\":\"\"},{\"img\":\"main\\/news\\/11.jpg\",\"description\":\"\"},{\"img\":\"main\\/news\\/12.jpg\",\"description\":\"\"},{\"img\":\"main\\/news\\/13.jpg\",\"description\":\"\"},{\"img\":\"main\\/news\\/14.jpg\",\"description\":\"\"},{\"img\":\"main\\/news\\/15.jpg\",\"description\":\"\"},{\"img\":\"main\\/news\\/16.jpg\",\"description\":\"\"},{\"img\":\"main\\/news\\/17.jpg\",\"description\":\"\"},{\"img\":\"main\\/news\\/18.jpg\",\"description\":\"\"},{\"img\":\"main\\/news\\/19.jpg\",\"description\":\"\"},{\"img\":\"main\\/news\\/20.jpg\",\"description\":\"\"}]',1,'Botble\\Gallery\\Models\\Gallery','2024-08-09 11:03:29','2024-08-09 11:03:29'),(2,'[{\"img\":\"main\\/news\\/1.jpg\",\"description\":\"\"},{\"img\":\"main\\/news\\/2.jpg\",\"description\":\"\"},{\"img\":\"main\\/news\\/3.jpg\",\"description\":\"\"},{\"img\":\"main\\/news\\/4.jpg\",\"description\":\"\"},{\"img\":\"main\\/news\\/5.jpg\",\"description\":\"\"},{\"img\":\"main\\/news\\/6.jpg\",\"description\":\"\"},{\"img\":\"main\\/news\\/7.jpg\",\"description\":\"\"},{\"img\":\"main\\/news\\/8.jpg\",\"description\":\"\"},{\"img\":\"main\\/news\\/9.jpg\",\"description\":\"\"},{\"img\":\"main\\/news\\/10.jpg\",\"description\":\"\"},{\"img\":\"main\\/news\\/11.jpg\",\"description\":\"\"},{\"img\":\"main\\/news\\/12.jpg\",\"description\":\"\"},{\"img\":\"main\\/news\\/13.jpg\",\"description\":\"\"},{\"img\":\"main\\/news\\/14.jpg\",\"description\":\"\"},{\"img\":\"main\\/news\\/15.jpg\",\"description\":\"\"},{\"img\":\"main\\/news\\/16.jpg\",\"description\":\"\"},{\"img\":\"main\\/news\\/17.jpg\",\"description\":\"\"},{\"img\":\"main\\/news\\/18.jpg\",\"description\":\"\"},{\"img\":\"main\\/news\\/19.jpg\",\"description\":\"\"},{\"img\":\"main\\/news\\/20.jpg\",\"description\":\"\"}]',2,'Botble\\Gallery\\Models\\Gallery','2024-08-09 11:03:29','2024-08-09 11:03:29'),(3,'[{\"img\":\"main\\/news\\/1.jpg\",\"description\":\"\"},{\"img\":\"main\\/news\\/2.jpg\",\"description\":\"\"},{\"img\":\"main\\/news\\/3.jpg\",\"description\":\"\"},{\"img\":\"main\\/news\\/4.jpg\",\"description\":\"\"},{\"img\":\"main\\/news\\/5.jpg\",\"description\":\"\"},{\"img\":\"main\\/news\\/6.jpg\",\"description\":\"\"},{\"img\":\"main\\/news\\/7.jpg\",\"description\":\"\"},{\"img\":\"main\\/news\\/8.jpg\",\"description\":\"\"},{\"img\":\"main\\/news\\/9.jpg\",\"description\":\"\"},{\"img\":\"main\\/news\\/10.jpg\",\"description\":\"\"},{\"img\":\"main\\/news\\/11.jpg\",\"description\":\"\"},{\"img\":\"main\\/news\\/12.jpg\",\"description\":\"\"},{\"img\":\"main\\/news\\/13.jpg\",\"description\":\"\"},{\"img\":\"main\\/news\\/14.jpg\",\"description\":\"\"},{\"img\":\"main\\/news\\/15.jpg\",\"description\":\"\"},{\"img\":\"main\\/news\\/16.jpg\",\"description\":\"\"},{\"img\":\"main\\/news\\/17.jpg\",\"description\":\"\"},{\"img\":\"main\\/news\\/18.jpg\",\"description\":\"\"},{\"img\":\"main\\/news\\/19.jpg\",\"description\":\"\"},{\"img\":\"main\\/news\\/20.jpg\",\"description\":\"\"}]',3,'Botble\\Gallery\\Models\\Gallery','2024-08-09 11:03:29','2024-08-09 11:03:29'),(4,'[{\"img\":\"main\\/news\\/1.jpg\",\"description\":\"\"},{\"img\":\"main\\/news\\/2.jpg\",\"description\":\"\"},{\"img\":\"main\\/news\\/3.jpg\",\"description\":\"\"},{\"img\":\"main\\/news\\/4.jpg\",\"description\":\"\"},{\"img\":\"main\\/news\\/5.jpg\",\"description\":\"\"},{\"img\":\"main\\/news\\/6.jpg\",\"description\":\"\"},{\"img\":\"main\\/news\\/7.jpg\",\"description\":\"\"},{\"img\":\"main\\/news\\/8.jpg\",\"description\":\"\"},{\"img\":\"main\\/news\\/9.jpg\",\"description\":\"\"},{\"img\":\"main\\/news\\/10.jpg\",\"description\":\"\"},{\"img\":\"main\\/news\\/11.jpg\",\"description\":\"\"},{\"img\":\"main\\/news\\/12.jpg\",\"description\":\"\"},{\"img\":\"main\\/news\\/13.jpg\",\"description\":\"\"},{\"img\":\"main\\/news\\/14.jpg\",\"description\":\"\"},{\"img\":\"main\\/news\\/15.jpg\",\"description\":\"\"},{\"img\":\"main\\/news\\/16.jpg\",\"description\":\"\"},{\"img\":\"main\\/news\\/17.jpg\",\"description\":\"\"},{\"img\":\"main\\/news\\/18.jpg\",\"description\":\"\"},{\"img\":\"main\\/news\\/19.jpg\",\"description\":\"\"},{\"img\":\"main\\/news\\/20.jpg\",\"description\":\"\"}]',4,'Botble\\Gallery\\Models\\Gallery','2024-08-09 11:03:29','2024-08-09 11:03:29'),(5,'[{\"img\":\"main\\/news\\/1.jpg\",\"description\":\"\"},{\"img\":\"main\\/news\\/2.jpg\",\"description\":\"\"},{\"img\":\"main\\/news\\/3.jpg\",\"description\":\"\"},{\"img\":\"main\\/news\\/4.jpg\",\"description\":\"\"},{\"img\":\"main\\/news\\/5.jpg\",\"description\":\"\"},{\"img\":\"main\\/news\\/6.jpg\",\"description\":\"\"},{\"img\":\"main\\/news\\/7.jpg\",\"description\":\"\"},{\"img\":\"main\\/news\\/8.jpg\",\"description\":\"\"},{\"img\":\"main\\/news\\/9.jpg\",\"description\":\"\"},{\"img\":\"main\\/news\\/10.jpg\",\"description\":\"\"},{\"img\":\"main\\/news\\/11.jpg\",\"description\":\"\"},{\"img\":\"main\\/news\\/12.jpg\",\"description\":\"\"},{\"img\":\"main\\/news\\/13.jpg\",\"description\":\"\"},{\"img\":\"main\\/news\\/14.jpg\",\"description\":\"\"},{\"img\":\"main\\/news\\/15.jpg\",\"description\":\"\"},{\"img\":\"main\\/news\\/16.jpg\",\"description\":\"\"},{\"img\":\"main\\/news\\/17.jpg\",\"description\":\"\"},{\"img\":\"main\\/news\\/18.jpg\",\"description\":\"\"},{\"img\":\"main\\/news\\/19.jpg\",\"description\":\"\"},{\"img\":\"main\\/news\\/20.jpg\",\"description\":\"\"}]',5,'Botble\\Gallery\\Models\\Gallery','2024-08-09 11:03:29','2024-08-09 11:03:29'),(6,'[{\"img\":\"main\\/news\\/1.jpg\",\"description\":\"\"},{\"img\":\"main\\/news\\/2.jpg\",\"description\":\"\"},{\"img\":\"main\\/news\\/3.jpg\",\"description\":\"\"},{\"img\":\"main\\/news\\/4.jpg\",\"description\":\"\"},{\"img\":\"main\\/news\\/5.jpg\",\"description\":\"\"},{\"img\":\"main\\/news\\/6.jpg\",\"description\":\"\"},{\"img\":\"main\\/news\\/7.jpg\",\"description\":\"\"},{\"img\":\"main\\/news\\/8.jpg\",\"description\":\"\"},{\"img\":\"main\\/news\\/9.jpg\",\"description\":\"\"},{\"img\":\"main\\/news\\/10.jpg\",\"description\":\"\"},{\"img\":\"main\\/news\\/11.jpg\",\"description\":\"\"},{\"img\":\"main\\/news\\/12.jpg\",\"description\":\"\"},{\"img\":\"main\\/news\\/13.jpg\",\"description\":\"\"},{\"img\":\"main\\/news\\/14.jpg\",\"description\":\"\"},{\"img\":\"main\\/news\\/15.jpg\",\"description\":\"\"},{\"img\":\"main\\/news\\/16.jpg\",\"description\":\"\"},{\"img\":\"main\\/news\\/17.jpg\",\"description\":\"\"},{\"img\":\"main\\/news\\/18.jpg\",\"description\":\"\"},{\"img\":\"main\\/news\\/19.jpg\",\"description\":\"\"},{\"img\":\"main\\/news\\/20.jpg\",\"description\":\"\"}]',6,'Botble\\Gallery\\Models\\Gallery','2024-08-09 11:03:29','2024-08-09 11:03:29'),(7,'[{\"img\":\"main\\/news\\/1.jpg\",\"description\":\"\"},{\"img\":\"main\\/news\\/2.jpg\",\"description\":\"\"},{\"img\":\"main\\/news\\/3.jpg\",\"description\":\"\"},{\"img\":\"main\\/news\\/4.jpg\",\"description\":\"\"},{\"img\":\"main\\/news\\/5.jpg\",\"description\":\"\"},{\"img\":\"main\\/news\\/6.jpg\",\"description\":\"\"},{\"img\":\"main\\/news\\/7.jpg\",\"description\":\"\"},{\"img\":\"main\\/news\\/8.jpg\",\"description\":\"\"},{\"img\":\"main\\/news\\/9.jpg\",\"description\":\"\"},{\"img\":\"main\\/news\\/10.jpg\",\"description\":\"\"},{\"img\":\"main\\/news\\/11.jpg\",\"description\":\"\"},{\"img\":\"main\\/news\\/12.jpg\",\"description\":\"\"},{\"img\":\"main\\/news\\/13.jpg\",\"description\":\"\"},{\"img\":\"main\\/news\\/14.jpg\",\"description\":\"\"},{\"img\":\"main\\/news\\/15.jpg\",\"description\":\"\"},{\"img\":\"main\\/news\\/16.jpg\",\"description\":\"\"},{\"img\":\"main\\/news\\/17.jpg\",\"description\":\"\"},{\"img\":\"main\\/news\\/18.jpg\",\"description\":\"\"},{\"img\":\"main\\/news\\/19.jpg\",\"description\":\"\"},{\"img\":\"main\\/news\\/20.jpg\",\"description\":\"\"}]',7,'Botble\\Gallery\\Models\\Gallery','2024-08-09 11:03:29','2024-08-09 11:03:29'),(8,'[{\"img\":\"main\\/news\\/1.jpg\",\"description\":\"\"},{\"img\":\"main\\/news\\/2.jpg\",\"description\":\"\"},{\"img\":\"main\\/news\\/3.jpg\",\"description\":\"\"},{\"img\":\"main\\/news\\/4.jpg\",\"description\":\"\"},{\"img\":\"main\\/news\\/5.jpg\",\"description\":\"\"},{\"img\":\"main\\/news\\/6.jpg\",\"description\":\"\"},{\"img\":\"main\\/news\\/7.jpg\",\"description\":\"\"},{\"img\":\"main\\/news\\/8.jpg\",\"description\":\"\"},{\"img\":\"main\\/news\\/9.jpg\",\"description\":\"\"},{\"img\":\"main\\/news\\/10.jpg\",\"description\":\"\"},{\"img\":\"main\\/news\\/11.jpg\",\"description\":\"\"},{\"img\":\"main\\/news\\/12.jpg\",\"description\":\"\"},{\"img\":\"main\\/news\\/13.jpg\",\"description\":\"\"},{\"img\":\"main\\/news\\/14.jpg\",\"description\":\"\"},{\"img\":\"main\\/news\\/15.jpg\",\"description\":\"\"},{\"img\":\"main\\/news\\/16.jpg\",\"description\":\"\"},{\"img\":\"main\\/news\\/17.jpg\",\"description\":\"\"},{\"img\":\"main\\/news\\/18.jpg\",\"description\":\"\"},{\"img\":\"main\\/news\\/19.jpg\",\"description\":\"\"},{\"img\":\"main\\/news\\/20.jpg\",\"description\":\"\"}]',8,'Botble\\Gallery\\Models\\Gallery','2024-08-09 11:03:29','2024-08-09 11:03:29'),(9,'[{\"img\":\"main\\/news\\/1.jpg\",\"description\":\"\"},{\"img\":\"main\\/news\\/2.jpg\",\"description\":\"\"},{\"img\":\"main\\/news\\/3.jpg\",\"description\":\"\"},{\"img\":\"main\\/news\\/4.jpg\",\"description\":\"\"},{\"img\":\"main\\/news\\/5.jpg\",\"description\":\"\"},{\"img\":\"main\\/news\\/6.jpg\",\"description\":\"\"},{\"img\":\"main\\/news\\/7.jpg\",\"description\":\"\"},{\"img\":\"main\\/news\\/8.jpg\",\"description\":\"\"},{\"img\":\"main\\/news\\/9.jpg\",\"description\":\"\"},{\"img\":\"main\\/news\\/10.jpg\",\"description\":\"\"},{\"img\":\"main\\/news\\/11.jpg\",\"description\":\"\"},{\"img\":\"main\\/news\\/12.jpg\",\"description\":\"\"},{\"img\":\"main\\/news\\/13.jpg\",\"description\":\"\"},{\"img\":\"main\\/news\\/14.jpg\",\"description\":\"\"},{\"img\":\"main\\/news\\/15.jpg\",\"description\":\"\"},{\"img\":\"main\\/news\\/16.jpg\",\"description\":\"\"},{\"img\":\"main\\/news\\/17.jpg\",\"description\":\"\"},{\"img\":\"main\\/news\\/18.jpg\",\"description\":\"\"},{\"img\":\"main\\/news\\/19.jpg\",\"description\":\"\"},{\"img\":\"main\\/news\\/20.jpg\",\"description\":\"\"}]',9,'Botble\\Gallery\\Models\\Gallery','2024-08-09 11:03:29','2024-08-09 11:03:29'),(10,'[{\"img\":\"main\\/news\\/1.jpg\",\"description\":\"\"},{\"img\":\"main\\/news\\/2.jpg\",\"description\":\"\"},{\"img\":\"main\\/news\\/3.jpg\",\"description\":\"\"},{\"img\":\"main\\/news\\/4.jpg\",\"description\":\"\"},{\"img\":\"main\\/news\\/5.jpg\",\"description\":\"\"},{\"img\":\"main\\/news\\/6.jpg\",\"description\":\"\"},{\"img\":\"main\\/news\\/7.jpg\",\"description\":\"\"},{\"img\":\"main\\/news\\/8.jpg\",\"description\":\"\"},{\"img\":\"main\\/news\\/9.jpg\",\"description\":\"\"},{\"img\":\"main\\/news\\/10.jpg\",\"description\":\"\"},{\"img\":\"main\\/news\\/11.jpg\",\"description\":\"\"},{\"img\":\"main\\/news\\/12.jpg\",\"description\":\"\"},{\"img\":\"main\\/news\\/13.jpg\",\"description\":\"\"},{\"img\":\"main\\/news\\/14.jpg\",\"description\":\"\"},{\"img\":\"main\\/news\\/15.jpg\",\"description\":\"\"},{\"img\":\"main\\/news\\/16.jpg\",\"description\":\"\"},{\"img\":\"main\\/news\\/17.jpg\",\"description\":\"\"},{\"img\":\"main\\/news\\/18.jpg\",\"description\":\"\"},{\"img\":\"main\\/news\\/19.jpg\",\"description\":\"\"},{\"img\":\"main\\/news\\/20.jpg\",\"description\":\"\"}]',10,'Botble\\Gallery\\Models\\Gallery','2024-08-09 11:03:29','2024-08-09 11:03:29'),(11,'[{\"img\":\"main\\/news\\/1.jpg\",\"description\":\"\"},{\"img\":\"main\\/news\\/2.jpg\",\"description\":\"\"},{\"img\":\"main\\/news\\/3.jpg\",\"description\":\"\"},{\"img\":\"main\\/news\\/4.jpg\",\"description\":\"\"},{\"img\":\"main\\/news\\/5.jpg\",\"description\":\"\"},{\"img\":\"main\\/news\\/6.jpg\",\"description\":\"\"},{\"img\":\"main\\/news\\/7.jpg\",\"description\":\"\"},{\"img\":\"main\\/news\\/8.jpg\",\"description\":\"\"},{\"img\":\"main\\/news\\/9.jpg\",\"description\":\"\"},{\"img\":\"main\\/news\\/10.jpg\",\"description\":\"\"},{\"img\":\"main\\/news\\/11.jpg\",\"description\":\"\"},{\"img\":\"main\\/news\\/12.jpg\",\"description\":\"\"},{\"img\":\"main\\/news\\/13.jpg\",\"description\":\"\"},{\"img\":\"main\\/news\\/14.jpg\",\"description\":\"\"},{\"img\":\"main\\/news\\/15.jpg\",\"description\":\"\"},{\"img\":\"main\\/news\\/16.jpg\",\"description\":\"\"},{\"img\":\"main\\/news\\/17.jpg\",\"description\":\"\"},{\"img\":\"main\\/news\\/18.jpg\",\"description\":\"\"},{\"img\":\"main\\/news\\/19.jpg\",\"description\":\"\"},{\"img\":\"main\\/news\\/20.jpg\",\"description\":\"\"}]',11,'Botble\\Gallery\\Models\\Gallery','2024-08-09 11:03:29','2024-08-09 11:03:29'),(12,'[{\"img\":\"main\\/news\\/1.jpg\",\"description\":\"\"},{\"img\":\"main\\/news\\/2.jpg\",\"description\":\"\"},{\"img\":\"main\\/news\\/3.jpg\",\"description\":\"\"},{\"img\":\"main\\/news\\/4.jpg\",\"description\":\"\"},{\"img\":\"main\\/news\\/5.jpg\",\"description\":\"\"},{\"img\":\"main\\/news\\/6.jpg\",\"description\":\"\"},{\"img\":\"main\\/news\\/7.jpg\",\"description\":\"\"},{\"img\":\"main\\/news\\/8.jpg\",\"description\":\"\"},{\"img\":\"main\\/news\\/9.jpg\",\"description\":\"\"},{\"img\":\"main\\/news\\/10.jpg\",\"description\":\"\"},{\"img\":\"main\\/news\\/11.jpg\",\"description\":\"\"},{\"img\":\"main\\/news\\/12.jpg\",\"description\":\"\"},{\"img\":\"main\\/news\\/13.jpg\",\"description\":\"\"},{\"img\":\"main\\/news\\/14.jpg\",\"description\":\"\"},{\"img\":\"main\\/news\\/15.jpg\",\"description\":\"\"},{\"img\":\"main\\/news\\/16.jpg\",\"description\":\"\"},{\"img\":\"main\\/news\\/17.jpg\",\"description\":\"\"},{\"img\":\"main\\/news\\/18.jpg\",\"description\":\"\"},{\"img\":\"main\\/news\\/19.jpg\",\"description\":\"\"},{\"img\":\"main\\/news\\/20.jpg\",\"description\":\"\"}]',12,'Botble\\Gallery\\Models\\Gallery','2024-08-09 11:03:29','2024-08-09 11:03:29'),(13,'[{\"img\":\"main\\/news\\/1.jpg\",\"description\":\"\"},{\"img\":\"main\\/news\\/2.jpg\",\"description\":\"\"},{\"img\":\"main\\/news\\/3.jpg\",\"description\":\"\"},{\"img\":\"main\\/news\\/4.jpg\",\"description\":\"\"},{\"img\":\"main\\/news\\/5.jpg\",\"description\":\"\"},{\"img\":\"main\\/news\\/6.jpg\",\"description\":\"\"},{\"img\":\"main\\/news\\/7.jpg\",\"description\":\"\"},{\"img\":\"main\\/news\\/8.jpg\",\"description\":\"\"},{\"img\":\"main\\/news\\/9.jpg\",\"description\":\"\"},{\"img\":\"main\\/news\\/10.jpg\",\"description\":\"\"},{\"img\":\"main\\/news\\/11.jpg\",\"description\":\"\"},{\"img\":\"main\\/news\\/12.jpg\",\"description\":\"\"},{\"img\":\"main\\/news\\/13.jpg\",\"description\":\"\"},{\"img\":\"main\\/news\\/14.jpg\",\"description\":\"\"},{\"img\":\"main\\/news\\/15.jpg\",\"description\":\"\"},{\"img\":\"main\\/news\\/16.jpg\",\"description\":\"\"},{\"img\":\"main\\/news\\/17.jpg\",\"description\":\"\"},{\"img\":\"main\\/news\\/18.jpg\",\"description\":\"\"},{\"img\":\"main\\/news\\/19.jpg\",\"description\":\"\"},{\"img\":\"main\\/news\\/20.jpg\",\"description\":\"\"}]',13,'Botble\\Gallery\\Models\\Gallery','2024-08-09 11:03:29','2024-08-09 11:03:29'),(14,'[{\"img\":\"main\\/news\\/1.jpg\",\"description\":\"\"},{\"img\":\"main\\/news\\/2.jpg\",\"description\":\"\"},{\"img\":\"main\\/news\\/3.jpg\",\"description\":\"\"},{\"img\":\"main\\/news\\/4.jpg\",\"description\":\"\"},{\"img\":\"main\\/news\\/5.jpg\",\"description\":\"\"},{\"img\":\"main\\/news\\/6.jpg\",\"description\":\"\"},{\"img\":\"main\\/news\\/7.jpg\",\"description\":\"\"},{\"img\":\"main\\/news\\/8.jpg\",\"description\":\"\"},{\"img\":\"main\\/news\\/9.jpg\",\"description\":\"\"},{\"img\":\"main\\/news\\/10.jpg\",\"description\":\"\"},{\"img\":\"main\\/news\\/11.jpg\",\"description\":\"\"},{\"img\":\"main\\/news\\/12.jpg\",\"description\":\"\"},{\"img\":\"main\\/news\\/13.jpg\",\"description\":\"\"},{\"img\":\"main\\/news\\/14.jpg\",\"description\":\"\"},{\"img\":\"main\\/news\\/15.jpg\",\"description\":\"\"},{\"img\":\"main\\/news\\/16.jpg\",\"description\":\"\"},{\"img\":\"main\\/news\\/17.jpg\",\"description\":\"\"},{\"img\":\"main\\/news\\/18.jpg\",\"description\":\"\"},{\"img\":\"main\\/news\\/19.jpg\",\"description\":\"\"},{\"img\":\"main\\/news\\/20.jpg\",\"description\":\"\"}]',14,'Botble\\Gallery\\Models\\Gallery','2024-08-09 11:03:29','2024-08-09 11:03:29'),(15,'[{\"img\":\"main\\/news\\/1.jpg\",\"description\":\"\"},{\"img\":\"main\\/news\\/2.jpg\",\"description\":\"\"},{\"img\":\"main\\/news\\/3.jpg\",\"description\":\"\"},{\"img\":\"main\\/news\\/4.jpg\",\"description\":\"\"},{\"img\":\"main\\/news\\/5.jpg\",\"description\":\"\"},{\"img\":\"main\\/news\\/6.jpg\",\"description\":\"\"},{\"img\":\"main\\/news\\/7.jpg\",\"description\":\"\"},{\"img\":\"main\\/news\\/8.jpg\",\"description\":\"\"},{\"img\":\"main\\/news\\/9.jpg\",\"description\":\"\"},{\"img\":\"main\\/news\\/10.jpg\",\"description\":\"\"},{\"img\":\"main\\/news\\/11.jpg\",\"description\":\"\"},{\"img\":\"main\\/news\\/12.jpg\",\"description\":\"\"},{\"img\":\"main\\/news\\/13.jpg\",\"description\":\"\"},{\"img\":\"main\\/news\\/14.jpg\",\"description\":\"\"},{\"img\":\"main\\/news\\/15.jpg\",\"description\":\"\"},{\"img\":\"main\\/news\\/16.jpg\",\"description\":\"\"},{\"img\":\"main\\/news\\/17.jpg\",\"description\":\"\"},{\"img\":\"main\\/news\\/18.jpg\",\"description\":\"\"},{\"img\":\"main\\/news\\/19.jpg\",\"description\":\"\"},{\"img\":\"main\\/news\\/20.jpg\",\"description\":\"\"}]',15,'Botble\\Gallery\\Models\\Gallery','2024-08-09 11:03:29','2024-08-09 11:03:29'),(16,'[{\"img\":\"main\\/news\\/1.jpg\",\"description\":\"\"},{\"img\":\"main\\/news\\/2.jpg\",\"description\":\"\"},{\"img\":\"main\\/news\\/3.jpg\",\"description\":\"\"},{\"img\":\"main\\/news\\/4.jpg\",\"description\":\"\"},{\"img\":\"main\\/news\\/5.jpg\",\"description\":\"\"},{\"img\":\"main\\/news\\/6.jpg\",\"description\":\"\"},{\"img\":\"main\\/news\\/7.jpg\",\"description\":\"\"},{\"img\":\"main\\/news\\/8.jpg\",\"description\":\"\"},{\"img\":\"main\\/news\\/9.jpg\",\"description\":\"\"},{\"img\":\"main\\/news\\/10.jpg\",\"description\":\"\"},{\"img\":\"main\\/news\\/11.jpg\",\"description\":\"\"},{\"img\":\"main\\/news\\/12.jpg\",\"description\":\"\"},{\"img\":\"main\\/news\\/13.jpg\",\"description\":\"\"},{\"img\":\"main\\/news\\/14.jpg\",\"description\":\"\"},{\"img\":\"main\\/news\\/15.jpg\",\"description\":\"\"},{\"img\":\"main\\/news\\/16.jpg\",\"description\":\"\"},{\"img\":\"main\\/news\\/17.jpg\",\"description\":\"\"},{\"img\":\"main\\/news\\/18.jpg\",\"description\":\"\"},{\"img\":\"main\\/news\\/19.jpg\",\"description\":\"\"},{\"img\":\"main\\/news\\/20.jpg\",\"description\":\"\"}]',16,'Botble\\Gallery\\Models\\Gallery','2024-08-09 11:03:29','2024-08-09 11:03:29'),(17,'[{\"img\":\"main\\/news\\/1.jpg\",\"description\":\"\"},{\"img\":\"main\\/news\\/2.jpg\",\"description\":\"\"},{\"img\":\"main\\/news\\/3.jpg\",\"description\":\"\"},{\"img\":\"main\\/news\\/4.jpg\",\"description\":\"\"},{\"img\":\"main\\/news\\/5.jpg\",\"description\":\"\"},{\"img\":\"main\\/news\\/6.jpg\",\"description\":\"\"},{\"img\":\"main\\/news\\/7.jpg\",\"description\":\"\"},{\"img\":\"main\\/news\\/8.jpg\",\"description\":\"\"},{\"img\":\"main\\/news\\/9.jpg\",\"description\":\"\"},{\"img\":\"main\\/news\\/10.jpg\",\"description\":\"\"},{\"img\":\"main\\/news\\/11.jpg\",\"description\":\"\"},{\"img\":\"main\\/news\\/12.jpg\",\"description\":\"\"},{\"img\":\"main\\/news\\/13.jpg\",\"description\":\"\"},{\"img\":\"main\\/news\\/14.jpg\",\"description\":\"\"},{\"img\":\"main\\/news\\/15.jpg\",\"description\":\"\"},{\"img\":\"main\\/news\\/16.jpg\",\"description\":\"\"},{\"img\":\"main\\/news\\/17.jpg\",\"description\":\"\"},{\"img\":\"main\\/news\\/18.jpg\",\"description\":\"\"},{\"img\":\"main\\/news\\/19.jpg\",\"description\":\"\"},{\"img\":\"main\\/news\\/20.jpg\",\"description\":\"\"}]',17,'Botble\\Gallery\\Models\\Gallery','2024-08-09 11:03:29','2024-08-09 11:03:29'),(18,'[{\"img\":\"main\\/news\\/1.jpg\",\"description\":\"\"},{\"img\":\"main\\/news\\/2.jpg\",\"description\":\"\"},{\"img\":\"main\\/news\\/3.jpg\",\"description\":\"\"},{\"img\":\"main\\/news\\/4.jpg\",\"description\":\"\"},{\"img\":\"main\\/news\\/5.jpg\",\"description\":\"\"},{\"img\":\"main\\/news\\/6.jpg\",\"description\":\"\"},{\"img\":\"main\\/news\\/7.jpg\",\"description\":\"\"},{\"img\":\"main\\/news\\/8.jpg\",\"description\":\"\"},{\"img\":\"main\\/news\\/9.jpg\",\"description\":\"\"},{\"img\":\"main\\/news\\/10.jpg\",\"description\":\"\"},{\"img\":\"main\\/news\\/11.jpg\",\"description\":\"\"},{\"img\":\"main\\/news\\/12.jpg\",\"description\":\"\"},{\"img\":\"main\\/news\\/13.jpg\",\"description\":\"\"},{\"img\":\"main\\/news\\/14.jpg\",\"description\":\"\"},{\"img\":\"main\\/news\\/15.jpg\",\"description\":\"\"},{\"img\":\"main\\/news\\/16.jpg\",\"description\":\"\"},{\"img\":\"main\\/news\\/17.jpg\",\"description\":\"\"},{\"img\":\"main\\/news\\/18.jpg\",\"description\":\"\"},{\"img\":\"main\\/news\\/19.jpg\",\"description\":\"\"},{\"img\":\"main\\/news\\/20.jpg\",\"description\":\"\"}]',18,'Botble\\Gallery\\Models\\Gallery','2024-08-09 11:03:29','2024-08-09 11:03:29'),(19,'[{\"img\":\"main\\/news\\/1.jpg\",\"description\":\"\"},{\"img\":\"main\\/news\\/2.jpg\",\"description\":\"\"},{\"img\":\"main\\/news\\/3.jpg\",\"description\":\"\"},{\"img\":\"main\\/news\\/4.jpg\",\"description\":\"\"},{\"img\":\"main\\/news\\/5.jpg\",\"description\":\"\"},{\"img\":\"main\\/news\\/6.jpg\",\"description\":\"\"},{\"img\":\"main\\/news\\/7.jpg\",\"description\":\"\"},{\"img\":\"main\\/news\\/8.jpg\",\"description\":\"\"},{\"img\":\"main\\/news\\/9.jpg\",\"description\":\"\"},{\"img\":\"main\\/news\\/10.jpg\",\"description\":\"\"},{\"img\":\"main\\/news\\/11.jpg\",\"description\":\"\"},{\"img\":\"main\\/news\\/12.jpg\",\"description\":\"\"},{\"img\":\"main\\/news\\/13.jpg\",\"description\":\"\"},{\"img\":\"main\\/news\\/14.jpg\",\"description\":\"\"},{\"img\":\"main\\/news\\/15.jpg\",\"description\":\"\"},{\"img\":\"main\\/news\\/16.jpg\",\"description\":\"\"},{\"img\":\"main\\/news\\/17.jpg\",\"description\":\"\"},{\"img\":\"main\\/news\\/18.jpg\",\"description\":\"\"},{\"img\":\"main\\/news\\/19.jpg\",\"description\":\"\"},{\"img\":\"main\\/news\\/20.jpg\",\"description\":\"\"}]',19,'Botble\\Gallery\\Models\\Gallery','2024-08-09 11:03:29','2024-08-09 11:03:29'),(20,'[{\"img\":\"main\\/news\\/1.jpg\",\"description\":\"\"},{\"img\":\"main\\/news\\/2.jpg\",\"description\":\"\"},{\"img\":\"main\\/news\\/3.jpg\",\"description\":\"\"},{\"img\":\"main\\/news\\/4.jpg\",\"description\":\"\"},{\"img\":\"main\\/news\\/5.jpg\",\"description\":\"\"},{\"img\":\"main\\/news\\/6.jpg\",\"description\":\"\"},{\"img\":\"main\\/news\\/7.jpg\",\"description\":\"\"},{\"img\":\"main\\/news\\/8.jpg\",\"description\":\"\"},{\"img\":\"main\\/news\\/9.jpg\",\"description\":\"\"},{\"img\":\"main\\/news\\/10.jpg\",\"description\":\"\"},{\"img\":\"main\\/news\\/11.jpg\",\"description\":\"\"},{\"img\":\"main\\/news\\/12.jpg\",\"description\":\"\"},{\"img\":\"main\\/news\\/13.jpg\",\"description\":\"\"},{\"img\":\"main\\/news\\/14.jpg\",\"description\":\"\"},{\"img\":\"main\\/news\\/15.jpg\",\"description\":\"\"},{\"img\":\"main\\/news\\/16.jpg\",\"description\":\"\"},{\"img\":\"main\\/news\\/17.jpg\",\"description\":\"\"},{\"img\":\"main\\/news\\/18.jpg\",\"description\":\"\"},{\"img\":\"main\\/news\\/19.jpg\",\"description\":\"\"},{\"img\":\"main\\/news\\/20.jpg\",\"description\":\"\"}]',20,'Botble\\Gallery\\Models\\Gallery','2024-08-09 11:03:29','2024-08-09 11:03:29');
/*!40000 ALTER TABLE `gallery_meta` ENABLE KEYS */;
UNLOCK TABLES;

--
-- Table structure for table `gallery_meta_translations`
--

DROP TABLE IF EXISTS `gallery_meta_translations`;
/*!40101 SET @saved_cs_client     = @@character_set_client */;
/*!50503 SET character_set_client = utf8mb4 */;
CREATE TABLE `gallery_meta_translations` (
  `lang_code` varchar(20) COLLATE utf8mb4_unicode_ci NOT NULL,
  `gallery_meta_id` bigint unsigned NOT NULL,
  `images` text COLLATE utf8mb4_unicode_ci,
  PRIMARY KEY (`lang_code`,`gallery_meta_id`)
) ENGINE=InnoDB DEFAULT CHARSET=utf8mb4 COLLATE=utf8mb4_unicode_ci;
/*!40101 SET character_set_client = @saved_cs_client */;

--
-- Dumping data for table `gallery_meta_translations`
--

LOCK TABLES `gallery_meta_translations` WRITE;
/*!40000 ALTER TABLE `gallery_meta_translations` DISABLE KEYS */;
/*!40000 ALTER TABLE `gallery_meta_translations` ENABLE KEYS */;
UNLOCK TABLES;

--
-- Table structure for table `jobs`
--

DROP TABLE IF EXISTS `jobs`;
/*!40101 SET @saved_cs_client     = @@character_set_client */;
/*!50503 SET character_set_client = utf8mb4 */;
CREATE TABLE `jobs` (
  `id` bigint unsigned NOT NULL AUTO_INCREMENT,
  `queue` varchar(191) COLLATE utf8mb4_unicode_ci NOT NULL,
  `payload` longtext COLLATE utf8mb4_unicode_ci NOT NULL,
  `attempts` tinyint unsigned NOT NULL,
  `reserved_at` int unsigned DEFAULT NULL,
  `available_at` int unsigned NOT NULL,
  `created_at` int unsigned NOT NULL,
  PRIMARY KEY (`id`),
  KEY `jobs_queue_index` (`queue`)
) ENGINE=InnoDB DEFAULT CHARSET=utf8mb4 COLLATE=utf8mb4_unicode_ci;
/*!40101 SET character_set_client = @saved_cs_client */;

--
-- Dumping data for table `jobs`
--

LOCK TABLES `jobs` WRITE;
/*!40000 ALTER TABLE `jobs` DISABLE KEYS */;
/*!40000 ALTER TABLE `jobs` ENABLE KEYS */;
UNLOCK TABLES;

--
-- Table structure for table `language_meta`
--

DROP TABLE IF EXISTS `language_meta`;
/*!40101 SET @saved_cs_client     = @@character_set_client */;
/*!50503 SET character_set_client = utf8mb4 */;
CREATE TABLE `language_meta` (
  `lang_meta_id` bigint unsigned NOT NULL AUTO_INCREMENT,
  `lang_meta_code` varchar(20) COLLATE utf8mb4_unicode_ci DEFAULT NULL,
  `lang_meta_origin` varchar(32) COLLATE utf8mb4_unicode_ci NOT NULL,
  `reference_id` bigint unsigned NOT NULL,
  `reference_type` varchar(120) COLLATE utf8mb4_unicode_ci NOT NULL,
  PRIMARY KEY (`lang_meta_id`),
  KEY `language_meta_reference_id_index` (`reference_id`),
  KEY `meta_code_index` (`lang_meta_code`),
  KEY `meta_origin_index` (`lang_meta_origin`),
  KEY `meta_reference_type_index` (`reference_type`)
) ENGINE=InnoDB AUTO_INCREMENT=3 DEFAULT CHARSET=utf8mb4 COLLATE=utf8mb4_unicode_ci;
/*!40101 SET character_set_client = @saved_cs_client */;

--
-- Dumping data for table `language_meta`
--

LOCK TABLES `language_meta` WRITE;
/*!40000 ALTER TABLE `language_meta` DISABLE KEYS */;
INSERT INTO `language_meta` VALUES (1,'en_US','fe171a12934823585ca15a286bc48268',1,'Botble\\Menu\\Models\\MenuLocation'),(2,'en_US','80236bb5f0798dd761c85b156f5eb0f2',1,'Botble\\Menu\\Models\\Menu');
/*!40000 ALTER TABLE `language_meta` ENABLE KEYS */;
UNLOCK TABLES;

--
-- Table structure for table `languages`
--

DROP TABLE IF EXISTS `languages`;
/*!40101 SET @saved_cs_client     = @@character_set_client */;
/*!50503 SET character_set_client = utf8mb4 */;
CREATE TABLE `languages` (
  `lang_id` bigint unsigned NOT NULL AUTO_INCREMENT,
  `lang_name` varchar(120) COLLATE utf8mb4_unicode_ci NOT NULL,
  `lang_locale` varchar(20) COLLATE utf8mb4_unicode_ci NOT NULL,
  `lang_code` varchar(20) COLLATE utf8mb4_unicode_ci NOT NULL,
  `lang_flag` varchar(20) COLLATE utf8mb4_unicode_ci DEFAULT NULL,
  `lang_is_default` tinyint unsigned NOT NULL DEFAULT '0',
  `lang_order` int NOT NULL DEFAULT '0',
  `lang_is_rtl` tinyint unsigned NOT NULL DEFAULT '0',
  PRIMARY KEY (`lang_id`),
  KEY `lang_locale_index` (`lang_locale`),
  KEY `lang_code_index` (`lang_code`),
  KEY `lang_is_default_index` (`lang_is_default`)
) ENGINE=InnoDB AUTO_INCREMENT=2 DEFAULT CHARSET=utf8mb4 COLLATE=utf8mb4_unicode_ci;
/*!40101 SET character_set_client = @saved_cs_client */;

--
-- Dumping data for table `languages`
--

LOCK TABLES `languages` WRITE;
/*!40000 ALTER TABLE `languages` DISABLE KEYS */;
INSERT INTO `languages` VALUES (1,'English','en','en_US','us',1,0,0);
/*!40000 ALTER TABLE `languages` ENABLE KEYS */;
UNLOCK TABLES;

--
-- Table structure for table `media_files`
--

DROP TABLE IF EXISTS `media_files`;
/*!40101 SET @saved_cs_client     = @@character_set_client */;
/*!50503 SET character_set_client = utf8mb4 */;
CREATE TABLE `media_files` (
  `id` bigint unsigned NOT NULL AUTO_INCREMENT,
  `user_id` bigint unsigned NOT NULL,
  `name` varchar(191) COLLATE utf8mb4_unicode_ci NOT NULL,
  `alt` varchar(191) COLLATE utf8mb4_unicode_ci DEFAULT NULL,
  `folder_id` bigint unsigned NOT NULL DEFAULT '0',
  `mime_type` varchar(120) COLLATE utf8mb4_unicode_ci NOT NULL,
  `size` int NOT NULL,
  `url` varchar(191) COLLATE utf8mb4_unicode_ci NOT NULL,
  `options` text COLLATE utf8mb4_unicode_ci,
  `created_at` timestamp NULL DEFAULT NULL,
  `updated_at` timestamp NULL DEFAULT NULL,
  `deleted_at` timestamp NULL DEFAULT NULL,
  `visibility` varchar(191) COLLATE utf8mb4_unicode_ci NOT NULL DEFAULT 'public',
  PRIMARY KEY (`id`),
  KEY `media_files_user_id_index` (`user_id`),
  KEY `media_files_index` (`folder_id`,`user_id`,`created_at`)
) ENGINE=InnoDB AUTO_INCREMENT=53 DEFAULT CHARSET=utf8mb4 COLLATE=utf8mb4_unicode_ci;
/*!40101 SET character_set_client = @saved_cs_client */;

--
-- Dumping data for table `media_files`
--

LOCK TABLES `media_files` WRITE;
/*!40000 ALTER TABLE `media_files` DISABLE KEYS */;
INSERT INTO `media_files` VALUES (1,0,'about-1','about-1',2,'image/png',8467,'main/general/about-1.png','[]','2024-08-09 11:03:14','2024-08-09 11:03:14',NULL,'public'),(2,0,'about-2','about-2',2,'image/png',8467,'main/general/about-2.png','[]','2024-08-09 11:03:14','2024-08-09 11:03:14',NULL,'public'),(3,0,'about-video-1','about-video-1',2,'image/png',20777,'main/general/about-video-1.png','[]','2024-08-09 11:03:15','2024-08-09 11:03:15',NULL,'public'),(4,0,'ads-banner','ads-banner',2,'image/png',75705,'main/general/ads-banner.png','[]','2024-08-09 11:03:15','2024-08-09 11:03:15',NULL,'public'),(5,0,'app-downloads','app-downloads',2,'image/png',7092,'main/general/app-downloads.png','[]','2024-08-09 11:03:15','2024-08-09 11:03:15',NULL,'public'),(6,0,'blog-3','blog-3',2,'image/png',5919,'main/general/blog-3.png','[]','2024-08-09 11:03:15','2024-08-09 11:03:15',NULL,'public'),(7,0,'blog-4','blog-4',2,'image/png',5919,'main/general/blog-4.png','[]','2024-08-09 11:03:15','2024-08-09 11:03:15',NULL,'public'),(8,0,'blog-5','blog-5',2,'image/png',8614,'main/general/blog-5.png','[]','2024-08-09 11:03:15','2024-08-09 11:03:15',NULL,'public'),(9,0,'blog-shape-image','blog-shape-image',2,'image/png',1182,'main/general/blog-shape-image.png','[]','2024-08-09 11:03:16','2024-08-09 11:03:16',NULL,'public'),(10,0,'favicon','favicon',2,'image/png',693,'main/general/favicon.png','[]','2024-08-09 11:03:16','2024-08-09 11:03:16',NULL,'public'),(11,0,'logo-dark','logo-dark',2,'image/png',2098,'main/general/logo-dark.png','[]','2024-08-09 11:03:16','2024-08-09 11:03:16',NULL,'public'),(12,0,'logo','logo',2,'image/png',2593,'main/general/logo.png','[]','2024-08-09 11:03:16','2024-08-09 11:03:16',NULL,'public'),(13,0,'newsletter-image','newsletter-image',2,'image/png',22929,'main/general/newsletter-image.png','[]','2024-08-09 11:03:16','2024-08-09 11:03:16',NULL,'public'),(14,0,'newsletter-popup','newsletter-popup',2,'image/png',24175,'main/general/newsletter-popup.png','[]','2024-08-09 11:03:16','2024-08-09 11:03:16',NULL,'public'),(15,0,'signature','signature',2,'image/png',2197,'main/general/signature.png','[]','2024-08-09 11:03:16','2024-08-09 11:03:16',NULL,'public'),(16,0,'1','1',3,'image/png',9803,'main/members/1.png','[]','2024-08-09 11:03:17','2024-08-09 11:03:17',NULL,'public'),(17,0,'2','2',3,'image/png',9803,'main/members/2.png','[]','2024-08-09 11:03:17','2024-08-09 11:03:17',NULL,'public'),(18,0,'3','3',3,'image/png',9803,'main/members/3.png','[]','2024-08-09 11:03:17','2024-08-09 11:03:17',NULL,'public'),(19,0,'4','4',3,'image/png',9803,'main/members/4.png','[]','2024-08-09 11:03:17','2024-08-09 11:03:17',NULL,'public'),(20,0,'5','5',3,'image/png',9803,'main/members/5.png','[]','2024-08-09 11:03:18','2024-08-09 11:03:18',NULL,'public'),(21,0,'6','6',3,'image/png',9803,'main/members/6.png','[]','2024-08-09 11:03:18','2024-08-09 11:03:18',NULL,'public'),(22,0,'7','7',3,'image/png',9803,'main/members/7.png','[]','2024-08-09 11:03:18','2024-08-09 11:03:18',NULL,'public'),(23,0,'8','8',3,'image/png',9803,'main/members/8.png','[]','2024-08-09 11:03:18','2024-08-09 11:03:18',NULL,'public'),(24,0,'1','1',4,'image/jpeg',33268,'main/news/1.jpg','[]','2024-08-09 11:03:20','2024-08-09 11:03:20',NULL,'public'),(25,0,'10','10',4,'image/jpeg',33268,'main/news/10.jpg','[]','2024-08-09 11:03:21','2024-08-09 11:03:21',NULL,'public'),(26,0,'11','11',4,'image/jpeg',33268,'main/news/11.jpg','[]','2024-08-09 11:03:21','2024-08-09 11:03:21',NULL,'public'),(27,0,'12','12',4,'image/jpeg',33268,'main/news/12.jpg','[]','2024-08-09 11:03:22','2024-08-09 11:03:22',NULL,'public'),(28,0,'13','13',4,'image/jpeg',33268,'main/news/13.jpg','[]','2024-08-09 11:03:22','2024-08-09 11:03:22',NULL,'public'),(29,0,'14','14',4,'image/jpeg',33268,'main/news/14.jpg','[]','2024-08-09 11:03:23','2024-08-09 11:03:23',NULL,'public'),(30,0,'15','15',4,'image/jpeg',33268,'main/news/15.jpg','[]','2024-08-09 11:03:23','2024-08-09 11:03:23',NULL,'public'),(31,0,'16','16',4,'image/jpeg',33268,'main/news/16.jpg','[]','2024-08-09 11:03:23','2024-08-09 11:03:23',NULL,'public'),(32,0,'17','17',4,'image/jpeg',33268,'main/news/17.jpg','[]','2024-08-09 11:03:24','2024-08-09 11:03:24',NULL,'public'),(33,0,'18','18',4,'image/jpeg',33268,'main/news/18.jpg','[]','2024-08-09 11:03:24','2024-08-09 11:03:24',NULL,'public'),(34,0,'19','19',4,'image/jpeg',33268,'main/news/19.jpg','[]','2024-08-09 11:03:25','2024-08-09 11:03:25',NULL,'public'),(35,0,'2','2',4,'image/jpeg',33268,'main/news/2.jpg','[]','2024-08-09 11:03:25','2024-08-09 11:03:25',NULL,'public'),(36,0,'20','20',4,'image/jpeg',33268,'main/news/20.jpg','[]','2024-08-09 11:03:26','2024-08-09 11:03:26',NULL,'public'),(37,0,'3','3',4,'image/jpeg',33268,'main/news/3.jpg','[]','2024-08-09 11:03:26','2024-08-09 11:03:26',NULL,'public'),(38,0,'4','4',4,'image/jpeg',33268,'main/news/4.jpg','[]','2024-08-09 11:03:26','2024-08-09 11:03:26',NULL,'public'),(39,0,'5','5',4,'image/jpeg',33268,'main/news/5.jpg','[]','2024-08-09 11:03:27','2024-08-09 11:03:27',NULL,'public'),(40,0,'6','6',4,'image/jpeg',33268,'main/news/6.jpg','[]','2024-08-09 11:03:27','2024-08-09 11:03:27',NULL,'public'),(41,0,'7','7',4,'image/jpeg',33268,'main/news/7.jpg','[]','2024-08-09 11:03:28','2024-08-09 11:03:28',NULL,'public'),(42,0,'8','8',4,'image/jpeg',33268,'main/news/8.jpg','[]','2024-08-09 11:03:28','2024-08-09 11:03:28',NULL,'public'),(43,0,'9','9',4,'image/jpeg',33268,'main/news/9.jpg','[]','2024-08-09 11:03:29','2024-08-09 11:03:29',NULL,'public'),(44,0,'audio','audio',5,'audio/mpeg',239584,'main/audio/audio.mp3','[]','2024-08-09 11:03:29','2024-08-09 11:03:29',NULL,'public'),(45,0,'breadcrumb','breadcrumb',6,'image/png',109184,'main/backgrounds/breadcrumb.png','[]','2024-08-09 11:03:29','2024-08-09 11:03:29',NULL,'public'),(46,0,'newsletter-bg','newsletter-bg',6,'image/png',15427,'main/backgrounds/newsletter-bg.png','[]','2024-08-09 11:03:29','2024-08-09 11:03:29',NULL,'public'),(47,0,'1','1',7,'image/png',1455,'main/blog-categories/1.png','[]','2024-08-09 11:03:30','2024-08-09 11:03:30',NULL,'public'),(48,0,'2','2',7,'image/png',1455,'main/blog-categories/2.png','[]','2024-08-09 11:03:30','2024-08-09 11:03:30',NULL,'public'),(49,0,'3','3',7,'image/png',1455,'main/blog-categories/3.png','[]','2024-08-09 11:03:30','2024-08-09 11:03:30',NULL,'public'),(50,0,'4','4',7,'image/png',1455,'main/blog-categories/4.png','[]','2024-08-09 11:03:30','2024-08-09 11:03:30',NULL,'public'),(51,0,'5','5',7,'image/png',1455,'main/blog-categories/5.png','[]','2024-08-09 11:03:30','2024-08-09 11:03:30',NULL,'public'),(52,0,'breaking-news-icon','breaking-news-icon',8,'image/png',1133,'main/icons/breaking-news-icon.png','[]','2024-08-09 11:03:30','2024-08-09 11:03:30',NULL,'public');
/*!40000 ALTER TABLE `media_files` ENABLE KEYS */;
UNLOCK TABLES;

--
-- Table structure for table `media_folders`
--

DROP TABLE IF EXISTS `media_folders`;
/*!40101 SET @saved_cs_client     = @@character_set_client */;
/*!50503 SET character_set_client = utf8mb4 */;
CREATE TABLE `media_folders` (
  `id` bigint unsigned NOT NULL AUTO_INCREMENT,
  `user_id` bigint unsigned NOT NULL,
  `name` varchar(191) COLLATE utf8mb4_unicode_ci DEFAULT NULL,
  `color` varchar(191) COLLATE utf8mb4_unicode_ci DEFAULT NULL,
  `slug` varchar(191) COLLATE utf8mb4_unicode_ci DEFAULT NULL,
  `parent_id` bigint unsigned NOT NULL DEFAULT '0',
  `created_at` timestamp NULL DEFAULT NULL,
  `updated_at` timestamp NULL DEFAULT NULL,
  `deleted_at` timestamp NULL DEFAULT NULL,
  PRIMARY KEY (`id`),
  KEY `media_folders_user_id_index` (`user_id`),
  KEY `media_folders_index` (`parent_id`,`user_id`,`created_at`)
) ENGINE=InnoDB AUTO_INCREMENT=9 DEFAULT CHARSET=utf8mb4 COLLATE=utf8mb4_unicode_ci;
/*!40101 SET character_set_client = @saved_cs_client */;

--
-- Dumping data for table `media_folders`
--

LOCK TABLES `media_folders` WRITE;
/*!40000 ALTER TABLE `media_folders` DISABLE KEYS */;
INSERT INTO `media_folders` VALUES (1,0,'main',NULL,'main',0,'2024-08-09 11:03:14','2024-08-09 11:03:14',NULL),(2,0,'general',NULL,'general',1,'2024-08-09 11:03:14','2024-08-09 11:03:14',NULL),(3,0,'members',NULL,'members',1,'2024-08-09 11:03:17','2024-08-09 11:03:17',NULL),(4,0,'news',NULL,'news',1,'2024-08-09 11:03:20','2024-08-09 11:03:20',NULL),(5,0,'audio',NULL,'audio',1,'2024-08-09 11:03:29','2024-08-09 11:03:29',NULL),(6,0,'backgrounds',NULL,'backgrounds',1,'2024-08-09 11:03:29','2024-08-09 11:03:29',NULL),(7,0,'blog-categories',NULL,'blog-categories',1,'2024-08-09 11:03:30','2024-08-09 11:03:30',NULL),(8,0,'icons',NULL,'icons',1,'2024-08-09 11:03:30','2024-08-09 11:03:30',NULL);
/*!40000 ALTER TABLE `media_folders` ENABLE KEYS */;
UNLOCK TABLES;

--
-- Table structure for table `media_settings`
--

DROP TABLE IF EXISTS `media_settings`;
/*!40101 SET @saved_cs_client     = @@character_set_client */;
/*!50503 SET character_set_client = utf8mb4 */;
CREATE TABLE `media_settings` (
  `id` bigint unsigned NOT NULL AUTO_INCREMENT,
  `key` varchar(120) COLLATE utf8mb4_unicode_ci NOT NULL,
  `value` text COLLATE utf8mb4_unicode_ci,
  `media_id` bigint unsigned DEFAULT NULL,
  `user_id` bigint unsigned DEFAULT NULL,
  `created_at` timestamp NULL DEFAULT NULL,
  `updated_at` timestamp NULL DEFAULT NULL,
  PRIMARY KEY (`id`)
) ENGINE=InnoDB DEFAULT CHARSET=utf8mb4 COLLATE=utf8mb4_unicode_ci;
/*!40101 SET character_set_client = @saved_cs_client */;

--
-- Dumping data for table `media_settings`
--

LOCK TABLES `media_settings` WRITE;
/*!40000 ALTER TABLE `media_settings` DISABLE KEYS */;
/*!40000 ALTER TABLE `media_settings` ENABLE KEYS */;
UNLOCK TABLES;

--
-- Table structure for table `member_activity_logs`
--

DROP TABLE IF EXISTS `member_activity_logs`;
/*!40101 SET @saved_cs_client     = @@character_set_client */;
/*!50503 SET character_set_client = utf8mb4 */;
CREATE TABLE `member_activity_logs` (
  `id` bigint unsigned NOT NULL AUTO_INCREMENT,
  `action` varchar(120) COLLATE utf8mb4_unicode_ci NOT NULL,
  `user_agent` text COLLATE utf8mb4_unicode_ci,
  `reference_url` varchar(191) COLLATE utf8mb4_unicode_ci DEFAULT NULL,
  `reference_name` varchar(191) COLLATE utf8mb4_unicode_ci DEFAULT NULL,
  `ip_address` varchar(45) COLLATE utf8mb4_unicode_ci DEFAULT NULL,
  `member_id` bigint unsigned NOT NULL,
  `created_at` timestamp NULL DEFAULT NULL,
  `updated_at` timestamp NULL DEFAULT NULL,
  PRIMARY KEY (`id`),
  KEY `member_activity_logs_member_id_index` (`member_id`)
) ENGINE=InnoDB DEFAULT CHARSET=utf8mb4 COLLATE=utf8mb4_unicode_ci;
/*!40101 SET character_set_client = @saved_cs_client */;

--
-- Dumping data for table `member_activity_logs`
--

LOCK TABLES `member_activity_logs` WRITE;
/*!40000 ALTER TABLE `member_activity_logs` DISABLE KEYS */;
/*!40000 ALTER TABLE `member_activity_logs` ENABLE KEYS */;
UNLOCK TABLES;

--
-- Table structure for table `member_password_resets`
--

DROP TABLE IF EXISTS `member_password_resets`;
/*!40101 SET @saved_cs_client     = @@character_set_client */;
/*!50503 SET character_set_client = utf8mb4 */;
CREATE TABLE `member_password_resets` (
  `email` varchar(191) COLLATE utf8mb4_unicode_ci NOT NULL,
  `token` varchar(191) COLLATE utf8mb4_unicode_ci NOT NULL,
  `created_at` timestamp NULL DEFAULT NULL,
  KEY `member_password_resets_email_index` (`email`),
  KEY `member_password_resets_token_index` (`token`)
) ENGINE=InnoDB DEFAULT CHARSET=utf8mb4 COLLATE=utf8mb4_unicode_ci;
/*!40101 SET character_set_client = @saved_cs_client */;

--
-- Dumping data for table `member_password_resets`
--

LOCK TABLES `member_password_resets` WRITE;
/*!40000 ALTER TABLE `member_password_resets` DISABLE KEYS */;
/*!40000 ALTER TABLE `member_password_resets` ENABLE KEYS */;
UNLOCK TABLES;

--
-- Table structure for table `members`
--

DROP TABLE IF EXISTS `members`;
/*!40101 SET @saved_cs_client     = @@character_set_client */;
/*!50503 SET character_set_client = utf8mb4 */;
CREATE TABLE `members` (
  `id` bigint unsigned NOT NULL AUTO_INCREMENT,
  `first_name` varchar(120) COLLATE utf8mb4_unicode_ci NOT NULL,
  `last_name` varchar(120) COLLATE utf8mb4_unicode_ci NOT NULL,
  `description` text COLLATE utf8mb4_unicode_ci,
  `gender` varchar(20) COLLATE utf8mb4_unicode_ci DEFAULT NULL,
  `email` varchar(191) COLLATE utf8mb4_unicode_ci NOT NULL,
  `password` varchar(191) COLLATE utf8mb4_unicode_ci NOT NULL,
  `avatar_id` bigint unsigned DEFAULT NULL,
  `dob` date DEFAULT NULL,
  `phone` varchar(25) COLLATE utf8mb4_unicode_ci DEFAULT NULL,
  `confirmed_at` datetime DEFAULT NULL,
  `email_verify_token` varchar(120) COLLATE utf8mb4_unicode_ci DEFAULT NULL,
  `remember_token` varchar(100) COLLATE utf8mb4_unicode_ci DEFAULT NULL,
  `created_at` timestamp NULL DEFAULT NULL,
  `updated_at` timestamp NULL DEFAULT NULL,
  `status` varchar(60) COLLATE utf8mb4_unicode_ci NOT NULL DEFAULT 'published',
  PRIMARY KEY (`id`),
  UNIQUE KEY `members_email_unique` (`email`)
) ENGINE=InnoDB AUTO_INCREMENT=9 DEFAULT CHARSET=utf8mb4 COLLATE=utf8mb4_unicode_ci;
/*!40101 SET character_set_client = @saved_cs_client */;

--
-- Dumping data for table `members`
--

LOCK TABLES `members` WRITE;
/*!40000 ALTER TABLE `members` DISABLE KEYS */;
INSERT INTO `members` VALUES (1,'John','Smith','Hatter: \'I\'m on the same.',NULL,'member@archielite.com','$2y$12$3QdIyMGSejidMJsPlVHbe.LH3myLSj2bPuhdSUoFFmpJM8CvJkFka',16,'2022-12-20','+1-949-249-8932','2024-08-09 18:03:18',NULL,NULL,'2024-08-09 11:03:18','2024-08-09 11:03:18','published'),(2,'Georgiana','Cole','Hi, Im Georgiana Cole, Your Blogging Journey Guide . Writing, one blog post at a time, to inspire, inform, and ignite your curiosity. Join me as we explore the world through words and embark on a limitless adventure of knowledge and creativity. Lets bring your thoughts to life on these digital pages.  #BloggingAdventures',NULL,'germaine.berge@schumm.com','$2y$12$rB4FiRn/dKPByj4cqDqQGOBvqRIK84Untpn6KHtmDnFos.Apmkt8m',17,'1992-12-11','479.474.3611','2024-08-09 18:03:18',NULL,NULL,'2024-08-09 11:03:19','2024-08-09 11:03:19','published'),(3,'Barton','Hahn','Hi, Im Barton Hahn, Your Blogging Journey Guide . Writing, one blog post at a time, to inspire, inform, and ignite your curiosity. Join me as we explore the world through words and embark on a limitless adventure of knowledge and creativity. Lets bring your thoughts to life on these digital pages.  #BloggingAdventures',NULL,'haylee.johnston@gmail.com','$2y$12$lXEJKs328DF5HQSofbCkouvfbIZd6HMWZ/VeHf5mjz.A.g7BEnqkK',18,'2000-06-18','+15637132224','2024-08-09 18:03:18',NULL,NULL,'2024-08-09 11:03:19','2024-08-09 11:03:19','published'),(4,'Percival','Gaylord','Hi, Im Percival Gaylord, Your Blogging Journey Guide . Writing, one blog post at a time, to inspire, inform, and ignite your curiosity. Join me as we explore the world through words and embark on a limitless adventure of knowledge and creativity. Lets bring your thoughts to life on these digital pages.  #BloggingAdventures',NULL,'baumbach.raphaelle@tremblay.com','$2y$12$G33CMY0.UFr9ffbUhGYglOL7QPPiFpqticuQM6v4MfxFIY4V8.myS',19,'1992-10-29','(650) 705-6259','2024-08-09 18:03:18',NULL,NULL,'2024-08-09 11:03:19','2024-08-09 11:03:19','published'),(5,'Dovie','Stanton','Hi, Im Dovie Stanton, Your Blogging Journey Guide . Writing, one blog post at a time, to inspire, inform, and ignite your curiosity. Join me as we explore the world through words and embark on a limitless adventure of knowledge and creativity. Lets bring your thoughts to life on these digital pages.  #BloggingAdventures',NULL,'kyleigh.torp@turner.net','$2y$12$UrNlGc.oFqVuwAi7RAeErehWcF0QTbTE4jEoQgEHOihhPoVORDwO6',20,'2016-08-12','+14804265011','2024-08-09 18:03:18',NULL,NULL,'2024-08-09 11:03:20','2024-08-09 11:03:20','published'),(6,'Lemuel','Wiegand','Hi, Im Lemuel Wiegand, Your Blogging Journey Guide . Writing, one blog post at a time, to inspire, inform, and ignite your curiosity. Join me as we explore the world through words and embark on a limitless adventure of knowledge and creativity. Lets bring your thoughts to life on these digital pages.  #BloggingAdventures',NULL,'tia51@yahoo.com','$2y$12$GI21IAUGycqOgBLrOc1vC.TjmdiGok7xth8UmCJGBjrk5/4NamU0.',21,'1991-09-08','(918) 775-9154','2024-08-09 18:03:18',NULL,NULL,'2024-08-09 11:03:20','2024-08-09 11:03:20','published'),(7,'Connor','Hoeger','Hi, Im Connor Hoeger, Your Blogging Journey Guide . Writing, one blog post at a time, to inspire, inform, and ignite your curiosity. Join me as we explore the world through words and embark on a limitless adventure of knowledge and creativity. Lets bring your thoughts to life on these digital pages.  #BloggingAdventures',NULL,'andy.ullrich@schowalter.biz','$2y$12$TBTq8hT0bQiyJElLh68gn.BWM3yWvGmkH.Zxl6HvZhZUbAlHQ2DRy',22,'1978-04-13','215.342.3277','2024-08-09 18:03:18',NULL,NULL,'2024-08-09 11:03:20','2024-08-09 11:03:20','published'),(8,'Keanu','Halvorson','Hi, Im Keanu Halvorson, Your Blogging Journey Guide . Writing, one blog post at a time, to inspire, inform, and ignite your curiosity. Join me as we explore the world through words and embark on a limitless adventure of knowledge and creativity. Lets bring your thoughts to life on these digital pages.  #BloggingAdventures',NULL,'efarrell@yahoo.com','$2y$12$uNhc9rnYvbuJg9h8lmq0AuhDsaboH.h9S9gvuMEojT4f.TtELq5Pa',23,'1982-10-05','1-785-748-6174','2024-08-09 18:03:18',NULL,NULL,'2024-08-09 11:03:20','2024-08-09 11:03:20','published');
/*!40000 ALTER TABLE `members` ENABLE KEYS */;
UNLOCK TABLES;

--
-- Table structure for table `menu_locations`
--

DROP TABLE IF EXISTS `menu_locations`;
/*!40101 SET @saved_cs_client     = @@character_set_client */;
/*!50503 SET character_set_client = utf8mb4 */;
CREATE TABLE `menu_locations` (
  `id` bigint unsigned NOT NULL AUTO_INCREMENT,
  `menu_id` bigint unsigned NOT NULL,
  `location` varchar(191) COLLATE utf8mb4_unicode_ci NOT NULL,
  `created_at` timestamp NULL DEFAULT NULL,
  `updated_at` timestamp NULL DEFAULT NULL,
  PRIMARY KEY (`id`),
  KEY `menu_locations_menu_id_created_at_index` (`menu_id`,`created_at`)
) ENGINE=InnoDB AUTO_INCREMENT=2 DEFAULT CHARSET=utf8mb4 COLLATE=utf8mb4_unicode_ci;
/*!40101 SET character_set_client = @saved_cs_client */;

--
-- Dumping data for table `menu_locations`
--

LOCK TABLES `menu_locations` WRITE;
/*!40000 ALTER TABLE `menu_locations` DISABLE KEYS */;
INSERT INTO `menu_locations` VALUES (1,1,'main-menu','2024-08-09 11:03:30','2024-08-09 11:03:30');
/*!40000 ALTER TABLE `menu_locations` ENABLE KEYS */;
UNLOCK TABLES;

--
-- Table structure for table `menu_nodes`
--

DROP TABLE IF EXISTS `menu_nodes`;
/*!40101 SET @saved_cs_client     = @@character_set_client */;
/*!50503 SET character_set_client = utf8mb4 */;
CREATE TABLE `menu_nodes` (
  `id` bigint unsigned NOT NULL AUTO_INCREMENT,
  `menu_id` bigint unsigned NOT NULL,
  `parent_id` bigint unsigned NOT NULL DEFAULT '0',
  `reference_id` bigint unsigned DEFAULT NULL,
  `reference_type` varchar(191) COLLATE utf8mb4_unicode_ci DEFAULT NULL,
  `url` varchar(191) COLLATE utf8mb4_unicode_ci DEFAULT NULL,
  `icon_font` varchar(191) COLLATE utf8mb4_unicode_ci DEFAULT NULL,
  `position` tinyint unsigned NOT NULL DEFAULT '0',
  `title` varchar(191) COLLATE utf8mb4_unicode_ci DEFAULT NULL,
  `css_class` varchar(191) COLLATE utf8mb4_unicode_ci DEFAULT NULL,
  `target` varchar(20) COLLATE utf8mb4_unicode_ci NOT NULL DEFAULT '_self',
  `has_child` tinyint unsigned NOT NULL DEFAULT '0',
  `created_at` timestamp NULL DEFAULT NULL,
  `updated_at` timestamp NULL DEFAULT NULL,
  PRIMARY KEY (`id`),
  KEY `menu_nodes_menu_id_index` (`menu_id`),
  KEY `menu_nodes_parent_id_index` (`parent_id`),
  KEY `reference_id` (`reference_id`),
  KEY `reference_type` (`reference_type`)
) ENGINE=InnoDB AUTO_INCREMENT=24 DEFAULT CHARSET=utf8mb4 COLLATE=utf8mb4_unicode_ci;
/*!40101 SET character_set_client = @saved_cs_client */;

--
-- Dumping data for table `menu_nodes`
--

LOCK TABLES `menu_nodes` WRITE;
/*!40000 ALTER TABLE `menu_nodes` DISABLE KEYS */;
INSERT INTO `menu_nodes` VALUES (1,1,0,NULL,NULL,'/',NULL,0,'Home',NULL,'_self',1,'2024-08-09 11:03:30','2024-08-09 11:03:30'),(2,1,1,NULL,NULL,'https://echo-sports.archielite.com',NULL,0,'Home Sports',NULL,'_self',0,'2024-08-09 11:03:30','2024-08-09 11:03:30'),(3,1,1,NULL,NULL,'https://echo-travel.archielite.com',NULL,0,'Home Travel',NULL,'_self',0,'2024-08-09 11:03:30','2024-08-09 11:03:30'),(4,1,1,NULL,NULL,'https://echo-ai.archielite.com',NULL,0,'Home AI',NULL,'_self',0,'2024-08-09 11:03:30','2024-08-09 11:03:30'),(5,1,1,NULL,NULL,'https://echo-politics.archielite.com',NULL,0,'Home Politics',NULL,'_self',0,'2024-08-09 11:03:30','2024-08-09 11:03:30'),(6,1,1,NULL,NULL,'https://echo-food.archielite.com',NULL,0,'Home Food',NULL,'_self',0,'2024-08-09 11:03:30','2024-08-09 11:03:30'),(7,1,1,NULL,NULL,'https://echo-photography.archielite.com',NULL,0,'Home Photography',NULL,'_self',0,'2024-08-09 11:03:30','2024-08-09 11:03:30'),(8,1,1,NULL,NULL,'https://echo.archielite.com',NULL,0,'Home News',NULL,'_self',0,'2024-08-09 11:03:30','2024-08-09 11:03:30'),(9,1,1,NULL,NULL,'https://echo-fashion.archielite.com',NULL,0,'Home Fashion',NULL,'_self',0,'2024-08-09 11:03:30','2024-08-09 11:03:30'),(10,1,1,NULL,NULL,'https://echo-technology.archielite.com',NULL,0,'Home Technology',NULL,'_self',0,'2024-08-09 11:03:30','2024-08-09 11:03:30'),(11,1,1,NULL,NULL,'https://echo-gaming.archielite.com',NULL,0,'Home Gaming',NULL,'_self',0,'2024-08-09 11:03:30','2024-08-09 11:03:30'),(12,1,0,NULL,NULL,'/',NULL,0,'Pages',NULL,'_self',1,'2024-08-09 11:03:30','2024-08-09 11:03:30'),(13,1,12,NULL,NULL,'/about-us',NULL,0,'About',NULL,'_self',0,'2024-08-09 11:03:30','2024-08-09 11:03:30'),(14,1,12,NULL,NULL,'/author/smith',NULL,0,'Author',NULL,'_self',0,'2024-08-09 11:03:30','2024-08-09 11:03:30'),(15,1,12,NULL,NULL,'/team',NULL,0,'Team',NULL,'_self',0,'2024-08-09 11:03:30','2024-08-09 11:03:30'),(16,1,12,NULL,NULL,'/error-page',NULL,0,'Error Page',NULL,'_self',0,'2024-08-09 11:03:30','2024-08-09 11:03:30'),(17,1,0,NULL,NULL,'/blog',NULL,0,'Blog',NULL,'_self',1,'2024-08-09 11:03:30','2024-08-09 11:03:30'),(18,1,17,NULL,NULL,'/blog?style=card',NULL,0,'Blog Card',NULL,'_self',0,'2024-08-09 11:03:30','2024-08-09 11:03:30'),(19,1,17,NULL,NULL,'/blog?style=list',NULL,0,'Blog List',NULL,'_self',0,'2024-08-09 11:03:30','2024-08-09 11:03:30'),(20,1,17,NULL,NULL,'/blog?style=grid',NULL,0,'Blog Grid',NULL,'_self',0,'2024-08-09 11:03:30','2024-08-09 11:03:30'),(21,1,17,NULL,NULL,'/blog?style=mixed',NULL,0,'Blog Mixed',NULL,'_self',0,'2024-08-09 11:03:30','2024-08-09 11:03:30'),(22,1,0,1,'Botble\\Blog\\Models\\Post','/blog/scientists-make-breakthrough-in-cancer-research',NULL,0,'Post',NULL,'_self',0,'2024-08-09 11:03:30','2024-08-09 11:03:30'),(23,1,0,NULL,NULL,'contact',NULL,0,'Contact',NULL,'_self',0,'2024-08-09 11:03:30','2024-08-09 11:03:30');
/*!40000 ALTER TABLE `menu_nodes` ENABLE KEYS */;
UNLOCK TABLES;

--
-- Table structure for table `menus`
--

DROP TABLE IF EXISTS `menus`;
/*!40101 SET @saved_cs_client     = @@character_set_client */;
/*!50503 SET character_set_client = utf8mb4 */;
CREATE TABLE `menus` (
  `id` bigint unsigned NOT NULL AUTO_INCREMENT,
  `name` varchar(120) COLLATE utf8mb4_unicode_ci NOT NULL,
  `slug` varchar(120) COLLATE utf8mb4_unicode_ci DEFAULT NULL,
  `status` varchar(60) COLLATE utf8mb4_unicode_ci NOT NULL DEFAULT 'published',
  `created_at` timestamp NULL DEFAULT NULL,
  `updated_at` timestamp NULL DEFAULT NULL,
  PRIMARY KEY (`id`),
  UNIQUE KEY `menus_slug_unique` (`slug`)
) ENGINE=InnoDB AUTO_INCREMENT=2 DEFAULT CHARSET=utf8mb4 COLLATE=utf8mb4_unicode_ci;
/*!40101 SET character_set_client = @saved_cs_client */;

--
-- Dumping data for table `menus`
--

LOCK TABLES `menus` WRITE;
/*!40000 ALTER TABLE `menus` DISABLE KEYS */;
INSERT INTO `menus` VALUES (1,'Main menu','main-menu','published','2024-08-09 11:03:30','2024-08-09 11:03:30');
/*!40000 ALTER TABLE `menus` ENABLE KEYS */;
UNLOCK TABLES;

--
-- Table structure for table `meta_boxes`
--

DROP TABLE IF EXISTS `meta_boxes`;
/*!40101 SET @saved_cs_client     = @@character_set_client */;
/*!50503 SET character_set_client = utf8mb4 */;
CREATE TABLE `meta_boxes` (
  `id` bigint unsigned NOT NULL AUTO_INCREMENT,
  `meta_key` varchar(191) COLLATE utf8mb4_unicode_ci NOT NULL,
  `meta_value` text COLLATE utf8mb4_unicode_ci,
  `reference_id` bigint unsigned NOT NULL,
  `reference_type` varchar(120) COLLATE utf8mb4_unicode_ci NOT NULL,
  `created_at` timestamp NULL DEFAULT NULL,
  `updated_at` timestamp NULL DEFAULT NULL,
  PRIMARY KEY (`id`),
  KEY `meta_boxes_reference_id_index` (`reference_id`)
) ENGINE=InnoDB AUTO_INCREMENT=35 DEFAULT CHARSET=utf8mb4 COLLATE=utf8mb4_unicode_ci;
/*!40101 SET character_set_client = @saved_cs_client */;

--
-- Dumping data for table `meta_boxes`
--

LOCK TABLES `meta_boxes` WRITE;
/*!40000 ALTER TABLE `meta_boxes` DISABLE KEYS */;
INSERT INTO `meta_boxes` VALUES (1,'title','[\"Sr. Manager\"]',1,'Botble\\Member\\Models\\Member','2024-08-09 11:03:18','2024-08-09 11:03:18'),(2,'social_links','[[[{\"key\":\"name\",\"value\":\"Facebook\"},{\"key\":\"icon\",\"value\":\"ti ti-brand-facebook\"},{\"key\":\"url\",\"value\":\"https:\\/\\/www.facebook.com\\/\"}],[{\"key\":\"name\",\"value\":\"Instagram\"},{\"key\":\"icon\",\"value\":\"ti ti-brand-instagram\"},{\"key\":\"url\",\"value\":\"https:\\/\\/www.instagram.com\\/\"}],[{\"key\":\"name\",\"value\":\"Twitter\"},{\"key\":\"icon\",\"value\":\"ti ti-brand-x\"},{\"key\":\"url\",\"value\":\"https:\\/\\/www.twitter.com\\/\"}],[{\"key\":\"name\",\"value\":\"YouTube\"},{\"key\":\"icon\",\"value\":\"ti ti-brand-youtube\"},{\"key\":\"url\",\"value\":\"https:\\/\\/www.youtube.com\\/\"}],[{\"key\":\"name\",\"value\":\"Pinterest\"},{\"key\":\"icon\",\"value\":\"ti ti-brand-pinterest\"},{\"key\":\"url\",\"value\":\"https:\\/\\/www.pinterest.com\\/\"}]]]',1,'Botble\\Member\\Models\\Member','2024-08-09 11:03:18','2024-08-09 11:03:18'),(3,'title','[\"Creative Director\"]',2,'Botble\\Member\\Models\\Member','2024-08-09 11:03:19','2024-08-09 11:03:19'),(4,'social_links','[[[{\"key\":\"name\",\"value\":\"Facebook\"},{\"key\":\"icon\",\"value\":\"ti ti-brand-facebook\"},{\"key\":\"url\",\"value\":\"https:\\/\\/www.facebook.com\\/\"}],[{\"key\":\"name\",\"value\":\"Instagram\"},{\"key\":\"icon\",\"value\":\"ti ti-brand-instagram\"},{\"key\":\"url\",\"value\":\"https:\\/\\/www.instagram.com\\/\"}],[{\"key\":\"name\",\"value\":\"Twitter\"},{\"key\":\"icon\",\"value\":\"ti ti-brand-x\"},{\"key\":\"url\",\"value\":\"https:\\/\\/www.twitter.com\\/\"}],[{\"key\":\"name\",\"value\":\"YouTube\"},{\"key\":\"icon\",\"value\":\"ti ti-brand-youtube\"},{\"key\":\"url\",\"value\":\"https:\\/\\/www.youtube.com\\/\"}],[{\"key\":\"name\",\"value\":\"Pinterest\"},{\"key\":\"icon\",\"value\":\"ti ti-brand-pinterest\"},{\"key\":\"url\",\"value\":\"https:\\/\\/www.pinterest.com\\/\"}]]]',2,'Botble\\Member\\Models\\Member','2024-08-09 11:03:19','2024-08-09 11:03:19'),(5,'title','[\"Creative Director\"]',3,'Botble\\Member\\Models\\Member','2024-08-09 11:03:19','2024-08-09 11:03:19'),(6,'social_links','[[[{\"key\":\"name\",\"value\":\"Facebook\"},{\"key\":\"icon\",\"value\":\"ti ti-brand-facebook\"},{\"key\":\"url\",\"value\":\"https:\\/\\/www.facebook.com\\/\"}],[{\"key\":\"name\",\"value\":\"Instagram\"},{\"key\":\"icon\",\"value\":\"ti ti-brand-instagram\"},{\"key\":\"url\",\"value\":\"https:\\/\\/www.instagram.com\\/\"}],[{\"key\":\"name\",\"value\":\"Twitter\"},{\"key\":\"icon\",\"value\":\"ti ti-brand-x\"},{\"key\":\"url\",\"value\":\"https:\\/\\/www.twitter.com\\/\"}],[{\"key\":\"name\",\"value\":\"YouTube\"},{\"key\":\"icon\",\"value\":\"ti ti-brand-youtube\"},{\"key\":\"url\",\"value\":\"https:\\/\\/www.youtube.com\\/\"}],[{\"key\":\"name\",\"value\":\"Pinterest\"},{\"key\":\"icon\",\"value\":\"ti ti-brand-pinterest\"},{\"key\":\"url\",\"value\":\"https:\\/\\/www.pinterest.com\\/\"}]]]',3,'Botble\\Member\\Models\\Member','2024-08-09 11:03:19','2024-08-09 11:03:19'),(7,'title','[\"Sr. Manager\"]',4,'Botble\\Member\\Models\\Member','2024-08-09 11:03:19','2024-08-09 11:03:19'),(8,'social_links','[[[{\"key\":\"name\",\"value\":\"Facebook\"},{\"key\":\"icon\",\"value\":\"ti ti-brand-facebook\"},{\"key\":\"url\",\"value\":\"https:\\/\\/www.facebook.com\\/\"}],[{\"key\":\"name\",\"value\":\"Instagram\"},{\"key\":\"icon\",\"value\":\"ti ti-brand-instagram\"},{\"key\":\"url\",\"value\":\"https:\\/\\/www.instagram.com\\/\"}],[{\"key\":\"name\",\"value\":\"Twitter\"},{\"key\":\"icon\",\"value\":\"ti ti-brand-x\"},{\"key\":\"url\",\"value\":\"https:\\/\\/www.twitter.com\\/\"}],[{\"key\":\"name\",\"value\":\"YouTube\"},{\"key\":\"icon\",\"value\":\"ti ti-brand-youtube\"},{\"key\":\"url\",\"value\":\"https:\\/\\/www.youtube.com\\/\"}],[{\"key\":\"name\",\"value\":\"Pinterest\"},{\"key\":\"icon\",\"value\":\"ti ti-brand-pinterest\"},{\"key\":\"url\",\"value\":\"https:\\/\\/www.pinterest.com\\/\"}]]]',4,'Botble\\Member\\Models\\Member','2024-08-09 11:03:19','2024-08-09 11:03:19'),(9,'title','[\"Chef Marketing Officer\"]',5,'Botble\\Member\\Models\\Member','2024-08-09 11:03:20','2024-08-09 11:03:20'),(10,'social_links','[[[{\"key\":\"name\",\"value\":\"Facebook\"},{\"key\":\"icon\",\"value\":\"ti ti-brand-facebook\"},{\"key\":\"url\",\"value\":\"https:\\/\\/www.facebook.com\\/\"}],[{\"key\":\"name\",\"value\":\"Instagram\"},{\"key\":\"icon\",\"value\":\"ti ti-brand-instagram\"},{\"key\":\"url\",\"value\":\"https:\\/\\/www.instagram.com\\/\"}],[{\"key\":\"name\",\"value\":\"Twitter\"},{\"key\":\"icon\",\"value\":\"ti ti-brand-x\"},{\"key\":\"url\",\"value\":\"https:\\/\\/www.twitter.com\\/\"}],[{\"key\":\"name\",\"value\":\"YouTube\"},{\"key\":\"icon\",\"value\":\"ti ti-brand-youtube\"},{\"key\":\"url\",\"value\":\"https:\\/\\/www.youtube.com\\/\"}],[{\"key\":\"name\",\"value\":\"Pinterest\"},{\"key\":\"icon\",\"value\":\"ti ti-brand-pinterest\"},{\"key\":\"url\",\"value\":\"https:\\/\\/www.pinterest.com\\/\"}]]]',5,'Botble\\Member\\Models\\Member','2024-08-09 11:03:20','2024-08-09 11:03:20'),(11,'title','[\"Creative Director\"]',6,'Botble\\Member\\Models\\Member','2024-08-09 11:03:20','2024-08-09 11:03:20'),(12,'social_links','[[[{\"key\":\"name\",\"value\":\"Facebook\"},{\"key\":\"icon\",\"value\":\"ti ti-brand-facebook\"},{\"key\":\"url\",\"value\":\"https:\\/\\/www.facebook.com\\/\"}],[{\"key\":\"name\",\"value\":\"Instagram\"},{\"key\":\"icon\",\"value\":\"ti ti-brand-instagram\"},{\"key\":\"url\",\"value\":\"https:\\/\\/www.instagram.com\\/\"}],[{\"key\":\"name\",\"value\":\"Twitter\"},{\"key\":\"icon\",\"value\":\"ti ti-brand-x\"},{\"key\":\"url\",\"value\":\"https:\\/\\/www.twitter.com\\/\"}],[{\"key\":\"name\",\"value\":\"YouTube\"},{\"key\":\"icon\",\"value\":\"ti ti-brand-youtube\"},{\"key\":\"url\",\"value\":\"https:\\/\\/www.youtube.com\\/\"}],[{\"key\":\"name\",\"value\":\"Pinterest\"},{\"key\":\"icon\",\"value\":\"ti ti-brand-pinterest\"},{\"key\":\"url\",\"value\":\"https:\\/\\/www.pinterest.com\\/\"}]]]',6,'Botble\\Member\\Models\\Member','2024-08-09 11:03:20','2024-08-09 11:03:20'),(13,'title','[\"Marketing Director\"]',7,'Botble\\Member\\Models\\Member','2024-08-09 11:03:20','2024-08-09 11:03:20'),(14,'social_links','[[[{\"key\":\"name\",\"value\":\"Facebook\"},{\"key\":\"icon\",\"value\":\"ti ti-brand-facebook\"},{\"key\":\"url\",\"value\":\"https:\\/\\/www.facebook.com\\/\"}],[{\"key\":\"name\",\"value\":\"Instagram\"},{\"key\":\"icon\",\"value\":\"ti ti-brand-instagram\"},{\"key\":\"url\",\"value\":\"https:\\/\\/www.instagram.com\\/\"}],[{\"key\":\"name\",\"value\":\"Twitter\"},{\"key\":\"icon\",\"value\":\"ti ti-brand-x\"},{\"key\":\"url\",\"value\":\"https:\\/\\/www.twitter.com\\/\"}],[{\"key\":\"name\",\"value\":\"YouTube\"},{\"key\":\"icon\",\"value\":\"ti ti-brand-youtube\"},{\"key\":\"url\",\"value\":\"https:\\/\\/www.youtube.com\\/\"}],[{\"key\":\"name\",\"value\":\"Pinterest\"},{\"key\":\"icon\",\"value\":\"ti ti-brand-pinterest\"},{\"key\":\"url\",\"value\":\"https:\\/\\/www.pinterest.com\\/\"}]]]',7,'Botble\\Member\\Models\\Member','2024-08-09 11:03:20','2024-08-09 11:03:20'),(15,'title','[\"Chef Editor\"]',8,'Botble\\Member\\Models\\Member','2024-08-09 11:03:20','2024-08-09 11:03:20'),(16,'social_links','[[[{\"key\":\"name\",\"value\":\"Facebook\"},{\"key\":\"icon\",\"value\":\"ti ti-brand-facebook\"},{\"key\":\"url\",\"value\":\"https:\\/\\/www.facebook.com\\/\"}],[{\"key\":\"name\",\"value\":\"Instagram\"},{\"key\":\"icon\",\"value\":\"ti ti-brand-instagram\"},{\"key\":\"url\",\"value\":\"https:\\/\\/www.instagram.com\\/\"}],[{\"key\":\"name\",\"value\":\"Twitter\"},{\"key\":\"icon\",\"value\":\"ti ti-brand-x\"},{\"key\":\"url\",\"value\":\"https:\\/\\/www.twitter.com\\/\"}],[{\"key\":\"name\",\"value\":\"YouTube\"},{\"key\":\"icon\",\"value\":\"ti ti-brand-youtube\"},{\"key\":\"url\",\"value\":\"https:\\/\\/www.youtube.com\\/\"}],[{\"key\":\"name\",\"value\":\"Pinterest\"},{\"key\":\"icon\",\"value\":\"ti ti-brand-pinterest\"},{\"key\":\"url\",\"value\":\"https:\\/\\/www.pinterest.com\\/\"}]]]',8,'Botble\\Member\\Models\\Member','2024-08-09 11:03:20','2024-08-09 11:03:20'),(17,'video_url','[\"https:\\/\\/www.youtube.com\\/watch?v=yCh9OVLI0SU\"]',2,'Botble\\Blog\\Models\\Post','2024-08-09 11:03:29','2024-08-09 11:03:29'),(18,'video_url','[\"https:\\/\\/www.youtube.com\\/watch?v=yCh9OVLI0SU\"]',3,'Botble\\Blog\\Models\\Post','2024-08-09 11:03:29','2024-08-09 11:03:29'),(19,'audio','[\"main\\/audio\\/audio.mp3\"]',4,'Botble\\Blog\\Models\\Post','2024-08-09 11:03:29','2024-08-09 11:03:29'),(20,'video_url','[\"https:\\/\\/www.youtube.com\\/watch?v=yCh9OVLI0SU\"]',5,'Botble\\Blog\\Models\\Post','2024-08-09 11:03:29','2024-08-09 11:03:29'),(21,'video_url','[\"https:\\/\\/www.youtube.com\\/watch?v=yCh9OVLI0SU\"]',6,'Botble\\Blog\\Models\\Post','2024-08-09 11:03:29','2024-08-09 11:03:29'),(22,'audio','[\"main\\/audio\\/audio.mp3\"]',7,'Botble\\Blog\\Models\\Post','2024-08-09 11:03:29','2024-08-09 11:03:29'),(23,'video_url','[\"https:\\/\\/www.youtube.com\\/watch?v=yCh9OVLI0SU\"]',8,'Botble\\Blog\\Models\\Post','2024-08-09 11:03:29','2024-08-09 11:03:29'),(24,'video_url','[\"https:\\/\\/www.youtube.com\\/watch?v=yCh9OVLI0SU\"]',9,'Botble\\Blog\\Models\\Post','2024-08-09 11:03:29','2024-08-09 11:03:29'),(25,'audio','[\"main\\/audio\\/audio.mp3\"]',10,'Botble\\Blog\\Models\\Post','2024-08-09 11:03:29','2024-08-09 11:03:29'),(26,'video_url','[\"https:\\/\\/www.youtube.com\\/watch?v=yCh9OVLI0SU\"]',11,'Botble\\Blog\\Models\\Post','2024-08-09 11:03:29','2024-08-09 11:03:29'),(27,'video_url','[\"https:\\/\\/www.youtube.com\\/watch?v=yCh9OVLI0SU\"]',12,'Botble\\Blog\\Models\\Post','2024-08-09 11:03:29','2024-08-09 11:03:29'),(28,'video_url','[\"https:\\/\\/www.youtube.com\\/watch?v=yCh9OVLI0SU\"]',14,'Botble\\Blog\\Models\\Post','2024-08-09 11:03:29','2024-08-09 11:03:29'),(29,'video_url','[\"https:\\/\\/www.youtube.com\\/watch?v=yCh9OVLI0SU\"]',15,'Botble\\Blog\\Models\\Post','2024-08-09 11:03:29','2024-08-09 11:03:29'),(30,'audio','[\"main\\/audio\\/audio.mp3\"]',16,'Botble\\Blog\\Models\\Post','2024-08-09 11:03:29','2024-08-09 11:03:29'),(31,'video_url','[\"https:\\/\\/www.youtube.com\\/watch?v=yCh9OVLI0SU\"]',17,'Botble\\Blog\\Models\\Post','2024-08-09 11:03:29','2024-08-09 11:03:29'),(32,'video_url','[\"https:\\/\\/www.youtube.com\\/watch?v=yCh9OVLI0SU\"]',18,'Botble\\Blog\\Models\\Post','2024-08-09 11:03:29','2024-08-09 11:03:29'),(33,'audio','[\"main\\/audio\\/audio.mp3\"]',19,'Botble\\Blog\\Models\\Post','2024-08-09 11:03:29','2024-08-09 11:03:29'),(34,'video_url','[\"https:\\/\\/www.youtube.com\\/watch?v=yCh9OVLI0SU\"]',20,'Botble\\Blog\\Models\\Post','2024-08-09 11:03:29','2024-08-09 11:03:29');
/*!40000 ALTER TABLE `meta_boxes` ENABLE KEYS */;
UNLOCK TABLES;

--
-- Table structure for table `migrations`
--

DROP TABLE IF EXISTS `migrations`;
/*!40101 SET @saved_cs_client     = @@character_set_client */;
/*!50503 SET character_set_client = utf8mb4 */;
CREATE TABLE `migrations` (
  `id` int unsigned NOT NULL AUTO_INCREMENT,
  `migration` varchar(191) COLLATE utf8mb4_unicode_ci NOT NULL,
  `batch` int NOT NULL,
  PRIMARY KEY (`id`)
) ENGINE=InnoDB AUTO_INCREMENT=76 DEFAULT CHARSET=utf8mb4 COLLATE=utf8mb4_unicode_ci;
/*!40101 SET character_set_client = @saved_cs_client */;

--
-- Dumping data for table `migrations`
--

LOCK TABLES `migrations` WRITE;
/*!40000 ALTER TABLE `migrations` DISABLE KEYS */;
INSERT INTO `migrations` VALUES (1,'2013_04_09_032329_create_base_tables',1),(2,'2013_04_09_062329_create_revisions_table',1),(3,'2014_10_12_000000_create_users_table',1),(4,'2014_10_12_100000_create_password_reset_tokens_table',1),(5,'2015_06_18_033822_create_blog_table',1),(6,'2015_06_29_025744_create_audit_history',1),(7,'2015_08_15_122343_create_notes_table',1),(8,'2016_05_28_112028_create_system_request_logs_table',1),(9,'2016_06_10_230148_create_acl_tables',1),(10,'2016_06_14_230857_create_menus_table',1),(11,'2016_06_17_091537_create_contacts_table',1),(12,'2016_06_28_221418_create_pages_table',1),(13,'2016_10_03_032336_create_languages_table',1),(14,'2016_10_05_074239_create_setting_table',1),(15,'2016_10_07_193005_create_translations_table',1),(16,'2016_10_13_150201_create_galleries_table',1),(17,'2016_11_28_032840_create_dashboard_widget_tables',1),(18,'2016_12_16_084601_create_widgets_table',1),(19,'2017_05_09_070343_create_media_tables',1),(20,'2017_10_04_140938_create_member_table',1),(21,'2017_10_24_154832_create_newsletter_table',1),(22,'2017_11_03_070450_create_slug_table',1),(23,'2019_01_05_053554_create_jobs_table',1),(24,'2019_08_19_000000_create_failed_jobs_table',1),(25,'2019_12_14_000001_create_personal_access_tokens_table',1),(26,'2020_11_18_150916_ads_create_ads_table',1),(27,'2021_02_16_092633_remove_default_value_for_author_type',1),(28,'2021_10_25_021023_fix-priority-load-for-language-advanced',1),(29,'2021_12_02_035301_add_ads_translations_table',1),(30,'2021_12_03_030600_create_blog_translations',1),(31,'2021_12_03_075608_create_page_translations',1),(32,'2021_12_03_082953_create_gallery_translations',1),(33,'2022_04_19_113923_add_index_to_table_posts',1),(34,'2022_04_20_100851_add_index_to_media_table',1),(35,'2022_04_20_101046_add_index_to_menu_table',1),(36,'2022_04_30_034048_create_gallery_meta_translations_table',1),(37,'2022_07_10_034813_move_lang_folder_to_root',1),(38,'2022_08_04_051940_add_missing_column_expires_at',1),(39,'2022_09_01_000001_create_admin_notifications_tables',1),(40,'2022_10_14_024629_drop_column_is_featured',1),(41,'2022_11_18_063357_add_missing_timestamp_in_table_settings',1),(42,'2022_12_02_093615_update_slug_index_columns',1),(43,'2023_01_30_024431_add_alt_to_media_table',1),(44,'2023_02_16_042611_drop_table_password_resets',1),(45,'2023_04_17_062645_add_open_in_new_tab',1),(46,'2023_04_23_005903_add_column_permissions_to_admin_notifications',1),(47,'2023_05_10_075124_drop_column_id_in_role_users_table',1),(48,'2023_07_06_011444_create_slug_translations_table',1),(49,'2023_08_11_060908_create_announcements_table',1),(50,'2023_08_21_090810_make_page_content_nullable',1),(51,'2023_08_29_074620_make_column_author_id_nullable',1),(52,'2023_08_29_075308_make_column_user_id_nullable',1),(53,'2023_09_14_021936_update_index_for_slugs_table',1),(54,'2023_09_14_022423_add_index_for_language_table',1),(55,'2023_10_16_075332_add_status_column',1),(56,'2023_11_07_023805_add_tablet_mobile_image',1),(57,'2023_11_10_080225_migrate_contact_blacklist_email_domains_to_core',1),(58,'2023_11_14_033417_change_request_column_in_table_audit_histories',1),(59,'2023_12_07_095130_add_color_column_to_media_folders_table',1),(60,'2023_12_12_105220_drop_translations_table',1),(61,'2023_12_17_162208_make_sure_column_color_in_media_folders_nullable',1),(62,'2024_01_16_050056_create_comments_table',1),(63,'2024_03_13_042350_migrate_newsletter_data',1),(64,'2024_03_20_080001_migrate_change_attribute_email_to_nullable_form_contacts_table',1),(65,'2024_03_25_000001_update_captcha_settings',1),(66,'2024_03_25_000001_update_captcha_settings_for_contact',1),(67,'2024_03_25_000001_update_captcha_settings_for_newsletter',1),(68,'2024_04_01_043317_add_google_adsense_slot_id_to_ads_table',1),(69,'2024_04_04_110758_update_value_column_in_user_meta_table',1),(70,'2024_04_19_063914_create_custom_fields_table',1),(71,'2024_04_27_100730_improve_analytics_setting',1),(72,'2024_05_12_091229_add_column_visibility_to_table_media_files',1),(73,'2024_07_07_091316_fix_column_url_in_menu_nodes_table',1),(74,'2024_07_12_100000_change_random_hash_for_media',1),(75,'2024_07_30_091615_fix_order_column_in_categories_table',1);
/*!40000 ALTER TABLE `migrations` ENABLE KEYS */;
UNLOCK TABLES;

--
-- Table structure for table `newsletters`
--

DROP TABLE IF EXISTS `newsletters`;
/*!40101 SET @saved_cs_client     = @@character_set_client */;
/*!50503 SET character_set_client = utf8mb4 */;
CREATE TABLE `newsletters` (
  `id` bigint unsigned NOT NULL AUTO_INCREMENT,
  `email` varchar(120) COLLATE utf8mb4_unicode_ci NOT NULL,
  `name` varchar(120) COLLATE utf8mb4_unicode_ci DEFAULT NULL,
  `status` varchar(60) COLLATE utf8mb4_unicode_ci NOT NULL DEFAULT 'subscribed',
  `created_at` timestamp NULL DEFAULT NULL,
  `updated_at` timestamp NULL DEFAULT NULL,
  PRIMARY KEY (`id`)
) ENGINE=InnoDB DEFAULT CHARSET=utf8mb4 COLLATE=utf8mb4_unicode_ci;
/*!40101 SET character_set_client = @saved_cs_client */;

--
-- Dumping data for table `newsletters`
--

LOCK TABLES `newsletters` WRITE;
/*!40000 ALTER TABLE `newsletters` DISABLE KEYS */;
/*!40000 ALTER TABLE `newsletters` ENABLE KEYS */;
UNLOCK TABLES;

--
-- Table structure for table `notes`
--

DROP TABLE IF EXISTS `notes`;
/*!40101 SET @saved_cs_client     = @@character_set_client */;
/*!50503 SET character_set_client = utf8mb4 */;
CREATE TABLE `notes` (
  `id` bigint unsigned NOT NULL AUTO_INCREMENT,
  `user_id` bigint unsigned NOT NULL,
  `reference_id` bigint unsigned NOT NULL,
  `reference_type` varchar(120) COLLATE utf8mb4_unicode_ci NOT NULL,
  `created_by` bigint unsigned NOT NULL,
  `note` text COLLATE utf8mb4_unicode_ci NOT NULL,
  `created_at` timestamp NULL DEFAULT NULL,
  `updated_at` timestamp NULL DEFAULT NULL,
  PRIMARY KEY (`id`),
  KEY `notes_user_id_index` (`user_id`),
  KEY `notes_reference_id_index` (`reference_id`),
  KEY `notes_created_by_index` (`created_by`)
) ENGINE=InnoDB DEFAULT CHARSET=utf8mb4 COLLATE=utf8mb4_unicode_ci;
/*!40101 SET character_set_client = @saved_cs_client */;

--
-- Dumping data for table `notes`
--

LOCK TABLES `notes` WRITE;
/*!40000 ALTER TABLE `notes` DISABLE KEYS */;
/*!40000 ALTER TABLE `notes` ENABLE KEYS */;
UNLOCK TABLES;

--
-- Table structure for table `pages`
--

DROP TABLE IF EXISTS `pages`;
/*!40101 SET @saved_cs_client     = @@character_set_client */;
/*!50503 SET character_set_client = utf8mb4 */;
CREATE TABLE `pages` (
  `id` bigint unsigned NOT NULL AUTO_INCREMENT,
  `name` varchar(120) COLLATE utf8mb4_unicode_ci NOT NULL,
  `content` longtext COLLATE utf8mb4_unicode_ci,
  `user_id` bigint unsigned DEFAULT NULL,
  `image` varchar(191) COLLATE utf8mb4_unicode_ci DEFAULT NULL,
  `template` varchar(60) COLLATE utf8mb4_unicode_ci DEFAULT NULL,
  `description` varchar(400) COLLATE utf8mb4_unicode_ci DEFAULT NULL,
  `status` varchar(60) COLLATE utf8mb4_unicode_ci NOT NULL DEFAULT 'published',
  `created_at` timestamp NULL DEFAULT NULL,
  `updated_at` timestamp NULL DEFAULT NULL,
  PRIMARY KEY (`id`),
  KEY `pages_user_id_index` (`user_id`)
) ENGINE=InnoDB AUTO_INCREMENT=11 DEFAULT CHARSET=utf8mb4 COLLATE=utf8mb4_unicode_ci;
/*!40101 SET character_set_client = @saved_cs_client */;

--
-- Dumping data for table `pages`
--

LOCK TABLES `pages` WRITE;
/*!40000 ALTER TABLE `pages` DISABLE KEYS */;
INSERT INTO `pages` VALUES (1,'Homepage','<div>[blog-posts style=\"style-1\" category_ids=\"3,6\" title=\"Top Story\" title_align=\"start\" text_color=\"transparent\" background_color=\"transparent\" limit=\"4\"][/blog-posts]</div><div>[blog-posts enable_lazy_loading=\"yes\" style=\"style-2\" category_ids=\"4,6\" title=\"Latest News\" limit=\"4\" title_align=\"start\" text_color=\"transparent\" background_color=\"rgb(249, 249, 249)\"][/blog-posts]</div><div>[blog-posts enable_lazy_loading=\"yes\" style=\"style-3\" title=\"Trending\" category_ids=\"2,4,6,5\" limit=\"6\"][/blog-posts]</div><div>[blog-posts enable_lazy_loading=\"yes\" style=\"style-4\" category_ids=\"1,4,7\" title=\"Video\" title_align=\"center\" limit=\"6\"][/blog-posts]</div><div>[blog-categories enable_lazy_loading=\"yes\" style=\"style-1\" category_ids=\"2,3,4\" title=\"Discover Categories\"][/blog-categories]</div><div>[blog-posts enable_lazy_loading=\"yes\" style=\"style-5\" category_ids=\"2,3,4,5,6\" title=\"Featured Posts\" limit=\"8\" title_align=\"start\" text_color=\"transparent\" background_color=\"rgb(249, 249, 249)\" sidebar=\"custom_sidebar_1\"][/blog-posts]</div><div>[blog-posts enable_lazy_loading=\"yes\" style=\"style-6\" category_ids=\"5,6,7\" title=\"Popular Of The Weeks\" limit=\"3\" title_align=\"center\" text_color=\"transparent\" background_color=\"transparent\"][/blog-posts]</div><div>[app-downloads title=\"Download Our Apps For Stay Update\" subtitle=\"Easy to update latest news, aily podcast and everything in your hand\" platform_google_label=\"Play Store\" platform_google_icon=\"ti ti-brand-google-play\" platform_google_url=\"https://play.google.com/\" platform_apple_label=\"Apple Store\" platform_apple_icon=\"ti ti-brand-apple\" platform_apple_url=\"https://www.apple.com/app-store/\" image=\"main/general/app-downloads.png\" background_color=\"#537FE7\"][/app-downloads]</div>',1,NULL,'homepage',NULL,'published','2024-08-09 11:03:29','2024-08-09 11:03:29'),(2,'About us','<div>[about-us title=\"Know our Publication Media & Vision.\" subtitle=\"Bring To The Table Win-Win Survival Strategies To Ensure Proactive Domination. At The End Of The Day Going.\" description=\"Leverage agile frameworks to provide a robust synopsis for high level overviews. Iterative approaches to corporate strategy foster collaborative thinking to further the overall value proposition. Organically grow the over holistic world view of disruptive innovation via workplace diversity and Bring to the table win-win survival strategies to ensure proactive fin domination. At the end of the day, going forward, a new normal.\" staff_name=\"Raihawly Williamson\" staff_description=\"CEO, Echo Publishing Inc.\" staff_signature=\"main/general/signature.png\" first_image=\"main/general/about-1.png\" second_image=\"main/general/about-2.png\"][/about-us]</div><div>[intro-video image=\"main/general/about-video-1.png\" video_url=\"https://www.youtube.com/watch?v=Y1t6rjWYNro\" play_icon=\"ti ti-player-play-filled\"][/intro-video]</div>',1,NULL,'full-width',NULL,'published','2024-08-09 11:03:29','2024-08-09 11:03:29'),(3,'Contact','<div>[contact-form title=\"General Customer Care & Technical Support\" description=\"Were here to assist you with any questions or technical issues you may have. Please fill out the form below, and our dedicated team will respond promptly to ensure you have a seamless experience with us.\" button_label=\"Send Message\" button_icon=\"ti ti-arrow-right\" quantity=\"3\" title_1=\"Location\" description_1=\"The Business Centre132, New York 12401. United States\" icon_1=\"ti ti-map-pin\" url_1=\"\" open_in_new_tab_1=\"yes\" title_2=\"Email Address\" description_2=\"info@yourmail.com\" icon_2=\"ti ti-mail\" url_2=\"mailto:info@yourmail.com\" open_in_new_tab_2=\"yes\" title_3=\"Phone\" description_3=\"(00) 123 456 789 99\" icon_3=\"ti ti-phone\" url_3=\"tel:(00) 123 456 789 99\" open_in_new_tab_3=\"yes\"  address=\"Fortis Downtown Resort\"][/contact-form]</div>',1,NULL,'full-width',NULL,'published','2024-08-09 11:03:29','2024-08-09 11:03:29'),(4,'Blog','---',1,NULL,'full-width',NULL,'published','2024-08-09 11:03:29','2024-08-09 11:03:29'),(5,'Team','<div>[members title=\"Meet Our Professional Team\" member_ids=\"1,2,3,4,5,6,7,8\"][/members]</div>',1,NULL,'full-width',NULL,'published','2024-08-09 11:03:29','2024-08-09 11:03:29'),(6,'Cookie Policy','<h3>EU Cookie Consent</h3><p>To use this website we are using Cookies and collecting some Data. To be compliant with the EU GDPR we give you to choose if you allow us to use certain Cookies and to collect some Data.</p><h4>Essential Data</h4><p>The Essential Data is needed to run the Site you are visiting technically. You can not deactivate them.</p><p>- Session Cookie: PHP uses a Cookie to identify user sessions. Without this Cookie the Website is not working.</p><p>- XSRF-Token Cookie: Laravel automatically generates a CSRF \"token\" for each active user session managed by the application. This token is used to verify that the authenticated user is the one actually making the requests to the application.</p>',1,NULL,'default',NULL,'published','2024-08-09 11:03:29','2024-08-09 11:03:29'),(7,'Terms Of Use','<h3>EU Cookie Consent</h3><p>To use this website we are using Cookies and collecting some Data. To be compliant with the EU GDPR we give you to choose if you allow us to use certain Cookies and to collect some Data.</p><h4>Essential Data</h4><p>The Essential Data is needed to run the Site you are visiting technically. You can not deactivate them.</p><p>- Session Cookie: PHP uses a Cookie to identify user sessions. Without this Cookie the Website is not working.</p><p>- XSRF-Token Cookie: Laravel automatically generates a CSRF \"token\" for each active user session managed by the application. This token is used to verify that the authenticated user is the one actually making the requests to the application.</p>',1,NULL,'default',NULL,'published','2024-08-09 11:03:29','2024-08-09 11:03:29'),(8,'Privacy Policy','<h3>EU Cookie Consent</h3><p>To use this website we are using Cookies and collecting some Data. To be compliant with the EU GDPR we give you to choose if you allow us to use certain Cookies and to collect some Data.</p><h4>Essential Data</h4><p>The Essential Data is needed to run the Site you are visiting technically. You can not deactivate them.</p><p>- Session Cookie: PHP uses a Cookie to identify user sessions. Without this Cookie the Website is not working.</p><p>- XSRF-Token Cookie: Laravel automatically generates a CSRF \"token\" for each active user session managed by the application. This token is used to verify that the authenticated user is the one actually making the requests to the application.</p>',1,NULL,'default',NULL,'published','2024-08-09 11:03:29','2024-08-09 11:03:29'),(9,'Advertise','<h3>Random Content</h3><p>This is a random content that will be displayed on the page.</p>',1,NULL,'default',NULL,'published','2024-08-09 11:03:29','2024-08-09 11:03:29'),(10,'FAQ','<h3>Random Content</h3><p>This is a random content that will be displayed on the page.</p>',1,NULL,'default',NULL,'published','2024-08-09 11:03:29','2024-08-09 11:03:29');
/*!40000 ALTER TABLE `pages` ENABLE KEYS */;
UNLOCK TABLES;

--
-- Table structure for table `pages_translations`
--

DROP TABLE IF EXISTS `pages_translations`;
/*!40101 SET @saved_cs_client     = @@character_set_client */;
/*!50503 SET character_set_client = utf8mb4 */;
CREATE TABLE `pages_translations` (
  `lang_code` varchar(20) COLLATE utf8mb4_unicode_ci NOT NULL,
  `pages_id` bigint unsigned NOT NULL,
  `name` varchar(191) COLLATE utf8mb4_unicode_ci DEFAULT NULL,
  `description` varchar(400) COLLATE utf8mb4_unicode_ci DEFAULT NULL,
  `content` longtext COLLATE utf8mb4_unicode_ci,
  PRIMARY KEY (`lang_code`,`pages_id`)
) ENGINE=InnoDB DEFAULT CHARSET=utf8mb4 COLLATE=utf8mb4_unicode_ci;
/*!40101 SET character_set_client = @saved_cs_client */;

--
-- Dumping data for table `pages_translations`
--

LOCK TABLES `pages_translations` WRITE;
/*!40000 ALTER TABLE `pages_translations` DISABLE KEYS */;
/*!40000 ALTER TABLE `pages_translations` ENABLE KEYS */;
UNLOCK TABLES;

--
-- Table structure for table `password_reset_tokens`
--

DROP TABLE IF EXISTS `password_reset_tokens`;
/*!40101 SET @saved_cs_client     = @@character_set_client */;
/*!50503 SET character_set_client = utf8mb4 */;
CREATE TABLE `password_reset_tokens` (
  `email` varchar(191) COLLATE utf8mb4_unicode_ci NOT NULL,
  `token` varchar(191) COLLATE utf8mb4_unicode_ci NOT NULL,
  `created_at` timestamp NULL DEFAULT NULL,
  PRIMARY KEY (`email`)
) ENGINE=InnoDB DEFAULT CHARSET=utf8mb4 COLLATE=utf8mb4_unicode_ci;
/*!40101 SET character_set_client = @saved_cs_client */;

--
-- Dumping data for table `password_reset_tokens`
--

LOCK TABLES `password_reset_tokens` WRITE;
/*!40000 ALTER TABLE `password_reset_tokens` DISABLE KEYS */;
/*!40000 ALTER TABLE `password_reset_tokens` ENABLE KEYS */;
UNLOCK TABLES;

--
-- Table structure for table `personal_access_tokens`
--

DROP TABLE IF EXISTS `personal_access_tokens`;
/*!40101 SET @saved_cs_client     = @@character_set_client */;
/*!50503 SET character_set_client = utf8mb4 */;
CREATE TABLE `personal_access_tokens` (
  `id` bigint unsigned NOT NULL AUTO_INCREMENT,
  `tokenable_type` varchar(191) COLLATE utf8mb4_unicode_ci NOT NULL,
  `tokenable_id` bigint unsigned NOT NULL,
  `name` varchar(191) COLLATE utf8mb4_unicode_ci NOT NULL,
  `token` varchar(64) COLLATE utf8mb4_unicode_ci NOT NULL,
  `abilities` text COLLATE utf8mb4_unicode_ci,
  `last_used_at` timestamp NULL DEFAULT NULL,
  `expires_at` timestamp NULL DEFAULT NULL,
  `created_at` timestamp NULL DEFAULT NULL,
  `updated_at` timestamp NULL DEFAULT NULL,
  PRIMARY KEY (`id`),
  UNIQUE KEY `personal_access_tokens_token_unique` (`token`),
  KEY `personal_access_tokens_tokenable_type_tokenable_id_index` (`tokenable_type`,`tokenable_id`)
) ENGINE=InnoDB DEFAULT CHARSET=utf8mb4 COLLATE=utf8mb4_unicode_ci;
/*!40101 SET character_set_client = @saved_cs_client */;

--
-- Dumping data for table `personal_access_tokens`
--

LOCK TABLES `personal_access_tokens` WRITE;
/*!40000 ALTER TABLE `personal_access_tokens` DISABLE KEYS */;
/*!40000 ALTER TABLE `personal_access_tokens` ENABLE KEYS */;
UNLOCK TABLES;

--
-- Table structure for table `post_categories`
--

DROP TABLE IF EXISTS `post_categories`;
/*!40101 SET @saved_cs_client     = @@character_set_client */;
/*!50503 SET character_set_client = utf8mb4 */;
CREATE TABLE `post_categories` (
  `category_id` bigint unsigned NOT NULL,
  `post_id` bigint unsigned NOT NULL,
  KEY `post_categories_category_id_index` (`category_id`),
  KEY `post_categories_post_id_index` (`post_id`)
) ENGINE=InnoDB DEFAULT CHARSET=utf8mb4 COLLATE=utf8mb4_unicode_ci;
/*!40101 SET character_set_client = @saved_cs_client */;

--
-- Dumping data for table `post_categories`
--

LOCK TABLES `post_categories` WRITE;
/*!40000 ALTER TABLE `post_categories` DISABLE KEYS */;
INSERT INTO `post_categories` VALUES (3,1),(5,1),(7,2),(1,2),(4,3),(6,3),(5,4),(6,5),(5,5),(1,6),(8,6),(5,7),(1,7),(6,8),(2,8),(4,9),(5,9),(8,10),(6,10),(8,11),(5,11),(8,12),(1,12),(2,13),(3,14),(5,14),(1,15),(6,15),(6,16),(8,16),(5,17),(8,17),(3,18),(5,18),(7,19),(3,19),(1,20),(7,20);
/*!40000 ALTER TABLE `post_categories` ENABLE KEYS */;
UNLOCK TABLES;

--
-- Table structure for table `post_tags`
--

DROP TABLE IF EXISTS `post_tags`;
/*!40101 SET @saved_cs_client     = @@character_set_client */;
/*!50503 SET character_set_client = utf8mb4 */;
CREATE TABLE `post_tags` (
  `tag_id` bigint unsigned NOT NULL,
  `post_id` bigint unsigned NOT NULL,
  KEY `post_tags_tag_id_index` (`tag_id`),
  KEY `post_tags_post_id_index` (`post_id`)
) ENGINE=InnoDB DEFAULT CHARSET=utf8mb4 COLLATE=utf8mb4_unicode_ci;
/*!40101 SET character_set_client = @saved_cs_client */;

--
-- Dumping data for table `post_tags`
--

LOCK TABLES `post_tags` WRITE;
/*!40000 ALTER TABLE `post_tags` DISABLE KEYS */;
INSERT INTO `post_tags` VALUES (4,1),(5,1),(8,2),(6,2),(3,2),(5,3),(3,3),(7,4),(8,4),(6,4),(2,5),(5,5),(4,5),(6,6),(2,6),(3,7),(2,7),(5,8),(7,8),(3,8),(4,9),(8,9),(5,9),(8,10),(3,10),(6,10),(7,11),(1,11),(2,11),(7,12),(8,12),(8,13),(4,13),(5,13),(7,14),(2,14),(1,14),(8,15),(1,15),(7,15),(4,16),(6,16),(2,16),(4,17),(7,17),(7,18),(8,18),(5,19),(8,19),(2,19),(8,20),(3,20),(1,20);
/*!40000 ALTER TABLE `post_tags` ENABLE KEYS */;
UNLOCK TABLES;

--
-- Table structure for table `posts`
--

DROP TABLE IF EXISTS `posts`;
/*!40101 SET @saved_cs_client     = @@character_set_client */;
/*!50503 SET character_set_client = utf8mb4 */;
CREATE TABLE `posts` (
  `id` bigint unsigned NOT NULL AUTO_INCREMENT,
  `name` varchar(191) COLLATE utf8mb4_unicode_ci NOT NULL,
  `description` varchar(400) COLLATE utf8mb4_unicode_ci DEFAULT NULL,
  `content` longtext COLLATE utf8mb4_unicode_ci,
  `status` varchar(60) COLLATE utf8mb4_unicode_ci NOT NULL DEFAULT 'published',
  `author_id` bigint unsigned DEFAULT NULL,
  `author_type` varchar(191) COLLATE utf8mb4_unicode_ci NOT NULL DEFAULT 'Botble\\ACL\\Models\\User',
  `is_featured` tinyint unsigned NOT NULL DEFAULT '0',
  `image` varchar(191) COLLATE utf8mb4_unicode_ci DEFAULT NULL,
  `views` int unsigned NOT NULL DEFAULT '0',
  `format_type` varchar(30) COLLATE utf8mb4_unicode_ci DEFAULT NULL,
  `created_at` timestamp NULL DEFAULT NULL,
  `updated_at` timestamp NULL DEFAULT NULL,
  PRIMARY KEY (`id`),
  KEY `posts_status_index` (`status`),
  KEY `posts_author_id_index` (`author_id`),
  KEY `posts_author_type_index` (`author_type`),
  KEY `posts_created_at_index` (`created_at`)
) ENGINE=InnoDB AUTO_INCREMENT=21 DEFAULT CHARSET=utf8mb4 COLLATE=utf8mb4_unicode_ci;
/*!40101 SET character_set_client = @saved_cs_client */;

--
-- Dumping data for table `posts`
--

LOCK TABLES `posts` WRITE;
/*!40000 ALTER TABLE `posts` DISABLE KEYS */;
INSERT INTO `posts` VALUES (1,'Scientists Make Breakthrough in Cancer Research','Researchers have discovered a promising new treatment for certain types of cancer, offering hope to patients worldwide.','<p>Our mission is to assist you in achieving better financial shape, not just for today, but for the long term. We believe that financial security and freedom are within reach for everyone, and were dedicated to providing the guidance and support you need to get there.</p><div>[content-quote author=\"Celine Dion\" quote=\"Life Imposes Things On You That You Cant Control, But You Still Have The Choice Of How Youre Going To Live Through This.\"][/content-quote]</div><div>[content-image number_of_columns=\"col-2\" quantity=\"2\" image_1=\"main/news/6.jpg\" image_2=\"main/news/2.jpg\"][/content-image]</div><h3>Better financial shape</h3><p>Our comprehensive range of financial services and expert guidance are designed to empower individuals, families, and businesses to make informed financial decisions. Whether youre looking to manage debt, build savings, invest wisely, or plan for retirement, our team of seasoned financial professionals is committed to helping you reach your goals. We offer personalized financial assessments, tailored strategies, and cutting-edge tools to maximize your financial well-being. By partnering with us, you gain access to a wealth of knowledge and resources that can transform your financial future.</p><div>[content-listing-style style=\"style-1\" quantity=\"6\" item_1=\"Diverse Solutions Guidance.\" item_2=\"Professionals Assisting You.\" item_3=\"Tailored Strategies for Success.\" item_4=\"Informed Decisions with Technology.\" item_5=\"Health Assessments Provided.\" item_6=\"Strategies for Building Prosperity.\"][/content-listing-style]</div><p>Achieving financial stability and prosperity is a shared goal we all aspire to. At Echo, we understand the significance of being in better financial shape, and we are here to guide you on your journey.</p><br> </br><br> </br>','published',1,'Botble\\Member\\Models\\Member',1,'main/news/1.jpg',2274,NULL,'2024-08-09 11:03:29','2024-08-09 11:03:29'),(2,'Global Economy Shows Signs of Recovery','Positive economic indicators suggest a gradual recovery from the impact of the recent global downturn, with increased job creation and consumer confidence.','<p>The title conveys a sense of confidence that the economy will weather the banking crisis without suffering severe damage. The term \"banking crisis\" likely refers to a situation where financial institutions face significant challenges, such as insolvency, liquidity problems, or other issues that could affect the stability of the financial sector.</p><div>[content-quote style=\"style-2\" quote=\"Life Imposes Things On You That You Cant Control, But You Still Have The Choice Of How Youre Going To Live Through This\" author=\"Celine Dion\" description=\"Acknowledgment of Lifes Challenges: The quote recognizes that life can be unpredictable and present challenges, obstacles, and hardships that are beyond an individuals control. It emphasizes that adversity is a natural part of the human experience.\" top_left_image=\"main/general/blog-shape-image.png\"][/content-quote]</div><h3>I love how relaxed and flowy this dress is and that it has really delicate</h3><p>Indulge in the epitome of comfort and style with our \"Relaxed and Flowy\" dress, a masterpiece of delicate design and effortless elegance. This dress offers the perfect blend of comfort and sophistication, allowing you to move gracefully through any occasion. Crafted with meticulous attention to detail, its delicate fabric and relaxed silhouette make it a wardrobe essential for those who appreciate both style and comfort. Whether youre strolling through a garden party or enjoying a serene evening out, this dress will be your trusted companion. Discover the beauty of ease and elegance with this exquisite garment.</p><br> </br><div>[content-image number_of_columns=\"col-2\" quantity=\"2\" image_1=\"main/news/3.jpg\" image_2=\"main/news/7.jpg\"][/content-image]</div><div>[content-capitalize text=\"Step into the world of tranquility and charm with our Relaxed and Flowy dress. Its effortless design is a testament to the beauty of simplicity. The gentle, delicate fabric cascades with every movement, creating a mesmerizing dance of fabric and form. This dress embraces you in a feeling of relaxation and freedom, making it perfect for those serene, carefree moments you cherish\"][/content-capitalize]</div><div>[content-capitalize blog_content=\"This dress has a captivating allure with its relaxed and flowy silhouette that exudes a sense of effortlessness. What truly sets it apart are the exquisite, delicate details that adorn the fabric. The dress strikes a harmonious balance between comfort and sophistication, making it a perfect choice for those who value both the ease of relaxed attire and the subtle, intricate beauty that these delicate features bring to the overall design.\"][/content-capitalize]</div><p>It encourages taking personal responsibility for ones responses to lifes trials. Even when faced with difficult circumstances, individuals have the autonomy to choose their emotional and behavioral reactions.</p><br> </br><p>The subtle details and the relaxed fit come together to create an ensemble that effortlessly combines fashion and comfort. Whether youre attending a summer soire or savoring a quiet day by the beach, this dress will be your go-to choice for a look that is both relaxed and elegantly delicate. Elevate your style with this captivating dress that celebrates the beauty of flowy, effortless fashion.\"</p><br> </br><br> </br>','published',5,'Botble\\Member\\Models\\Member',1,'main/news/2.jpg',1690,NULL,'2024-08-09 11:03:29','2024-08-09 11:03:29'),(3,'Tech Giants Unveil Cutting-Edge Gadgets at Annual Expo','The latest innovations in technology were showcased at the annual tech expo, featuring groundbreaking gadgets and advancements in artificial intelligence.','<p>Introducing the Asus ROG Ally, your ultimate gaming companion that wont compromise your budget. Packed with the high-performance AMD Z1 processor, this gaming laptop redefines whats possible in the sub-$600 price range. Whether youre a casual gamer or a hardcore enthusiast, the Asus ROG Ally has you covered with its impressive hardware and affordability.</p><h3>Data Center Loading & Security</h3><p>The Asus ROG Ally: Unleash Gaming Power on a Budget! Starting at just $600, this gaming marvel is powered by the formidable AMD Z1 processor. Get ready for an immersive gaming experience that wont break the bank, as the Asus ROG Ally combines affordability with cutting-edge technology to ensure you conquer virtual worlds like a true champion.</p><h3>Advance Features</h3><div>[content-listing-style number_of_columns=\"col-2\" quantity=\"6\" item_1=\"Affordable Gaming Power\" item_2=\"AMD Z1 Processor\" item_3=\"Stylish Design\" item_4=\"High-Refresh-Rate Display\" item_5=\"Expandable Storage and Memory\" item_6=\"Gaming Excellence on a Budget\"][/content-listing-style]</div><p>The Asus ROG Ally also offers ample storage and memory options to keep all your games and files within easy reach. You can expand and customize it to meet your specific needs, ensuring youre always prepared for the latest gaming challenges.</p><br> </br><div>[content-image number_of_columns=\"col-2\" quantity=\"2\" image_1=\"main/general/blog-4.png\" image_2=\"main/general/blog-3.png\"][/content-image]</div><div>[content-image number_of_columns=\"col-1\" quantity=\"1\" image_1=\"main/general/blog-5.png\"][/content-image]</div><h3>Features & configurations</h3><div>[content-listing-style number_of_columns=\"col-1\" quantity=\"6\" item_1=\"350-mile range (the bar is 300 miles)\" item_2=\"Your smartphone can be your key to the vehicle\" item_3=\"Reverse charging, so your car can power your house during a power outage\" item_4=\"An impressive 0-60 time of around 3.6 seconds (I like performance)\" item_5=\"A solar panel roof to increase range and supply emergency power\" item_6=\"Convertible-like mode (which really opens the car up)\"][/content-listing-style]</div><p>Asus ROG Ally is your ticket to affordable gaming excellence. With a starting price of just $600, its a game-changer that will take your gaming adventures to the next level. Whether youre a student, a professional, or just someone looking for a fantastic gaming experience without breaking the bank, the Asus ROG Ally with AMD Z1 is your ideal companion. Grab yours now and prepare to dominate the gaming world!</p><br> </br>','published',5,'Botble\\Member\\Models\\Member',1,'main/news/3.jpg',667,NULL,'2024-08-09 11:03:29','2024-08-09 11:03:29'),(4,'Climate Change Summit Addresses Urgent Environmental Concerns','World leaders gather to discuss and strategize solutions for combating climate change, emphasizing the need for global collaboration to protect the planet.','<p>Introducing the Asus ROG Ally, your ultimate gaming companion that wont compromise your budget. Packed with the high-performance AMD Z1 processor, this gaming laptop redefines whats possible in the sub-$600 price range. Whether youre a casual gamer or a hardcore enthusiast, the Asus ROG Ally has you covered with its impressive hardware and affordability.</p><h3>Data Center Loading & Security</h3><p>The Asus ROG Ally: Unleash Gaming Power on a Budget! Starting at just $600, this gaming marvel is powered by the formidable AMD Z1 processor. Get ready for an immersive gaming experience that wont break the bank, as the Asus ROG Ally combines affordability with cutting-edge technology to ensure you conquer virtual worlds like a true champion.</p><h3>Advance Features</h3><div>[content-listing-style number_of_columns=\"col-2\" quantity=\"6\" item_1=\"Affordable Gaming Power\" item_2=\"AMD Z1 Processor\" item_3=\"Stylish Design\" item_4=\"High-Refresh-Rate Display\" item_5=\"Expandable Storage and Memory\" item_6=\"Gaming Excellence on a Budget\"][/content-listing-style]</div><p>The Asus ROG Ally also offers ample storage and memory options to keep all your games and files within easy reach. You can expand and customize it to meet your specific needs, ensuring youre always prepared for the latest gaming challenges.</p><br> </br><div>[content-image number_of_columns=\"col-2\" quantity=\"2\" image_1=\"main/general/blog-4.png\" image_2=\"main/general/blog-3.png\"][/content-image]</div><div>[content-image number_of_columns=\"col-1\" quantity=\"1\" image_1=\"main/general/blog-5.png\"][/content-image]</div><h3>Features & configurations</h3><div>[content-listing-style number_of_columns=\"col-1\" quantity=\"6\" item_1=\"350-mile range (the bar is 300 miles)\" item_2=\"Your smartphone can be your key to the vehicle\" item_3=\"Reverse charging, so your car can power your house during a power outage\" item_4=\"An impressive 0-60 time of around 3.6 seconds (I like performance)\" item_5=\"A solar panel roof to increase range and supply emergency power\" item_6=\"Convertible-like mode (which really opens the car up)\"][/content-listing-style]</div><p>Asus ROG Ally is your ticket to affordable gaming excellence. With a starting price of just $600, its a game-changer that will take your gaming adventures to the next level. Whether youre a student, a professional, or just someone looking for a fantastic gaming experience without breaking the bank, the Asus ROG Ally with AMD Z1 is your ideal companion. Grab yours now and prepare to dominate the gaming world!</p><br> </br>','published',7,'Botble\\Member\\Models\\Member',1,'main/news/4.jpg',872,NULL,'2024-08-09 11:03:29','2024-08-09 11:03:29'),(5,'Celebrity Couple Announces Engagement in Romantic Getaway','A well-known celebrity couple has officially announced their engagement, sharing intimate details of the proposal during a romantic getaway.','<p>The title conveys a sense of confidence that the economy will weather the banking crisis without suffering severe damage. The term \"banking crisis\" likely refers to a situation where financial institutions face significant challenges, such as insolvency, liquidity problems, or other issues that could affect the stability of the financial sector.</p><div>[content-quote style=\"style-2\" quote=\"Life Imposes Things On You That You Cant Control, But You Still Have The Choice Of How Youre Going To Live Through This\" author=\"Celine Dion\" description=\"Acknowledgment of Lifes Challenges: The quote recognizes that life can be unpredictable and present challenges, obstacles, and hardships that are beyond an individuals control. It emphasizes that adversity is a natural part of the human experience.\" top_left_image=\"main/general/blog-shape-image.png\"][/content-quote]</div><h3>I love how relaxed and flowy this dress is and that it has really delicate</h3><p>Indulge in the epitome of comfort and style with our \"Relaxed and Flowy\" dress, a masterpiece of delicate design and effortless elegance. This dress offers the perfect blend of comfort and sophistication, allowing you to move gracefully through any occasion. Crafted with meticulous attention to detail, its delicate fabric and relaxed silhouette make it a wardrobe essential for those who appreciate both style and comfort. Whether youre strolling through a garden party or enjoying a serene evening out, this dress will be your trusted companion. Discover the beauty of ease and elegance with this exquisite garment.</p><br> </br><div>[content-image number_of_columns=\"col-2\" quantity=\"2\" image_1=\"main/news/3.jpg\" image_2=\"main/news/7.jpg\"][/content-image]</div><div>[content-capitalize text=\"Step into the world of tranquility and charm with our Relaxed and Flowy dress. Its effortless design is a testament to the beauty of simplicity. The gentle, delicate fabric cascades with every movement, creating a mesmerizing dance of fabric and form. This dress embraces you in a feeling of relaxation and freedom, making it perfect for those serene, carefree moments you cherish\"][/content-capitalize]</div><div>[content-capitalize blog_content=\"This dress has a captivating allure with its relaxed and flowy silhouette that exudes a sense of effortlessness. What truly sets it apart are the exquisite, delicate details that adorn the fabric. The dress strikes a harmonious balance between comfort and sophistication, making it a perfect choice for those who value both the ease of relaxed attire and the subtle, intricate beauty that these delicate features bring to the overall design.\"][/content-capitalize]</div><p>It encourages taking personal responsibility for ones responses to lifes trials. Even when faced with difficult circumstances, individuals have the autonomy to choose their emotional and behavioral reactions.</p><br> </br><p>The subtle details and the relaxed fit come together to create an ensemble that effortlessly combines fashion and comfort. Whether youre attending a summer soire or savoring a quiet day by the beach, this dress will be your go-to choice for a look that is both relaxed and elegantly delicate. Elevate your style with this captivating dress that celebrates the beauty of flowy, effortless fashion.\"</p><br> </br><br> </br>','published',2,'Botble\\Member\\Models\\Member',1,'main/news/5.jpg',592,NULL,'2024-08-09 11:03:29','2024-08-09 11:03:29'),(6,'Space Exploration Mission Discovers New Exoplanets','A recent space mission has identified several new exoplanets with potential habitability, opening up possibilities for the search for extraterrestrial life.','<p>The title conveys a sense of confidence that the economy will weather the banking crisis without suffering severe damage. The term \"banking crisis\" likely refers to a situation where financial institutions face significant challenges, such as insolvency, liquidity problems, or other issues that could affect the stability of the financial sector.</p><div>[content-quote style=\"style-2\" quote=\"Life Imposes Things On You That You Cant Control, But You Still Have The Choice Of How Youre Going To Live Through This\" author=\"Celine Dion\" description=\"Acknowledgment of Lifes Challenges: The quote recognizes that life can be unpredictable and present challenges, obstacles, and hardships that are beyond an individuals control. It emphasizes that adversity is a natural part of the human experience.\" top_left_image=\"main/general/blog-shape-image.png\"][/content-quote]</div><h3>I love how relaxed and flowy this dress is and that it has really delicate</h3><p>Indulge in the epitome of comfort and style with our \"Relaxed and Flowy\" dress, a masterpiece of delicate design and effortless elegance. This dress offers the perfect blend of comfort and sophistication, allowing you to move gracefully through any occasion. Crafted with meticulous attention to detail, its delicate fabric and relaxed silhouette make it a wardrobe essential for those who appreciate both style and comfort. Whether youre strolling through a garden party or enjoying a serene evening out, this dress will be your trusted companion. Discover the beauty of ease and elegance with this exquisite garment.</p><br> </br><div>[content-image number_of_columns=\"col-2\" quantity=\"2\" image_1=\"main/news/3.jpg\" image_2=\"main/news/7.jpg\"][/content-image]</div><div>[content-capitalize text=\"Step into the world of tranquility and charm with our Relaxed and Flowy dress. Its effortless design is a testament to the beauty of simplicity. The gentle, delicate fabric cascades with every movement, creating a mesmerizing dance of fabric and form. This dress embraces you in a feeling of relaxation and freedom, making it perfect for those serene, carefree moments you cherish\"][/content-capitalize]</div><div>[content-capitalize blog_content=\"This dress has a captivating allure with its relaxed and flowy silhouette that exudes a sense of effortlessness. What truly sets it apart are the exquisite, delicate details that adorn the fabric. The dress strikes a harmonious balance between comfort and sophistication, making it a perfect choice for those who value both the ease of relaxed attire and the subtle, intricate beauty that these delicate features bring to the overall design.\"][/content-capitalize]</div><p>It encourages taking personal responsibility for ones responses to lifes trials. Even when faced with difficult circumstances, individuals have the autonomy to choose their emotional and behavioral reactions.</p><br> </br><p>The subtle details and the relaxed fit come together to create an ensemble that effortlessly combines fashion and comfort. Whether youre attending a summer soire or savoring a quiet day by the beach, this dress will be your go-to choice for a look that is both relaxed and elegantly delicate. Elevate your style with this captivating dress that celebrates the beauty of flowy, effortless fashion.\"</p><br> </br><br> </br>','published',8,'Botble\\Member\\Models\\Member',1,'main/news/6.jpg',1524,NULL,'2024-08-09 11:03:29','2024-08-09 11:03:29'),(7,'Major Sporting Event Breaks Records in Viewership','The latest edition of a major sporting event shattered previous viewership records, capturing the attention of fans globally with thrilling competitions.','<p>Our mission is to assist you in achieving better financial shape, not just for today, but for the long term. We believe that financial security and freedom are within reach for everyone, and were dedicated to providing the guidance and support you need to get there.</p><div>[content-quote author=\"Celine Dion\" quote=\"Life Imposes Things On You That You Cant Control, But You Still Have The Choice Of How Youre Going To Live Through This.\"][/content-quote]</div><div>[content-image number_of_columns=\"col-2\" quantity=\"2\" image_1=\"main/news/6.jpg\" image_2=\"main/news/2.jpg\"][/content-image]</div><h3>Better financial shape</h3><p>Our comprehensive range of financial services and expert guidance are designed to empower individuals, families, and businesses to make informed financial decisions. Whether youre looking to manage debt, build savings, invest wisely, or plan for retirement, our team of seasoned financial professionals is committed to helping you reach your goals. We offer personalized financial assessments, tailored strategies, and cutting-edge tools to maximize your financial well-being. By partnering with us, you gain access to a wealth of knowledge and resources that can transform your financial future.</p><div>[content-listing-style style=\"style-1\" quantity=\"6\" item_1=\"Diverse Solutions Guidance.\" item_2=\"Professionals Assisting You.\" item_3=\"Tailored Strategies for Success.\" item_4=\"Informed Decisions with Technology.\" item_5=\"Health Assessments Provided.\" item_6=\"Strategies for Building Prosperity.\"][/content-listing-style]</div><p>Achieving financial stability and prosperity is a shared goal we all aspire to. At Echo, we understand the significance of being in better financial shape, and we are here to guide you on your journey.</p><br> </br><br> </br>','published',7,'Botble\\Member\\Models\\Member',1,'main/news/7.jpg',309,NULL,'2024-08-09 11:03:29','2024-08-09 11:03:29'),(8,'Health Experts Share Tips for Boosting Immune System','Amid health concerns, experts provide valuable insights and tips for maintaining a strong immune system to better protect against illnesses.','<p>The title conveys a sense of confidence that the economy will weather the banking crisis without suffering severe damage. The term \"banking crisis\" likely refers to a situation where financial institutions face significant challenges, such as insolvency, liquidity problems, or other issues that could affect the stability of the financial sector.</p><div>[content-quote style=\"style-2\" quote=\"Life Imposes Things On You That You Cant Control, But You Still Have The Choice Of How Youre Going To Live Through This\" author=\"Celine Dion\" description=\"Acknowledgment of Lifes Challenges: The quote recognizes that life can be unpredictable and present challenges, obstacles, and hardships that are beyond an individuals control. It emphasizes that adversity is a natural part of the human experience.\" top_left_image=\"main/general/blog-shape-image.png\"][/content-quote]</div><h3>I love how relaxed and flowy this dress is and that it has really delicate</h3><p>Indulge in the epitome of comfort and style with our \"Relaxed and Flowy\" dress, a masterpiece of delicate design and effortless elegance. This dress offers the perfect blend of comfort and sophistication, allowing you to move gracefully through any occasion. Crafted with meticulous attention to detail, its delicate fabric and relaxed silhouette make it a wardrobe essential for those who appreciate both style and comfort. Whether youre strolling through a garden party or enjoying a serene evening out, this dress will be your trusted companion. Discover the beauty of ease and elegance with this exquisite garment.</p><br> </br><div>[content-image number_of_columns=\"col-2\" quantity=\"2\" image_1=\"main/news/3.jpg\" image_2=\"main/news/7.jpg\"][/content-image]</div><div>[content-capitalize text=\"Step into the world of tranquility and charm with our Relaxed and Flowy dress. Its effortless design is a testament to the beauty of simplicity. The gentle, delicate fabric cascades with every movement, creating a mesmerizing dance of fabric and form. This dress embraces you in a feeling of relaxation and freedom, making it perfect for those serene, carefree moments you cherish\"][/content-capitalize]</div><div>[content-capitalize blog_content=\"This dress has a captivating allure with its relaxed and flowy silhouette that exudes a sense of effortlessness. What truly sets it apart are the exquisite, delicate details that adorn the fabric. The dress strikes a harmonious balance between comfort and sophistication, making it a perfect choice for those who value both the ease of relaxed attire and the subtle, intricate beauty that these delicate features bring to the overall design.\"][/content-capitalize]</div><p>It encourages taking personal responsibility for ones responses to lifes trials. Even when faced with difficult circumstances, individuals have the autonomy to choose their emotional and behavioral reactions.</p><br> </br><p>The subtle details and the relaxed fit come together to create an ensemble that effortlessly combines fashion and comfort. Whether youre attending a summer soire or savoring a quiet day by the beach, this dress will be your go-to choice for a look that is both relaxed and elegantly delicate. Elevate your style with this captivating dress that celebrates the beauty of flowy, effortless fashion.\"</p><br> </br><br> </br>','published',8,'Botble\\Member\\Models\\Member',1,'main/news/8.jpg',2261,NULL,'2024-08-09 11:03:29','2024-08-09 11:03:29'),(9,'Artificial Intelligence in Education: Transforming Learning Experiences','Educational institutions worldwide are incorporating artificial intelligence to enhance learning experiences, paving the way for personalized and adaptive education.','<p>Our mission is to assist you in achieving better financial shape, not just for today, but for the long term. We believe that financial security and freedom are within reach for everyone, and were dedicated to providing the guidance and support you need to get there.</p><div>[content-quote author=\"Celine Dion\" quote=\"Life Imposes Things On You That You Cant Control, But You Still Have The Choice Of How Youre Going To Live Through This.\"][/content-quote]</div><div>[content-image number_of_columns=\"col-2\" quantity=\"2\" image_1=\"main/news/6.jpg\" image_2=\"main/news/2.jpg\"][/content-image]</div><h3>Better financial shape</h3><p>Our comprehensive range of financial services and expert guidance are designed to empower individuals, families, and businesses to make informed financial decisions. Whether youre looking to manage debt, build savings, invest wisely, or plan for retirement, our team of seasoned financial professionals is committed to helping you reach your goals. We offer personalized financial assessments, tailored strategies, and cutting-edge tools to maximize your financial well-being. By partnering with us, you gain access to a wealth of knowledge and resources that can transform your financial future.</p><div>[content-listing-style style=\"style-1\" quantity=\"6\" item_1=\"Diverse Solutions Guidance.\" item_2=\"Professionals Assisting You.\" item_3=\"Tailored Strategies for Success.\" item_4=\"Informed Decisions with Technology.\" item_5=\"Health Assessments Provided.\" item_6=\"Strategies for Building Prosperity.\"][/content-listing-style]</div><p>Achieving financial stability and prosperity is a shared goal we all aspire to. At Echo, we understand the significance of being in better financial shape, and we are here to guide you on your journey.</p><br> </br><br> </br>','published',3,'Botble\\Member\\Models\\Member',1,'main/news/9.jpg',1357,NULL,'2024-08-09 11:03:29','2024-08-09 11:03:29'),(10,'Newly Discovered Species Adds to Biodiversity Riches','Biologists have identified a previously unknown species, highlighting the importance of conservation efforts in preserving Earth\'s diverse ecosystems.','<p>The title conveys a sense of confidence that the economy will weather the banking crisis without suffering severe damage. The term \"banking crisis\" likely refers to a situation where financial institutions face significant challenges, such as insolvency, liquidity problems, or other issues that could affect the stability of the financial sector.</p><div>[content-quote style=\"style-2\" quote=\"Life Imposes Things On You That You Cant Control, But You Still Have The Choice Of How Youre Going To Live Through This\" author=\"Celine Dion\" description=\"Acknowledgment of Lifes Challenges: The quote recognizes that life can be unpredictable and present challenges, obstacles, and hardships that are beyond an individuals control. It emphasizes that adversity is a natural part of the human experience.\" top_left_image=\"main/general/blog-shape-image.png\"][/content-quote]</div><h3>I love how relaxed and flowy this dress is and that it has really delicate</h3><p>Indulge in the epitome of comfort and style with our \"Relaxed and Flowy\" dress, a masterpiece of delicate design and effortless elegance. This dress offers the perfect blend of comfort and sophistication, allowing you to move gracefully through any occasion. Crafted with meticulous attention to detail, its delicate fabric and relaxed silhouette make it a wardrobe essential for those who appreciate both style and comfort. Whether youre strolling through a garden party or enjoying a serene evening out, this dress will be your trusted companion. Discover the beauty of ease and elegance with this exquisite garment.</p><br> </br><div>[content-image number_of_columns=\"col-2\" quantity=\"2\" image_1=\"main/news/3.jpg\" image_2=\"main/news/7.jpg\"][/content-image]</div><div>[content-capitalize text=\"Step into the world of tranquility and charm with our Relaxed and Flowy dress. Its effortless design is a testament to the beauty of simplicity. The gentle, delicate fabric cascades with every movement, creating a mesmerizing dance of fabric and form. This dress embraces you in a feeling of relaxation and freedom, making it perfect for those serene, carefree moments you cherish\"][/content-capitalize]</div><div>[content-capitalize blog_content=\"This dress has a captivating allure with its relaxed and flowy silhouette that exudes a sense of effortlessness. What truly sets it apart are the exquisite, delicate details that adorn the fabric. The dress strikes a harmonious balance between comfort and sophistication, making it a perfect choice for those who value both the ease of relaxed attire and the subtle, intricate beauty that these delicate features bring to the overall design.\"][/content-capitalize]</div><p>It encourages taking personal responsibility for ones responses to lifes trials. Even when faced with difficult circumstances, individuals have the autonomy to choose their emotional and behavioral reactions.</p><br> </br><p>The subtle details and the relaxed fit come together to create an ensemble that effortlessly combines fashion and comfort. Whether youre attending a summer soire or savoring a quiet day by the beach, this dress will be your go-to choice for a look that is both relaxed and elegantly delicate. Elevate your style with this captivating dress that celebrates the beauty of flowy, effortless fashion.\"</p><br> </br><br> </br>','published',5,'Botble\\Member\\Models\\Member',1,'main/news/10.jpg',1841,NULL,'2024-08-09 11:03:29','2024-08-09 11:03:29'),(11,'Fashion Trends for the Upcoming Season Unveiled','Fashion designers showcase their latest creations, offering a glimpse into the trends that will dominate the upcoming season and influencing style enthusiasts.','<p>Introducing the Asus ROG Ally, your ultimate gaming companion that wont compromise your budget. Packed with the high-performance AMD Z1 processor, this gaming laptop redefines whats possible in the sub-$600 price range. Whether youre a casual gamer or a hardcore enthusiast, the Asus ROG Ally has you covered with its impressive hardware and affordability.</p><h3>Data Center Loading & Security</h3><p>The Asus ROG Ally: Unleash Gaming Power on a Budget! Starting at just $600, this gaming marvel is powered by the formidable AMD Z1 processor. Get ready for an immersive gaming experience that wont break the bank, as the Asus ROG Ally combines affordability with cutting-edge technology to ensure you conquer virtual worlds like a true champion.</p><h3>Advance Features</h3><div>[content-listing-style number_of_columns=\"col-2\" quantity=\"6\" item_1=\"Affordable Gaming Power\" item_2=\"AMD Z1 Processor\" item_3=\"Stylish Design\" item_4=\"High-Refresh-Rate Display\" item_5=\"Expandable Storage and Memory\" item_6=\"Gaming Excellence on a Budget\"][/content-listing-style]</div><p>The Asus ROG Ally also offers ample storage and memory options to keep all your games and files within easy reach. You can expand and customize it to meet your specific needs, ensuring youre always prepared for the latest gaming challenges.</p><br> </br><div>[content-image number_of_columns=\"col-2\" quantity=\"2\" image_1=\"main/general/blog-4.png\" image_2=\"main/general/blog-3.png\"][/content-image]</div><div>[content-image number_of_columns=\"col-1\" quantity=\"1\" image_1=\"main/general/blog-5.png\"][/content-image]</div><h3>Features & configurations</h3><div>[content-listing-style number_of_columns=\"col-1\" quantity=\"6\" item_1=\"350-mile range (the bar is 300 miles)\" item_2=\"Your smartphone can be your key to the vehicle\" item_3=\"Reverse charging, so your car can power your house during a power outage\" item_4=\"An impressive 0-60 time of around 3.6 seconds (I like performance)\" item_5=\"A solar panel roof to increase range and supply emergency power\" item_6=\"Convertible-like mode (which really opens the car up)\"][/content-listing-style]</div><p>Asus ROG Ally is your ticket to affordable gaming excellence. With a starting price of just $600, its a game-changer that will take your gaming adventures to the next level. Whether youre a student, a professional, or just someone looking for a fantastic gaming experience without breaking the bank, the Asus ROG Ally with AMD Z1 is your ideal companion. Grab yours now and prepare to dominate the gaming world!</p><br> </br>','published',8,'Botble\\Member\\Models\\Member',0,'main/news/11.jpg',2305,NULL,'2024-08-09 11:03:29','2024-08-09 11:03:29'),(12,'Government Initiatives Aim to Address Affordable Housing Crisis','In response to the ongoing housing affordability crisis, governments implement new initiatives to provide affordable housing options for citizens in need.','<p>The title conveys a sense of confidence that the economy will weather the banking crisis without suffering severe damage. The term \"banking crisis\" likely refers to a situation where financial institutions face significant challenges, such as insolvency, liquidity problems, or other issues that could affect the stability of the financial sector.</p><div>[content-quote style=\"style-2\" quote=\"Life Imposes Things On You That You Cant Control, But You Still Have The Choice Of How Youre Going To Live Through This\" author=\"Celine Dion\" description=\"Acknowledgment of Lifes Challenges: The quote recognizes that life can be unpredictable and present challenges, obstacles, and hardships that are beyond an individuals control. It emphasizes that adversity is a natural part of the human experience.\" top_left_image=\"main/general/blog-shape-image.png\"][/content-quote]</div><h3>I love how relaxed and flowy this dress is and that it has really delicate</h3><p>Indulge in the epitome of comfort and style with our \"Relaxed and Flowy\" dress, a masterpiece of delicate design and effortless elegance. This dress offers the perfect blend of comfort and sophistication, allowing you to move gracefully through any occasion. Crafted with meticulous attention to detail, its delicate fabric and relaxed silhouette make it a wardrobe essential for those who appreciate both style and comfort. Whether youre strolling through a garden party or enjoying a serene evening out, this dress will be your trusted companion. Discover the beauty of ease and elegance with this exquisite garment.</p><br> </br><div>[content-image number_of_columns=\"col-2\" quantity=\"2\" image_1=\"main/news/3.jpg\" image_2=\"main/news/7.jpg\"][/content-image]</div><div>[content-capitalize text=\"Step into the world of tranquility and charm with our Relaxed and Flowy dress. Its effortless design is a testament to the beauty of simplicity. The gentle, delicate fabric cascades with every movement, creating a mesmerizing dance of fabric and form. This dress embraces you in a feeling of relaxation and freedom, making it perfect for those serene, carefree moments you cherish\"][/content-capitalize]</div><div>[content-capitalize blog_content=\"This dress has a captivating allure with its relaxed and flowy silhouette that exudes a sense of effortlessness. What truly sets it apart are the exquisite, delicate details that adorn the fabric. The dress strikes a harmonious balance between comfort and sophistication, making it a perfect choice for those who value both the ease of relaxed attire and the subtle, intricate beauty that these delicate features bring to the overall design.\"][/content-capitalize]</div><p>It encourages taking personal responsibility for ones responses to lifes trials. Even when faced with difficult circumstances, individuals have the autonomy to choose their emotional and behavioral reactions.</p><br> </br><p>The subtle details and the relaxed fit come together to create an ensemble that effortlessly combines fashion and comfort. Whether youre attending a summer soire or savoring a quiet day by the beach, this dress will be your go-to choice for a look that is both relaxed and elegantly delicate. Elevate your style with this captivating dress that celebrates the beauty of flowy, effortless fashion.\"</p><br> </br><br> </br>','published',1,'Botble\\Member\\Models\\Member',0,'main/news/12.jpg',2227,NULL,'2024-08-09 11:03:29','2024-08-09 11:03:29'),(13,'Breakthrough Treatment Shows Promise for Alzheimer\'s Patients','A new medical breakthrough in Alzheimer\'s research brings hope to patients and their families as scientists make progress toward effective treatments.','<p>The title conveys a sense of confidence that the economy will weather the banking crisis without suffering severe damage. The term \"banking crisis\" likely refers to a situation where financial institutions face significant challenges, such as insolvency, liquidity problems, or other issues that could affect the stability of the financial sector.</p><div>[content-quote style=\"style-2\" quote=\"Life Imposes Things On You That You Cant Control, But You Still Have The Choice Of How Youre Going To Live Through This\" author=\"Celine Dion\" description=\"Acknowledgment of Lifes Challenges: The quote recognizes that life can be unpredictable and present challenges, obstacles, and hardships that are beyond an individuals control. It emphasizes that adversity is a natural part of the human experience.\" top_left_image=\"main/general/blog-shape-image.png\"][/content-quote]</div><h3>I love how relaxed and flowy this dress is and that it has really delicate</h3><p>Indulge in the epitome of comfort and style with our \"Relaxed and Flowy\" dress, a masterpiece of delicate design and effortless elegance. This dress offers the perfect blend of comfort and sophistication, allowing you to move gracefully through any occasion. Crafted with meticulous attention to detail, its delicate fabric and relaxed silhouette make it a wardrobe essential for those who appreciate both style and comfort. Whether youre strolling through a garden party or enjoying a serene evening out, this dress will be your trusted companion. Discover the beauty of ease and elegance with this exquisite garment.</p><br> </br><div>[content-image number_of_columns=\"col-2\" quantity=\"2\" image_1=\"main/news/3.jpg\" image_2=\"main/news/7.jpg\"][/content-image]</div><div>[content-capitalize text=\"Step into the world of tranquility and charm with our Relaxed and Flowy dress. Its effortless design is a testament to the beauty of simplicity. The gentle, delicate fabric cascades with every movement, creating a mesmerizing dance of fabric and form. This dress embraces you in a feeling of relaxation and freedom, making it perfect for those serene, carefree moments you cherish\"][/content-capitalize]</div><div>[content-capitalize blog_content=\"This dress has a captivating allure with its relaxed and flowy silhouette that exudes a sense of effortlessness. What truly sets it apart are the exquisite, delicate details that adorn the fabric. The dress strikes a harmonious balance between comfort and sophistication, making it a perfect choice for those who value both the ease of relaxed attire and the subtle, intricate beauty that these delicate features bring to the overall design.\"][/content-capitalize]</div><p>It encourages taking personal responsibility for ones responses to lifes trials. Even when faced with difficult circumstances, individuals have the autonomy to choose their emotional and behavioral reactions.</p><br> </br><p>The subtle details and the relaxed fit come together to create an ensemble that effortlessly combines fashion and comfort. Whether youre attending a summer soire or savoring a quiet day by the beach, this dress will be your go-to choice for a look that is both relaxed and elegantly delicate. Elevate your style with this captivating dress that celebrates the beauty of flowy, effortless fashion.\"</p><br> </br><br> </br>','published',3,'Botble\\Member\\Models\\Member',0,'main/news/13.jpg',2471,NULL,'2024-08-09 11:03:29','2024-08-09 11:03:29'),(14,'Social Media Platform Introduces Enhanced Privacy Features','In response to user concerns about privacy, a popular social media platform introduces new features to give users more control over their personal information.','<p>The title conveys a sense of confidence that the economy will weather the banking crisis without suffering severe damage. The term \"banking crisis\" likely refers to a situation where financial institutions face significant challenges, such as insolvency, liquidity problems, or other issues that could affect the stability of the financial sector.</p><div>[content-quote style=\"style-2\" quote=\"Life Imposes Things On You That You Cant Control, But You Still Have The Choice Of How Youre Going To Live Through This\" author=\"Celine Dion\" description=\"Acknowledgment of Lifes Challenges: The quote recognizes that life can be unpredictable and present challenges, obstacles, and hardships that are beyond an individuals control. It emphasizes that adversity is a natural part of the human experience.\" top_left_image=\"main/general/blog-shape-image.png\"][/content-quote]</div><h3>I love how relaxed and flowy this dress is and that it has really delicate</h3><p>Indulge in the epitome of comfort and style with our \"Relaxed and Flowy\" dress, a masterpiece of delicate design and effortless elegance. This dress offers the perfect blend of comfort and sophistication, allowing you to move gracefully through any occasion. Crafted with meticulous attention to detail, its delicate fabric and relaxed silhouette make it a wardrobe essential for those who appreciate both style and comfort. Whether youre strolling through a garden party or enjoying a serene evening out, this dress will be your trusted companion. Discover the beauty of ease and elegance with this exquisite garment.</p><br> </br><div>[content-image number_of_columns=\"col-2\" quantity=\"2\" image_1=\"main/news/3.jpg\" image_2=\"main/news/7.jpg\"][/content-image]</div><div>[content-capitalize text=\"Step into the world of tranquility and charm with our Relaxed and Flowy dress. Its effortless design is a testament to the beauty of simplicity. The gentle, delicate fabric cascades with every movement, creating a mesmerizing dance of fabric and form. This dress embraces you in a feeling of relaxation and freedom, making it perfect for those serene, carefree moments you cherish\"][/content-capitalize]</div><div>[content-capitalize blog_content=\"This dress has a captivating allure with its relaxed and flowy silhouette that exudes a sense of effortlessness. What truly sets it apart are the exquisite, delicate details that adorn the fabric. The dress strikes a harmonious balance between comfort and sophistication, making it a perfect choice for those who value both the ease of relaxed attire and the subtle, intricate beauty that these delicate features bring to the overall design.\"][/content-capitalize]</div><p>It encourages taking personal responsibility for ones responses to lifes trials. Even when faced with difficult circumstances, individuals have the autonomy to choose their emotional and behavioral reactions.</p><br> </br><p>The subtle details and the relaxed fit come together to create an ensemble that effortlessly combines fashion and comfort. Whether youre attending a summer soire or savoring a quiet day by the beach, this dress will be your go-to choice for a look that is both relaxed and elegantly delicate. Elevate your style with this captivating dress that celebrates the beauty of flowy, effortless fashion.\"</p><br> </br><br> </br>','published',2,'Botble\\Member\\Models\\Member',0,'main/news/14.jpg',2269,NULL,'2024-08-09 11:03:29','2024-08-09 11:03:29'),(15,'Local Community Comes Together for Environmental Cleanup','Residents join forces for a community-wide environmental cleanup initiative, demonstrating the power of collective action in preserving local ecosystems.','<p>Our mission is to assist you in achieving better financial shape, not just for today, but for the long term. We believe that financial security and freedom are within reach for everyone, and were dedicated to providing the guidance and support you need to get there.</p><div>[content-quote author=\"Celine Dion\" quote=\"Life Imposes Things On You That You Cant Control, But You Still Have The Choice Of How Youre Going To Live Through This.\"][/content-quote]</div><div>[content-image number_of_columns=\"col-2\" quantity=\"2\" image_1=\"main/news/6.jpg\" image_2=\"main/news/2.jpg\"][/content-image]</div><h3>Better financial shape</h3><p>Our comprehensive range of financial services and expert guidance are designed to empower individuals, families, and businesses to make informed financial decisions. Whether youre looking to manage debt, build savings, invest wisely, or plan for retirement, our team of seasoned financial professionals is committed to helping you reach your goals. We offer personalized financial assessments, tailored strategies, and cutting-edge tools to maximize your financial well-being. By partnering with us, you gain access to a wealth of knowledge and resources that can transform your financial future.</p><div>[content-listing-style style=\"style-1\" quantity=\"6\" item_1=\"Diverse Solutions Guidance.\" item_2=\"Professionals Assisting You.\" item_3=\"Tailored Strategies for Success.\" item_4=\"Informed Decisions with Technology.\" item_5=\"Health Assessments Provided.\" item_6=\"Strategies for Building Prosperity.\"][/content-listing-style]</div><p>Achieving financial stability and prosperity is a shared goal we all aspire to. At Echo, we understand the significance of being in better financial shape, and we are here to guide you on your journey.</p><br> </br><br> </br>','published',2,'Botble\\Member\\Models\\Member',0,'main/news/15.jpg',410,NULL,'2024-08-09 11:03:29','2024-08-09 11:03:29'),(16,'Innovative Startup Revolutionizes Sustainable Packaging','A startup company introduces groundbreaking sustainable packaging solutions, aiming to reduce environmental impact and promote eco-friendly practices in the industry.','<p>The title conveys a sense of confidence that the economy will weather the banking crisis without suffering severe damage. The term \"banking crisis\" likely refers to a situation where financial institutions face significant challenges, such as insolvency, liquidity problems, or other issues that could affect the stability of the financial sector.</p><div>[content-quote style=\"style-2\" quote=\"Life Imposes Things On You That You Cant Control, But You Still Have The Choice Of How Youre Going To Live Through This\" author=\"Celine Dion\" description=\"Acknowledgment of Lifes Challenges: The quote recognizes that life can be unpredictable and present challenges, obstacles, and hardships that are beyond an individuals control. It emphasizes that adversity is a natural part of the human experience.\" top_left_image=\"main/general/blog-shape-image.png\"][/content-quote]</div><h3>I love how relaxed and flowy this dress is and that it has really delicate</h3><p>Indulge in the epitome of comfort and style with our \"Relaxed and Flowy\" dress, a masterpiece of delicate design and effortless elegance. This dress offers the perfect blend of comfort and sophistication, allowing you to move gracefully through any occasion. Crafted with meticulous attention to detail, its delicate fabric and relaxed silhouette make it a wardrobe essential for those who appreciate both style and comfort. Whether youre strolling through a garden party or enjoying a serene evening out, this dress will be your trusted companion. Discover the beauty of ease and elegance with this exquisite garment.</p><br> </br><div>[content-image number_of_columns=\"col-2\" quantity=\"2\" image_1=\"main/news/3.jpg\" image_2=\"main/news/7.jpg\"][/content-image]</div><div>[content-capitalize text=\"Step into the world of tranquility and charm with our Relaxed and Flowy dress. Its effortless design is a testament to the beauty of simplicity. The gentle, delicate fabric cascades with every movement, creating a mesmerizing dance of fabric and form. This dress embraces you in a feeling of relaxation and freedom, making it perfect for those serene, carefree moments you cherish\"][/content-capitalize]</div><div>[content-capitalize blog_content=\"This dress has a captivating allure with its relaxed and flowy silhouette that exudes a sense of effortlessness. What truly sets it apart are the exquisite, delicate details that adorn the fabric. The dress strikes a harmonious balance between comfort and sophistication, making it a perfect choice for those who value both the ease of relaxed attire and the subtle, intricate beauty that these delicate features bring to the overall design.\"][/content-capitalize]</div><p>It encourages taking personal responsibility for ones responses to lifes trials. Even when faced with difficult circumstances, individuals have the autonomy to choose their emotional and behavioral reactions.</p><br> </br><p>The subtle details and the relaxed fit come together to create an ensemble that effortlessly combines fashion and comfort. Whether youre attending a summer soire or savoring a quiet day by the beach, this dress will be your go-to choice for a look that is both relaxed and elegantly delicate. Elevate your style with this captivating dress that celebrates the beauty of flowy, effortless fashion.\"</p><br> </br><br> </br>','published',8,'Botble\\Member\\Models\\Member',0,'main/news/16.jpg',1494,NULL,'2024-08-09 11:03:29','2024-08-09 11:03:29'),(17,'New Educational Program Empowers Youth in Tech Skills','A youth-focused educational program is launched to empower the next generation with essential technology skills, preparing them for future opportunities.','<p>Our mission is to assist you in achieving better financial shape, not just for today, but for the long term. We believe that financial security and freedom are within reach for everyone, and were dedicated to providing the guidance and support you need to get there.</p><div>[content-quote author=\"Celine Dion\" quote=\"Life Imposes Things On You That You Cant Control, But You Still Have The Choice Of How Youre Going To Live Through This.\"][/content-quote]</div><div>[content-image number_of_columns=\"col-2\" quantity=\"2\" image_1=\"main/news/6.jpg\" image_2=\"main/news/2.jpg\"][/content-image]</div><h3>Better financial shape</h3><p>Our comprehensive range of financial services and expert guidance are designed to empower individuals, families, and businesses to make informed financial decisions. Whether youre looking to manage debt, build savings, invest wisely, or plan for retirement, our team of seasoned financial professionals is committed to helping you reach your goals. We offer personalized financial assessments, tailored strategies, and cutting-edge tools to maximize your financial well-being. By partnering with us, you gain access to a wealth of knowledge and resources that can transform your financial future.</p><div>[content-listing-style style=\"style-1\" quantity=\"6\" item_1=\"Diverse Solutions Guidance.\" item_2=\"Professionals Assisting You.\" item_3=\"Tailored Strategies for Success.\" item_4=\"Informed Decisions with Technology.\" item_5=\"Health Assessments Provided.\" item_6=\"Strategies for Building Prosperity.\"][/content-listing-style]</div><p>Achieving financial stability and prosperity is a shared goal we all aspire to. At Echo, we understand the significance of being in better financial shape, and we are here to guide you on your journey.</p><br> </br><br> </br>','published',8,'Botble\\Member\\Models\\Member',0,'main/news/17.jpg',1472,NULL,'2024-08-09 11:03:29','2024-08-09 11:03:29'),(18,'Historical Landmark Restored to Its Former Glory','A significant historical landmark undergoes extensive restoration efforts, preserving its cultural heritage and allowing future generations to appreciate its historical significance.','<p>Introducing the Asus ROG Ally, your ultimate gaming companion that wont compromise your budget. Packed with the high-performance AMD Z1 processor, this gaming laptop redefines whats possible in the sub-$600 price range. Whether youre a casual gamer or a hardcore enthusiast, the Asus ROG Ally has you covered with its impressive hardware and affordability.</p><h3>Data Center Loading & Security</h3><p>The Asus ROG Ally: Unleash Gaming Power on a Budget! Starting at just $600, this gaming marvel is powered by the formidable AMD Z1 processor. Get ready for an immersive gaming experience that wont break the bank, as the Asus ROG Ally combines affordability with cutting-edge technology to ensure you conquer virtual worlds like a true champion.</p><h3>Advance Features</h3><div>[content-listing-style number_of_columns=\"col-2\" quantity=\"6\" item_1=\"Affordable Gaming Power\" item_2=\"AMD Z1 Processor\" item_3=\"Stylish Design\" item_4=\"High-Refresh-Rate Display\" item_5=\"Expandable Storage and Memory\" item_6=\"Gaming Excellence on a Budget\"][/content-listing-style]</div><p>The Asus ROG Ally also offers ample storage and memory options to keep all your games and files within easy reach. You can expand and customize it to meet your specific needs, ensuring youre always prepared for the latest gaming challenges.</p><br> </br><div>[content-image number_of_columns=\"col-2\" quantity=\"2\" image_1=\"main/general/blog-4.png\" image_2=\"main/general/blog-3.png\"][/content-image]</div><div>[content-image number_of_columns=\"col-1\" quantity=\"1\" image_1=\"main/general/blog-5.png\"][/content-image]</div><h3>Features & configurations</h3><div>[content-listing-style number_of_columns=\"col-1\" quantity=\"6\" item_1=\"350-mile range (the bar is 300 miles)\" item_2=\"Your smartphone can be your key to the vehicle\" item_3=\"Reverse charging, so your car can power your house during a power outage\" item_4=\"An impressive 0-60 time of around 3.6 seconds (I like performance)\" item_5=\"A solar panel roof to increase range and supply emergency power\" item_6=\"Convertible-like mode (which really opens the car up)\"][/content-listing-style]</div><p>Asus ROG Ally is your ticket to affordable gaming excellence. With a starting price of just $600, its a game-changer that will take your gaming adventures to the next level. Whether youre a student, a professional, or just someone looking for a fantastic gaming experience without breaking the bank, the Asus ROG Ally with AMD Z1 is your ideal companion. Grab yours now and prepare to dominate the gaming world!</p><br> </br>','published',2,'Botble\\Member\\Models\\Member',0,'main/news/18.jpg',414,NULL,'2024-08-09 11:03:29','2024-08-09 11:03:29'),(19,'Renowned Author Releases Highly Anticipated Novel','A celebrated author unveils their latest literary masterpiece, generating excitement among readers eager to delve into the pages of this highly anticipated novel.','<p>The title conveys a sense of confidence that the economy will weather the banking crisis without suffering severe damage. The term \"banking crisis\" likely refers to a situation where financial institutions face significant challenges, such as insolvency, liquidity problems, or other issues that could affect the stability of the financial sector.</p><div>[content-quote style=\"style-2\" quote=\"Life Imposes Things On You That You Cant Control, But You Still Have The Choice Of How Youre Going To Live Through This\" author=\"Celine Dion\" description=\"Acknowledgment of Lifes Challenges: The quote recognizes that life can be unpredictable and present challenges, obstacles, and hardships that are beyond an individuals control. It emphasizes that adversity is a natural part of the human experience.\" top_left_image=\"main/general/blog-shape-image.png\"][/content-quote]</div><h3>I love how relaxed and flowy this dress is and that it has really delicate</h3><p>Indulge in the epitome of comfort and style with our \"Relaxed and Flowy\" dress, a masterpiece of delicate design and effortless elegance. This dress offers the perfect blend of comfort and sophistication, allowing you to move gracefully through any occasion. Crafted with meticulous attention to detail, its delicate fabric and relaxed silhouette make it a wardrobe essential for those who appreciate both style and comfort. Whether youre strolling through a garden party or enjoying a serene evening out, this dress will be your trusted companion. Discover the beauty of ease and elegance with this exquisite garment.</p><br> </br><div>[content-image number_of_columns=\"col-2\" quantity=\"2\" image_1=\"main/news/3.jpg\" image_2=\"main/news/7.jpg\"][/content-image]</div><div>[content-capitalize text=\"Step into the world of tranquility and charm with our Relaxed and Flowy dress. Its effortless design is a testament to the beauty of simplicity. The gentle, delicate fabric cascades with every movement, creating a mesmerizing dance of fabric and form. This dress embraces you in a feeling of relaxation and freedom, making it perfect for those serene, carefree moments you cherish\"][/content-capitalize]</div><div>[content-capitalize blog_content=\"This dress has a captivating allure with its relaxed and flowy silhouette that exudes a sense of effortlessness. What truly sets it apart are the exquisite, delicate details that adorn the fabric. The dress strikes a harmonious balance between comfort and sophistication, making it a perfect choice for those who value both the ease of relaxed attire and the subtle, intricate beauty that these delicate features bring to the overall design.\"][/content-capitalize]</div><p>It encourages taking personal responsibility for ones responses to lifes trials. Even when faced with difficult circumstances, individuals have the autonomy to choose their emotional and behavioral reactions.</p><br> </br><p>The subtle details and the relaxed fit come together to create an ensemble that effortlessly combines fashion and comfort. Whether youre attending a summer soire or savoring a quiet day by the beach, this dress will be your go-to choice for a look that is both relaxed and elegantly delicate. Elevate your style with this captivating dress that celebrates the beauty of flowy, effortless fashion.\"</p><br> </br><br> </br>','published',3,'Botble\\Member\\Models\\Member',0,'main/news/19.jpg',1539,NULL,'2024-08-09 11:03:29','2024-08-09 11:03:29'),(20,'Global Collaboration Leads to Breakthrough in Disease Prevention','International efforts and collaboration result in a major breakthrough in disease prevention, marking a significant step forward in global healthcare.','<p>Introducing the Asus ROG Ally, your ultimate gaming companion that wont compromise your budget. Packed with the high-performance AMD Z1 processor, this gaming laptop redefines whats possible in the sub-$600 price range. Whether youre a casual gamer or a hardcore enthusiast, the Asus ROG Ally has you covered with its impressive hardware and affordability.</p><h3>Data Center Loading & Security</h3><p>The Asus ROG Ally: Unleash Gaming Power on a Budget! Starting at just $600, this gaming marvel is powered by the formidable AMD Z1 processor. Get ready for an immersive gaming experience that wont break the bank, as the Asus ROG Ally combines affordability with cutting-edge technology to ensure you conquer virtual worlds like a true champion.</p><h3>Advance Features</h3><div>[content-listing-style number_of_columns=\"col-2\" quantity=\"6\" item_1=\"Affordable Gaming Power\" item_2=\"AMD Z1 Processor\" item_3=\"Stylish Design\" item_4=\"High-Refresh-Rate Display\" item_5=\"Expandable Storage and Memory\" item_6=\"Gaming Excellence on a Budget\"][/content-listing-style]</div><p>The Asus ROG Ally also offers ample storage and memory options to keep all your games and files within easy reach. You can expand and customize it to meet your specific needs, ensuring youre always prepared for the latest gaming challenges.</p><br> </br><div>[content-image number_of_columns=\"col-2\" quantity=\"2\" image_1=\"main/general/blog-4.png\" image_2=\"main/general/blog-3.png\"][/content-image]</div><div>[content-image number_of_columns=\"col-1\" quantity=\"1\" image_1=\"main/general/blog-5.png\"][/content-image]</div><h3>Features & configurations</h3><div>[content-listing-style number_of_columns=\"col-1\" quantity=\"6\" item_1=\"350-mile range (the bar is 300 miles)\" item_2=\"Your smartphone can be your key to the vehicle\" item_3=\"Reverse charging, so your car can power your house during a power outage\" item_4=\"An impressive 0-60 time of around 3.6 seconds (I like performance)\" item_5=\"A solar panel roof to increase range and supply emergency power\" item_6=\"Convertible-like mode (which really opens the car up)\"][/content-listing-style]</div><p>Asus ROG Ally is your ticket to affordable gaming excellence. With a starting price of just $600, its a game-changer that will take your gaming adventures to the next level. Whether youre a student, a professional, or just someone looking for a fantastic gaming experience without breaking the bank, the Asus ROG Ally with AMD Z1 is your ideal companion. Grab yours now and prepare to dominate the gaming world!</p><br> </br>','published',1,'Botble\\Member\\Models\\Member',0,'main/news/20.jpg',213,NULL,'2024-08-09 11:03:29','2024-08-09 11:03:29');
/*!40000 ALTER TABLE `posts` ENABLE KEYS */;
UNLOCK TABLES;

--
-- Table structure for table `posts_translations`
--

DROP TABLE IF EXISTS `posts_translations`;
/*!40101 SET @saved_cs_client     = @@character_set_client */;
/*!50503 SET character_set_client = utf8mb4 */;
CREATE TABLE `posts_translations` (
  `lang_code` varchar(20) COLLATE utf8mb4_unicode_ci NOT NULL,
  `posts_id` bigint unsigned NOT NULL,
  `name` varchar(191) COLLATE utf8mb4_unicode_ci DEFAULT NULL,
  `description` varchar(400) COLLATE utf8mb4_unicode_ci DEFAULT NULL,
  `content` longtext COLLATE utf8mb4_unicode_ci,
  PRIMARY KEY (`lang_code`,`posts_id`)
) ENGINE=InnoDB DEFAULT CHARSET=utf8mb4 COLLATE=utf8mb4_unicode_ci;
/*!40101 SET character_set_client = @saved_cs_client */;

--
-- Dumping data for table `posts_translations`
--

LOCK TABLES `posts_translations` WRITE;
/*!40000 ALTER TABLE `posts_translations` DISABLE KEYS */;
/*!40000 ALTER TABLE `posts_translations` ENABLE KEYS */;
UNLOCK TABLES;

--
-- Table structure for table `request_logs`
--

DROP TABLE IF EXISTS `request_logs`;
/*!40101 SET @saved_cs_client     = @@character_set_client */;
/*!50503 SET character_set_client = utf8mb4 */;
CREATE TABLE `request_logs` (
  `id` bigint unsigned NOT NULL AUTO_INCREMENT,
  `status_code` int DEFAULT NULL,
  `url` varchar(191) COLLATE utf8mb4_unicode_ci DEFAULT NULL,
  `count` int unsigned NOT NULL DEFAULT '0',
  `user_id` varchar(191) COLLATE utf8mb4_unicode_ci DEFAULT NULL,
  `referrer` text COLLATE utf8mb4_unicode_ci,
  `created_at` timestamp NULL DEFAULT NULL,
  `updated_at` timestamp NULL DEFAULT NULL,
  PRIMARY KEY (`id`)
) ENGINE=InnoDB DEFAULT CHARSET=utf8mb4 COLLATE=utf8mb4_unicode_ci;
/*!40101 SET character_set_client = @saved_cs_client */;

--
-- Dumping data for table `request_logs`
--

LOCK TABLES `request_logs` WRITE;
/*!40000 ALTER TABLE `request_logs` DISABLE KEYS */;
/*!40000 ALTER TABLE `request_logs` ENABLE KEYS */;
UNLOCK TABLES;

--
-- Table structure for table `revisions`
--

DROP TABLE IF EXISTS `revisions`;
/*!40101 SET @saved_cs_client     = @@character_set_client */;
/*!50503 SET character_set_client = utf8mb4 */;
CREATE TABLE `revisions` (
  `id` bigint unsigned NOT NULL AUTO_INCREMENT,
  `revisionable_type` varchar(191) COLLATE utf8mb4_unicode_ci NOT NULL,
  `revisionable_id` bigint unsigned NOT NULL,
  `user_id` bigint unsigned DEFAULT NULL,
  `key` varchar(120) COLLATE utf8mb4_unicode_ci NOT NULL,
  `old_value` text COLLATE utf8mb4_unicode_ci,
  `new_value` text COLLATE utf8mb4_unicode_ci,
  `created_at` timestamp NULL DEFAULT NULL,
  `updated_at` timestamp NULL DEFAULT NULL,
  PRIMARY KEY (`id`),
  KEY `revisions_revisionable_id_revisionable_type_index` (`revisionable_id`,`revisionable_type`)
) ENGINE=InnoDB DEFAULT CHARSET=utf8mb4 COLLATE=utf8mb4_unicode_ci;
/*!40101 SET character_set_client = @saved_cs_client */;

--
-- Dumping data for table `revisions`
--

LOCK TABLES `revisions` WRITE;
/*!40000 ALTER TABLE `revisions` DISABLE KEYS */;
/*!40000 ALTER TABLE `revisions` ENABLE KEYS */;
UNLOCK TABLES;

--
-- Table structure for table `role_users`
--

DROP TABLE IF EXISTS `role_users`;
/*!40101 SET @saved_cs_client     = @@character_set_client */;
/*!50503 SET character_set_client = utf8mb4 */;
CREATE TABLE `role_users` (
  `user_id` bigint unsigned NOT NULL,
  `role_id` bigint unsigned NOT NULL,
  `created_at` timestamp NULL DEFAULT NULL,
  `updated_at` timestamp NULL DEFAULT NULL,
  PRIMARY KEY (`user_id`,`role_id`),
  KEY `role_users_user_id_index` (`user_id`),
  KEY `role_users_role_id_index` (`role_id`)
) ENGINE=InnoDB DEFAULT CHARSET=utf8mb4 COLLATE=utf8mb4_unicode_ci;
/*!40101 SET character_set_client = @saved_cs_client */;

--
-- Dumping data for table `role_users`
--

LOCK TABLES `role_users` WRITE;
/*!40000 ALTER TABLE `role_users` DISABLE KEYS */;
/*!40000 ALTER TABLE `role_users` ENABLE KEYS */;
UNLOCK TABLES;

--
-- Table structure for table `roles`
--

DROP TABLE IF EXISTS `roles`;
/*!40101 SET @saved_cs_client     = @@character_set_client */;
/*!50503 SET character_set_client = utf8mb4 */;
CREATE TABLE `roles` (
  `id` bigint unsigned NOT NULL AUTO_INCREMENT,
  `slug` varchar(120) COLLATE utf8mb4_unicode_ci NOT NULL,
  `name` varchar(120) COLLATE utf8mb4_unicode_ci NOT NULL,
  `permissions` text COLLATE utf8mb4_unicode_ci,
  `description` varchar(400) COLLATE utf8mb4_unicode_ci DEFAULT NULL,
  `is_default` tinyint unsigned NOT NULL DEFAULT '0',
  `created_by` bigint unsigned NOT NULL,
  `updated_by` bigint unsigned NOT NULL,
  `created_at` timestamp NULL DEFAULT NULL,
  `updated_at` timestamp NULL DEFAULT NULL,
  PRIMARY KEY (`id`),
  UNIQUE KEY `roles_slug_unique` (`slug`),
  KEY `roles_created_by_index` (`created_by`),
  KEY `roles_updated_by_index` (`updated_by`)
) ENGINE=InnoDB AUTO_INCREMENT=2 DEFAULT CHARSET=utf8mb4 COLLATE=utf8mb4_unicode_ci;
/*!40101 SET character_set_client = @saved_cs_client */;

--
-- Dumping data for table `roles`
--

LOCK TABLES `roles` WRITE;
/*!40000 ALTER TABLE `roles` DISABLE KEYS */;
INSERT INTO `roles` VALUES (1,'admin','Admin','{\"users.index\":true,\"users.create\":true,\"users.edit\":true,\"users.destroy\":true,\"roles.index\":true,\"roles.create\":true,\"roles.edit\":true,\"roles.destroy\":true,\"core.system\":true,\"core.cms\":true,\"core.manage.license\":true,\"systems.cronjob\":true,\"core.tools\":true,\"tools.data-synchronize\":true,\"media.index\":true,\"files.index\":true,\"files.create\":true,\"files.edit\":true,\"files.trash\":true,\"files.destroy\":true,\"folders.index\":true,\"folders.create\":true,\"folders.edit\":true,\"folders.trash\":true,\"folders.destroy\":true,\"settings.index\":true,\"settings.common\":true,\"settings.options\":true,\"settings.email\":true,\"settings.media\":true,\"settings.admin-appearance\":true,\"settings.cache\":true,\"settings.datatables\":true,\"settings.email.rules\":true,\"settings.others\":true,\"menus.index\":true,\"menus.create\":true,\"menus.edit\":true,\"menus.destroy\":true,\"optimize.settings\":true,\"pages.index\":true,\"pages.create\":true,\"pages.edit\":true,\"pages.destroy\":true,\"plugins.index\":true,\"plugins.edit\":true,\"plugins.remove\":true,\"plugins.marketplace\":true,\"core.appearance\":true,\"theme.index\":true,\"theme.activate\":true,\"theme.remove\":true,\"theme.options\":true,\"theme.custom-css\":true,\"theme.custom-js\":true,\"theme.custom-html\":true,\"theme.robots-txt\":true,\"settings.website-tracking\":true,\"widgets.index\":true,\"ads.index\":true,\"ads.create\":true,\"ads.edit\":true,\"ads.destroy\":true,\"ads.settings\":true,\"analytics.general\":true,\"analytics.page\":true,\"analytics.browser\":true,\"analytics.referrer\":true,\"analytics.settings\":true,\"announcements.index\":true,\"announcements.create\":true,\"announcements.edit\":true,\"announcements.destroy\":true,\"announcements.settings\":true,\"audit-log.index\":true,\"audit-log.destroy\":true,\"backups.index\":true,\"backups.create\":true,\"backups.restore\":true,\"backups.destroy\":true,\"plugins.blog\":true,\"posts.index\":true,\"posts.create\":true,\"posts.edit\":true,\"posts.destroy\":true,\"categories.index\":true,\"categories.create\":true,\"categories.edit\":true,\"categories.destroy\":true,\"tags.index\":true,\"tags.create\":true,\"tags.edit\":true,\"tags.destroy\":true,\"blog.settings\":true,\"posts.export\":true,\"posts.import\":true,\"captcha.settings\":true,\"contacts.index\":true,\"contacts.edit\":true,\"contacts.destroy\":true,\"contact.settings\":true,\"fob-comment.index\":true,\"fob-comment.comments.index\":true,\"fob-comment.comments.edit\":true,\"fob-comment.comments.destroy\":true,\"fob-comment.comments.reply\":true,\"fob-comment.settings\":true,\"galleries.index\":true,\"galleries.create\":true,\"galleries.edit\":true,\"galleries.destroy\":true,\"languages.index\":true,\"languages.create\":true,\"languages.edit\":true,\"languages.destroy\":true,\"member.index\":true,\"member.create\":true,\"member.edit\":true,\"member.destroy\":true,\"member.settings\":true,\"newsletter.index\":true,\"newsletter.destroy\":true,\"newsletter.settings\":true,\"request-log.index\":true,\"request-log.destroy\":true,\"social-login.settings\":true,\"plugins.translation\":true,\"translations.locales\":true,\"translations.theme-translations\":true,\"translations.index\":true,\"theme-translations.export\":true,\"other-translations.export\":true,\"theme-translations.import\":true,\"other-translations.import\":true}','Admin users role',1,1,1,'2024-08-09 11:03:17','2024-08-09 11:03:17');
/*!40000 ALTER TABLE `roles` ENABLE KEYS */;
UNLOCK TABLES;

--
-- Table structure for table `settings`
--

DROP TABLE IF EXISTS `settings`;
/*!40101 SET @saved_cs_client     = @@character_set_client */;
/*!50503 SET character_set_client = utf8mb4 */;
CREATE TABLE `settings` (
  `id` bigint unsigned NOT NULL AUTO_INCREMENT,
  `key` varchar(191) COLLATE utf8mb4_unicode_ci NOT NULL,
  `value` text COLLATE utf8mb4_unicode_ci,
  `created_at` timestamp NULL DEFAULT NULL,
  `updated_at` timestamp NULL DEFAULT NULL,
  PRIMARY KEY (`id`),
  UNIQUE KEY `settings_key_unique` (`key`)
) ENGINE=InnoDB AUTO_INCREMENT=65 DEFAULT CHARSET=utf8mb4 COLLATE=utf8mb4_unicode_ci;
/*!40101 SET character_set_client = @saved_cs_client */;

--
-- Dumping data for table `settings`
--

LOCK TABLES `settings` WRITE;
/*!40000 ALTER TABLE `settings` DISABLE KEYS */;
INSERT INTO `settings` VALUES (2,'api_enabled','0',NULL,'2024-08-09 11:03:30'),(3,'activated_plugins','[\"language\",\"language-advanced\",\"ads\",\"ai-writer\",\"analytics\",\"announcement\",\"audit-log\",\"backup\",\"blog\",\"captcha\",\"contact\",\"cookie-consent\",\"fob-comment\",\"gallery\",\"member\",\"newsletter\",\"note\",\"request-log\",\"rss-feed\",\"social-login\",\"translation\"]',NULL,'2024-08-09 11:03:30'),(4,'ai_writer_proxy_enable','0',NULL,'2024-08-09 11:03:30'),(5,'ai_writer_proxy_protocol',NULL,NULL,'2024-08-09 11:03:30'),(6,'ai_writer_proxy_ip',NULL,NULL,'2024-08-09 11:03:30'),(7,'ai_writer_proxy_port',NULL,NULL,'2024-08-09 11:03:30'),(8,'ai_writer_proxy_username',NULL,NULL,'2024-08-09 11:03:30'),(9,'ai_writer_proxy_password',NULL,NULL,'2024-08-09 11:03:30'),(10,'ai_writer_prompt_template','[{\"title\":\"Product Content\",\"content\":\"You will be a marketer. I will give the information of the product, you will write an introductory article about that product, the article requires google seo standards and is highly persuasive to increase the rate of users closing orders.\\nParameters product:\"},{\"title\":\"Post Content\",\"content\":\"You will be a marketer. Articles about:\"}]',NULL,'2024-08-09 11:03:30'),(11,'ai_writer_openai_key',NULL,NULL,'2024-08-09 11:03:30'),(12,'ai_writer_openai_temperature','1',NULL,'2024-08-09 11:03:30'),(13,'ai_writer_openai_max_tokens','2000',NULL,'2024-08-09 11:03:30'),(14,'ai_writer_openai_frequency_penalty','0',NULL,'2024-08-09 11:03:30'),(15,'ai_writer_openai_presence_penalty','0',NULL,'2024-08-09 11:03:30'),(16,'ai_writer_openai_models','[\"gpt-3.5-turbo\"]',NULL,'2024-08-09 11:03:30'),(17,'ai_writer_openai_default_model','gpt-3.5-turbo',NULL,'2024-08-09 11:03:30'),(18,'ai_writer_spin_template','[]',NULL,'2024-08-09 11:03:30'),(21,'language_hide_default','1',NULL,'2024-08-09 11:03:30'),(22,'language_switcher_display','dropdown',NULL,'2024-08-09 11:03:30'),(23,'language_display','all',NULL,'2024-08-09 11:03:30'),(24,'language_hide_languages','[]',NULL,'2024-08-09 11:03:30'),(25,'media_random_hash','3ef617c34fe8b05ca176f9bc3cf3628d',NULL,'2024-08-09 11:03:30'),(26,'theme','echo',NULL,'2024-08-09 11:03:30'),(27,'show_admin_bar','1',NULL,'2024-08-09 11:03:30'),(28,'admin_favicon','main/general/favicon.png',NULL,'2024-08-09 11:03:30'),(29,'admin_logo','main/general/logo-dark.png',NULL,'2024-08-09 11:03:30'),(30,'permalink-botble-blog-models-post','blog',NULL,'2024-08-09 11:03:30'),(31,'permalink-botble-blog-models-category','blog',NULL,'2024-08-09 11:03:30'),(32,'theme-echo-site_name','Echo',NULL,'2024-08-09 11:03:30'),(33,'theme-echo-site_title','News & Magazine Laravel Script.',NULL,'2024-08-09 11:03:30'),(34,'theme-echo-seo_description','Echo is a modern, clean, and professional Laravel script that is suitable for news, magazine, blog, and any kind of website.',NULL,'2024-08-09 11:03:30'),(35,'theme-echo-homepage_id','1',NULL,'2024-08-09 11:03:30'),(36,'theme-echo-logo','main/general/logo.png',NULL,'2024-08-09 11:03:30'),(37,'theme-echo-logo_dark','main/general/logo-dark.png',NULL,'2024-08-09 11:03:30'),(38,'theme-echo-favicon','main/general/favicon.png',NULL,'2024-08-09 11:03:30'),(39,'theme-echo-blog_page_id','4',NULL,'2024-08-09 11:03:30'),(40,'theme-echo-primary_font','Inter',NULL,'2024-08-09 11:03:30'),(41,'theme-echo-heading_font','Bona Nova',NULL,'2024-08-09 11:03:30'),(42,'theme-echo-theme_style','auto',NULL,'2024-08-09 11:03:30'),(43,'theme-echo-secondary_color','#181823',NULL,'2024-08-09 11:03:30'),(44,'theme-echo-breadcrumb_background_image','main/backgrounds/breadcrumb.png',NULL,'2024-08-09 11:03:30'),(45,'theme-echo-breadcrumb_background_color','transparent',NULL,'2024-08-09 11:03:30'),(46,'theme-echo-breadcrumb_text_color','',NULL,'2024-08-09 11:03:30'),(47,'theme-echo-blog_author_style','avatar_start',NULL,'2024-08-09 11:03:30'),(48,'theme-echo-blog_description_style','normal',NULL,'2024-08-09 11:03:30'),(49,'theme-echo-copyright','%Y Archi Elite JSC. All Rights Reserved.',NULL,'2024-08-09 11:03:30'),(50,'theme-echo-language_switcher_enabled','1',NULL,'2024-08-09 11:03:30'),(51,'theme-echo-newsletter_popup_enable','1',NULL,'2024-08-09 11:03:30'),(52,'theme-echo-newsletter_popup_image','main/general/newsletter-popup.png',NULL,'2024-08-09 11:03:30'),(53,'theme-echo-newsletter_popup_title','Lets join our newsletter!',NULL,'2024-08-09 11:03:30'),(54,'theme-echo-newsletter_popup_subtitle','Weekly Updates',NULL,'2024-08-09 11:03:30'),(55,'theme-echo-newsletter_popup_description','Do not worry we dont spam!',NULL,'2024-08-09 11:03:30'),(56,'theme-echo-social_links','[[{\"key\":\"name\",\"value\":\"Facebook\"},{\"key\":\"icon\",\"value\":\"ti ti-brand-facebook\"},{\"key\":\"url\",\"value\":\"https:\\/\\/www.facebook.com\\/\"}],[{\"key\":\"name\",\"value\":\"Instagram\"},{\"key\":\"icon\",\"value\":\"ti ti-brand-instagram\"},{\"key\":\"url\",\"value\":\"https:\\/\\/www.instagram.com\\/\"}],[{\"key\":\"name\",\"value\":\"Twitter\"},{\"key\":\"icon\",\"value\":\"ti ti-brand-x\"},{\"key\":\"url\",\"value\":\"https:\\/\\/www.twitter.com\\/\"}],[{\"key\":\"name\",\"value\":\"YouTube\"},{\"key\":\"icon\",\"value\":\"ti ti-brand-youtube\"},{\"key\":\"url\",\"value\":\"https:\\/\\/www.youtube.com\\/\"}],[{\"key\":\"name\",\"value\":\"Pinterest\"},{\"key\":\"icon\",\"value\":\"ti ti-brand-pinterest\"},{\"key\":\"url\",\"value\":\"https:\\/\\/www.pinterest.com\\/\"}]]',NULL,'2024-08-09 11:03:30'),(57,'theme-echo-social_sharing','[[{\"key\":\"social\",\"value\":\"facebook\"},{\"key\":\"icon\",\"value\":\"ti ti-brand-facebook\"}],[{\"key\":\"social\",\"value\":\"x\"},{\"key\":\"icon\",\"value\":\"ti ti-brand-x\"}],[{\"key\":\"social\",\"value\":\"pinterest\"},{\"key\":\"icon\",\"value\":\"ti ti-brand-pinterest\"}],[{\"key\":\"social\",\"value\":\"linkedin\"},{\"key\":\"icon\",\"value\":\"ti ti-brand-linkedin\"}],[{\"key\":\"social\",\"value\":\"whatsapp\"},{\"key\":\"icon\",\"value\":\"ti ti-brand-whatsapp\"}],[{\"key\":\"social\",\"value\":\"email\"},{\"key\":\"icon\",\"value\":\"ti ti-mail\"}]]',NULL,'2024-08-09 11:03:30'),(58,'announcement_max_width','1390',NULL,NULL),(59,'announcement_text_color','#fefefe',NULL,NULL),(60,'announcement_background_color','#537fe7',NULL,NULL),(61,'announcement_text_alignment','center',NULL,NULL),(62,'announcement_dismissible','1',NULL,NULL),(63,'announcement_font_size','14',NULL,NULL),(64,'announcement_font_size_unit','px',NULL,NULL);
/*!40000 ALTER TABLE `settings` ENABLE KEYS */;
UNLOCK TABLES;

--
-- Table structure for table `slugs`
--

DROP TABLE IF EXISTS `slugs`;
/*!40101 SET @saved_cs_client     = @@character_set_client */;
/*!50503 SET character_set_client = utf8mb4 */;
CREATE TABLE `slugs` (
  `id` bigint unsigned NOT NULL AUTO_INCREMENT,
  `key` varchar(191) COLLATE utf8mb4_unicode_ci NOT NULL,
  `reference_id` bigint unsigned NOT NULL,
  `reference_type` varchar(191) COLLATE utf8mb4_unicode_ci NOT NULL,
  `prefix` varchar(120) COLLATE utf8mb4_unicode_ci DEFAULT '',
  `created_at` timestamp NULL DEFAULT NULL,
  `updated_at` timestamp NULL DEFAULT NULL,
  PRIMARY KEY (`id`),
  KEY `slugs_reference_id_index` (`reference_id`),
  KEY `slugs_key_index` (`key`),
  KEY `slugs_prefix_index` (`prefix`),
  KEY `slugs_reference_index` (`reference_id`,`reference_type`)
) ENGINE=InnoDB AUTO_INCREMENT=75 DEFAULT CHARSET=utf8mb4 COLLATE=utf8mb4_unicode_ci;
/*!40101 SET character_set_client = @saved_cs_client */;

--
-- Dumping data for table `slugs`
--

LOCK TABLES `slugs` WRITE;
/*!40000 ALTER TABLE `slugs` DISABLE KEYS */;
INSERT INTO `slugs` VALUES (1,'smith',1,'Botble\\Member\\Models\\Member','author','2024-08-09 11:03:20','2024-08-09 11:03:31'),(2,'cole',2,'Botble\\Member\\Models\\Member','author','2024-08-09 11:03:20','2024-08-09 11:03:31'),(3,'hahn',3,'Botble\\Member\\Models\\Member','author','2024-08-09 11:03:20','2024-08-09 11:03:31'),(4,'gaylord',4,'Botble\\Member\\Models\\Member','author','2024-08-09 11:03:20','2024-08-09 11:03:31'),(5,'stanton',5,'Botble\\Member\\Models\\Member','author','2024-08-09 11:03:20','2024-08-09 11:03:31'),(6,'wiegand',6,'Botble\\Member\\Models\\Member','author','2024-08-09 11:03:20','2024-08-09 11:03:31'),(7,'hoeger',7,'Botble\\Member\\Models\\Member','author','2024-08-09 11:03:20','2024-08-09 11:03:31'),(8,'halvorson',8,'Botble\\Member\\Models\\Member','author','2024-08-09 11:03:20','2024-08-09 11:03:31'),(9,'uncategorized',1,'Botble\\Blog\\Models\\Category','blog','2024-08-09 11:03:29','2024-08-09 11:03:29'),(10,'videos',2,'Botble\\Blog\\Models\\Category','blog','2024-08-09 11:03:29','2024-08-09 11:03:29'),(11,'business',3,'Botble\\Blog\\Models\\Category','blog','2024-08-09 11:03:29','2024-08-09 11:03:29'),(12,'entertainment',4,'Botble\\Blog\\Models\\Category','blog','2024-08-09 11:03:29','2024-08-09 11:03:29'),(13,'travel',5,'Botble\\Blog\\Models\\Category','blog','2024-08-09 11:03:29','2024-08-09 11:03:29'),(14,'podcasts',6,'Botble\\Blog\\Models\\Category','blog','2024-08-09 11:03:29','2024-08-09 11:03:29'),(15,'healthy',7,'Botble\\Blog\\Models\\Category','blog','2024-08-09 11:03:29','2024-08-09 11:03:29'),(16,'sport',8,'Botble\\Blog\\Models\\Category','blog','2024-08-09 11:03:29','2024-08-09 11:03:29'),(17,'general',1,'Botble\\Blog\\Models\\Tag','tag','2024-08-09 11:03:29','2024-08-09 11:03:29'),(18,'science',2,'Botble\\Blog\\Models\\Tag','tag','2024-08-09 11:03:29','2024-08-09 11:03:29'),(19,'health',3,'Botble\\Blog\\Models\\Tag','tag','2024-08-09 11:03:29','2024-08-09 11:03:29'),(20,'entertainment',4,'Botble\\Blog\\Models\\Tag','tag','2024-08-09 11:03:29','2024-08-09 11:03:29'),(21,'travel',5,'Botble\\Blog\\Models\\Tag','tag','2024-08-09 11:03:29','2024-08-09 11:03:29'),(22,'world-news',6,'Botble\\Blog\\Models\\Tag','tag','2024-08-09 11:03:29','2024-08-09 11:03:29'),(23,'environment',7,'Botble\\Blog\\Models\\Tag','tag','2024-08-09 11:03:29','2024-08-09 11:03:29'),(24,'sports',8,'Botble\\Blog\\Models\\Tag','tag','2024-08-09 11:03:29','2024-08-09 11:03:29'),(25,'scientists-make-breakthrough-in-cancer-research',1,'Botble\\Blog\\Models\\Post','blog','2024-08-09 11:03:29','2024-08-09 11:03:29'),(26,'global-economy-shows-signs-of-recovery',2,'Botble\\Blog\\Models\\Post','blog','2024-08-09 11:03:29','2024-08-09 11:03:29'),(27,'tech-giants-unveil-cutting-edge-gadgets-at-annual-expo',3,'Botble\\Blog\\Models\\Post','blog','2024-08-09 11:03:29','2024-08-09 11:03:29'),(28,'climate-change-summit-addresses-urgent-environmental-concerns',4,'Botble\\Blog\\Models\\Post','blog','2024-08-09 11:03:29','2024-08-09 11:03:29'),(29,'celebrity-couple-announces-engagement-in-romantic-getaway',5,'Botble\\Blog\\Models\\Post','blog','2024-08-09 11:03:29','2024-08-09 11:03:29'),(30,'space-exploration-mission-discovers-new-exoplanets',6,'Botble\\Blog\\Models\\Post','blog','2024-08-09 11:03:29','2024-08-09 11:03:29'),(31,'major-sporting-event-breaks-records-in-viewership',7,'Botble\\Blog\\Models\\Post','blog','2024-08-09 11:03:29','2024-08-09 11:03:29'),(32,'health-experts-share-tips-for-boosting-immune-system',8,'Botble\\Blog\\Models\\Post','blog','2024-08-09 11:03:29','2024-08-09 11:03:29'),(33,'artificial-intelligence-in-education-transforming-learning-experiences',9,'Botble\\Blog\\Models\\Post','blog','2024-08-09 11:03:29','2024-08-09 11:03:29'),(34,'newly-discovered-species-adds-to-biodiversity-riches',10,'Botble\\Blog\\Models\\Post','blog','2024-08-09 11:03:29','2024-08-09 11:03:29'),(35,'fashion-trends-for-the-upcoming-season-unveiled',11,'Botble\\Blog\\Models\\Post','blog','2024-08-09 11:03:29','2024-08-09 11:03:29'),(36,'government-initiatives-aim-to-address-affordable-housing-crisis',12,'Botble\\Blog\\Models\\Post','blog','2024-08-09 11:03:29','2024-08-09 11:03:29'),(37,'breakthrough-treatment-shows-promise-for-alzheimers-patients',13,'Botble\\Blog\\Models\\Post','blog','2024-08-09 11:03:29','2024-08-09 11:03:29'),(38,'social-media-platform-introduces-enhanced-privacy-features',14,'Botble\\Blog\\Models\\Post','blog','2024-08-09 11:03:29','2024-08-09 11:03:29'),(39,'local-community-comes-together-for-environmental-cleanup',15,'Botble\\Blog\\Models\\Post','blog','2024-08-09 11:03:29','2024-08-09 11:03:29'),(40,'innovative-startup-revolutionizes-sustainable-packaging',16,'Botble\\Blog\\Models\\Post','blog','2024-08-09 11:03:29','2024-08-09 11:03:29'),(41,'new-educational-program-empowers-youth-in-tech-skills',17,'Botble\\Blog\\Models\\Post','blog','2024-08-09 11:03:29','2024-08-09 11:03:29'),(42,'historical-landmark-restored-to-its-former-glory',18,'Botble\\Blog\\Models\\Post','blog','2024-08-09 11:03:29','2024-08-09 11:03:29'),(43,'renowned-author-releases-highly-anticipated-novel',19,'Botble\\Blog\\Models\\Post','blog','2024-08-09 11:03:29','2024-08-09 11:03:29'),(44,'global-collaboration-leads-to-breakthrough-in-disease-prevention',20,'Botble\\Blog\\Models\\Post','blog','2024-08-09 11:03:29','2024-08-09 11:03:29'),(45,'perfect',1,'Botble\\Gallery\\Models\\Gallery','galleries','2024-08-09 11:03:29','2024-08-09 11:03:29'),(46,'new-day',2,'Botble\\Gallery\\Models\\Gallery','galleries','2024-08-09 11:03:29','2024-08-09 11:03:29'),(47,'happy-day',3,'Botble\\Gallery\\Models\\Gallery','galleries','2024-08-09 11:03:29','2024-08-09 11:03:29'),(48,'nature',4,'Botble\\Gallery\\Models\\Gallery','galleries','2024-08-09 11:03:29','2024-08-09 11:03:29'),(49,'morning',5,'Botble\\Gallery\\Models\\Gallery','galleries','2024-08-09 11:03:29','2024-08-09 11:03:29'),(50,'sunset',6,'Botble\\Gallery\\Models\\Gallery','galleries','2024-08-09 11:03:29','2024-08-09 11:03:29'),(51,'ocean-views',7,'Botble\\Gallery\\Models\\Gallery','galleries','2024-08-09 11:03:29','2024-08-09 11:03:29'),(52,'adventure-time',8,'Botble\\Gallery\\Models\\Gallery','galleries','2024-08-09 11:03:29','2024-08-09 11:03:29'),(53,'city-lights',9,'Botble\\Gallery\\Models\\Gallery','galleries','2024-08-09 11:03:29','2024-08-09 11:03:29'),(54,'dreamscape',10,'Botble\\Gallery\\Models\\Gallery','galleries','2024-08-09 11:03:29','2024-08-09 11:03:29'),(55,'enchanted-forest',11,'Botble\\Gallery\\Models\\Gallery','galleries','2024-08-09 11:03:29','2024-08-09 11:03:29'),(56,'golden-hour',12,'Botble\\Gallery\\Models\\Gallery','galleries','2024-08-09 11:03:29','2024-08-09 11:03:29'),(57,'serenity',13,'Botble\\Gallery\\Models\\Gallery','galleries','2024-08-09 11:03:29','2024-08-09 11:03:29'),(58,'eternal-beauty',14,'Botble\\Gallery\\Models\\Gallery','galleries','2024-08-09 11:03:29','2024-08-09 11:03:29'),(59,'moonlight-magic',15,'Botble\\Gallery\\Models\\Gallery','galleries','2024-08-09 11:03:29','2024-08-09 11:03:29'),(60,'starry-night',16,'Botble\\Gallery\\Models\\Gallery','galleries','2024-08-09 11:03:29','2024-08-09 11:03:29'),(61,'hidden-gems',17,'Botble\\Gallery\\Models\\Gallery','galleries','2024-08-09 11:03:29','2024-08-09 11:03:29'),(62,'tranquil-waters',18,'Botble\\Gallery\\Models\\Gallery','galleries','2024-08-09 11:03:29','2024-08-09 11:03:29'),(63,'urban-escape',19,'Botble\\Gallery\\Models\\Gallery','galleries','2024-08-09 11:03:29','2024-08-09 11:03:29'),(64,'twilight-zone',20,'Botble\\Gallery\\Models\\Gallery','galleries','2024-08-09 11:03:29','2024-08-09 11:03:29'),(65,'homepage',1,'Botble\\Page\\Models\\Page','','2024-08-09 11:03:29','2024-08-09 11:03:29'),(66,'about-us',2,'Botble\\Page\\Models\\Page','','2024-08-09 11:03:29','2024-08-09 11:03:29'),(67,'contact',3,'Botble\\Page\\Models\\Page','','2024-08-09 11:03:29','2024-08-09 11:03:29'),(68,'blog',4,'Botble\\Page\\Models\\Page','','2024-08-09 11:03:29','2024-08-09 11:03:29'),(69,'team',5,'Botble\\Page\\Models\\Page','','2024-08-09 11:03:29','2024-08-09 11:03:29'),(70,'cookie-policy',6,'Botble\\Page\\Models\\Page','','2024-08-09 11:03:29','2024-08-09 11:03:29'),(71,'terms-of-use',7,'Botble\\Page\\Models\\Page','','2024-08-09 11:03:29','2024-08-09 11:03:29'),(72,'privacy-policy',8,'Botble\\Page\\Models\\Page','','2024-08-09 11:03:29','2024-08-09 11:03:29'),(73,'advertise',9,'Botble\\Page\\Models\\Page','','2024-08-09 11:03:29','2024-08-09 11:03:29'),(74,'faq',10,'Botble\\Page\\Models\\Page','','2024-08-09 11:03:29','2024-08-09 11:03:29');
/*!40000 ALTER TABLE `slugs` ENABLE KEYS */;
UNLOCK TABLES;

--
-- Table structure for table `slugs_translations`
--

DROP TABLE IF EXISTS `slugs_translations`;
/*!40101 SET @saved_cs_client     = @@character_set_client */;
/*!50503 SET character_set_client = utf8mb4 */;
CREATE TABLE `slugs_translations` (
  `lang_code` varchar(20) COLLATE utf8mb4_unicode_ci NOT NULL,
  `slugs_id` bigint unsigned NOT NULL,
  `key` varchar(191) COLLATE utf8mb4_unicode_ci DEFAULT NULL,
  `prefix` varchar(120) COLLATE utf8mb4_unicode_ci DEFAULT '',
  PRIMARY KEY (`lang_code`,`slugs_id`)
) ENGINE=InnoDB DEFAULT CHARSET=utf8mb4 COLLATE=utf8mb4_unicode_ci;
/*!40101 SET character_set_client = @saved_cs_client */;

--
-- Dumping data for table `slugs_translations`
--

LOCK TABLES `slugs_translations` WRITE;
/*!40000 ALTER TABLE `slugs_translations` DISABLE KEYS */;
/*!40000 ALTER TABLE `slugs_translations` ENABLE KEYS */;
UNLOCK TABLES;

--
-- Table structure for table `tags`
--

DROP TABLE IF EXISTS `tags`;
/*!40101 SET @saved_cs_client     = @@character_set_client */;
/*!50503 SET character_set_client = utf8mb4 */;
CREATE TABLE `tags` (
  `id` bigint unsigned NOT NULL AUTO_INCREMENT,
  `name` varchar(120) COLLATE utf8mb4_unicode_ci NOT NULL,
  `author_id` bigint unsigned DEFAULT NULL,
  `author_type` varchar(191) COLLATE utf8mb4_unicode_ci NOT NULL DEFAULT 'Botble\\ACL\\Models\\User',
  `description` varchar(400) COLLATE utf8mb4_unicode_ci DEFAULT NULL,
  `status` varchar(60) COLLATE utf8mb4_unicode_ci NOT NULL DEFAULT 'published',
  `created_at` timestamp NULL DEFAULT NULL,
  `updated_at` timestamp NULL DEFAULT NULL,
  PRIMARY KEY (`id`)
) ENGINE=InnoDB AUTO_INCREMENT=9 DEFAULT CHARSET=utf8mb4 COLLATE=utf8mb4_unicode_ci;
/*!40101 SET character_set_client = @saved_cs_client */;

--
-- Dumping data for table `tags`
--

LOCK TABLES `tags` WRITE;
/*!40000 ALTER TABLE `tags` DISABLE KEYS */;
INSERT INTO `tags` VALUES (1,'General',NULL,'Botble\\ACL\\Models\\User',NULL,'published','2024-08-09 11:03:29','2024-08-09 11:03:29'),(2,'Science',NULL,'Botble\\ACL\\Models\\User',NULL,'published','2024-08-09 11:03:29','2024-08-09 11:03:29'),(3,'Health',NULL,'Botble\\ACL\\Models\\User',NULL,'published','2024-08-09 11:03:29','2024-08-09 11:03:29'),(4,'Entertainment',NULL,'Botble\\ACL\\Models\\User',NULL,'published','2024-08-09 11:03:29','2024-08-09 11:03:29'),(5,'Travel',NULL,'Botble\\ACL\\Models\\User',NULL,'published','2024-08-09 11:03:29','2024-08-09 11:03:29'),(6,'World News',NULL,'Botble\\ACL\\Models\\User',NULL,'published','2024-08-09 11:03:29','2024-08-09 11:03:29'),(7,'Environment',NULL,'Botble\\ACL\\Models\\User',NULL,'published','2024-08-09 11:03:29','2024-08-09 11:03:29'),(8,'Sports',NULL,'Botble\\ACL\\Models\\User',NULL,'published','2024-08-09 11:03:29','2024-08-09 11:03:29');
/*!40000 ALTER TABLE `tags` ENABLE KEYS */;
UNLOCK TABLES;

--
-- Table structure for table `tags_translations`
--

DROP TABLE IF EXISTS `tags_translations`;
/*!40101 SET @saved_cs_client     = @@character_set_client */;
/*!50503 SET character_set_client = utf8mb4 */;
CREATE TABLE `tags_translations` (
  `lang_code` varchar(20) COLLATE utf8mb4_unicode_ci NOT NULL,
  `tags_id` bigint unsigned NOT NULL,
  `name` varchar(191) COLLATE utf8mb4_unicode_ci DEFAULT NULL,
  `description` varchar(400) COLLATE utf8mb4_unicode_ci DEFAULT NULL,
  PRIMARY KEY (`lang_code`,`tags_id`)
) ENGINE=InnoDB DEFAULT CHARSET=utf8mb4 COLLATE=utf8mb4_unicode_ci;
/*!40101 SET character_set_client = @saved_cs_client */;

--
-- Dumping data for table `tags_translations`
--

LOCK TABLES `tags_translations` WRITE;
/*!40000 ALTER TABLE `tags_translations` DISABLE KEYS */;
/*!40000 ALTER TABLE `tags_translations` ENABLE KEYS */;
UNLOCK TABLES;

--
-- Table structure for table `user_meta`
--

DROP TABLE IF EXISTS `user_meta`;
/*!40101 SET @saved_cs_client     = @@character_set_client */;
/*!50503 SET character_set_client = utf8mb4 */;
CREATE TABLE `user_meta` (
  `id` bigint unsigned NOT NULL AUTO_INCREMENT,
  `key` varchar(120) COLLATE utf8mb4_unicode_ci DEFAULT NULL,
  `value` text COLLATE utf8mb4_unicode_ci,
  `user_id` bigint unsigned NOT NULL,
  `created_at` timestamp NULL DEFAULT NULL,
  `updated_at` timestamp NULL DEFAULT NULL,
  PRIMARY KEY (`id`),
  KEY `user_meta_user_id_index` (`user_id`)
) ENGINE=InnoDB DEFAULT CHARSET=utf8mb4 COLLATE=utf8mb4_unicode_ci;
/*!40101 SET character_set_client = @saved_cs_client */;

--
-- Dumping data for table `user_meta`
--

LOCK TABLES `user_meta` WRITE;
/*!40000 ALTER TABLE `user_meta` DISABLE KEYS */;
/*!40000 ALTER TABLE `user_meta` ENABLE KEYS */;
UNLOCK TABLES;

--
-- Table structure for table `users`
--

DROP TABLE IF EXISTS `users`;
/*!40101 SET @saved_cs_client     = @@character_set_client */;
/*!50503 SET character_set_client = utf8mb4 */;
CREATE TABLE `users` (
  `id` bigint unsigned NOT NULL AUTO_INCREMENT,
  `email` varchar(191) COLLATE utf8mb4_unicode_ci NOT NULL,
  `email_verified_at` timestamp NULL DEFAULT NULL,
  `password` varchar(120) COLLATE utf8mb4_unicode_ci DEFAULT NULL,
  `remember_token` varchar(100) COLLATE utf8mb4_unicode_ci DEFAULT NULL,
  `created_at` timestamp NULL DEFAULT NULL,
  `updated_at` timestamp NULL DEFAULT NULL,
  `first_name` varchar(120) COLLATE utf8mb4_unicode_ci DEFAULT NULL,
  `last_name` varchar(120) COLLATE utf8mb4_unicode_ci DEFAULT NULL,
  `username` varchar(60) COLLATE utf8mb4_unicode_ci DEFAULT NULL,
  `avatar_id` bigint unsigned DEFAULT NULL,
  `super_user` tinyint(1) NOT NULL DEFAULT '0',
  `manage_supers` tinyint(1) NOT NULL DEFAULT '0',
  `permissions` text COLLATE utf8mb4_unicode_ci,
  `last_login` timestamp NULL DEFAULT NULL,
  PRIMARY KEY (`id`),
  UNIQUE KEY `users_email_unique` (`email`),
  UNIQUE KEY `users_username_unique` (`username`)
) ENGINE=InnoDB AUTO_INCREMENT=2 DEFAULT CHARSET=utf8mb4 COLLATE=utf8mb4_unicode_ci;
/*!40101 SET character_set_client = @saved_cs_client */;

--
-- Dumping data for table `users`
--

LOCK TABLES `users` WRITE;
/*!40000 ALTER TABLE `users` DISABLE KEYS */;
INSERT INTO `users` VALUES (1,'hellen.eichmann@bailey.com',NULL,'$2y$12$Z.whaunNKFbHZQKHnCvYLeuulTbNMiTGq3Tz3dgTuJQ13QF/a6Qna',NULL,'2024-08-09 11:03:17','2024-08-09 11:03:17','Hank','Kemmer','admin',NULL,1,1,NULL,NULL);
/*!40000 ALTER TABLE `users` ENABLE KEYS */;
UNLOCK TABLES;

--
-- Table structure for table `widgets`
--

DROP TABLE IF EXISTS `widgets`;
/*!40101 SET @saved_cs_client     = @@character_set_client */;
/*!50503 SET character_set_client = utf8mb4 */;
CREATE TABLE `widgets` (
  `id` bigint unsigned NOT NULL AUTO_INCREMENT,
  `widget_id` varchar(120) COLLATE utf8mb4_unicode_ci NOT NULL,
  `sidebar_id` varchar(120) COLLATE utf8mb4_unicode_ci NOT NULL,
  `theme` varchar(120) COLLATE utf8mb4_unicode_ci NOT NULL,
  `position` tinyint unsigned NOT NULL DEFAULT '0',
  `data` text COLLATE utf8mb4_unicode_ci,
  `created_at` timestamp NULL DEFAULT NULL,
  `updated_at` timestamp NULL DEFAULT NULL,
  PRIMARY KEY (`id`)
) ENGINE=InnoDB AUTO_INCREMENT=21 DEFAULT CHARSET=utf8mb4 COLLATE=utf8mb4_unicode_ci;
/*!40101 SET character_set_client = @saved_cs_client */;

--
-- Dumping data for table `widgets`
--

LOCK TABLES `widgets` WRITE;
/*!40000 ALTER TABLE `widgets` DISABLE KEYS */;
INSERT INTO `widgets` VALUES (1,'BlogPostsWidget','menu_sidebar','echo',1,'{\"type\":\"recent\",\"category_ids\":[1,2,3],\"limit\":3}','2024-08-09 11:03:30','2024-08-09 11:03:30'),(2,'SocialLinksWidget','menu_sidebar','echo',2,'[]','2024-08-09 11:03:30','2024-08-09 11:03:30'),(3,'BreakingNewsWidget','header_top_sidebar','echo',1,'{\"id\":\"BreakingNewsWidget\",\"image\":\"main\\/icons\\/breaking-news-icon.png\",\"type\":\"featured\",\"category_ids\":[1,3,6],\"limit\":4}','2024-08-09 11:03:30','2024-08-09 11:03:30'),(4,'DateTimeAndLocalWeather','header_top_sidebar','echo',2,'{\"id\":\"DateTimeAndLocalWeather\",\"alignment\":\"center\"}','2024-08-09 11:03:30','2024-08-09 11:03:30'),(5,'ActionButtonsWidget','header_top_sidebar','echo',4,'{\"id\":\"ActionButtonsWidget\",\"enable_newsletter_button\":true,\"form_newsletter_button_label\":\"Subscribe\",\"alignment\":\"end\"}','2024-08-09 11:03:30','2024-08-09 11:03:30'),(6,'BlogCategoriesWidget','primary_sidebar','echo',1,'{\"title\":\"Popular Categories\",\"id\":\"BlogCategoriesWidget\",\"enable_lazy_loading\":\"yes\",\"quantity\":\"5\",\"category_id_1\":\"1\",\"background_image_1\":\"main\\/blog-categories\\/1.png\",\"background_color_1\":\"rgb(174 81 43)\",\"category_id_2\":\"2\",\"background_image_2\":\"main\\/blog-categories\\/2.png\",\"background_color_2\":\"rgb(102 64 165)\",\"category_id_3\":\"3\",\"background_image_3\":\"main\\/blog-categories\\/3.png\",\"background_color_3\":\"rgb(85 163 168)\",\"category_id_4\":\"4\",\"background_image_4\":\"main\\/blog-categories\\/4.png\",\"background_color_4\":\"rgb(83 39 21)\",\"category_id_5\":\"5\",\"background_image_5\":\"main\\/blog-categories\\/5.png\",\"background_color_5\":\"rgb(85 163 168)\"}','2024-08-09 11:03:30','2024-08-09 11:03:30'),(7,'BlogPostsWidget','primary_sidebar','echo',2,'{\"type\":\"popular\",\"card_style\":\"default-card\",\"shape\":\"square\",\"category_ids\":[1,3,4],\"title\":\"Top Story\",\"limit\":4,\"enable_lazy_loading\":\"yes\"}','2024-08-09 11:03:30','2024-08-09 11:03:30'),(8,'FollowUsWidget','primary_sidebar','echo',3,'{\"id\":\"FollowUsWidget\",\"items\":[[{\"key\":\"title\",\"value\":\"20K Fans\"},{\"key\":\"icon\",\"value\":\"ti ti-brand-facebook\"},{\"key\":\"url\",\"value\":\"https:\\/\\/facebook.com\"}],[{\"key\":\"title\",\"value\":\"10K Followers\"},{\"key\":\"icon\",\"value\":\"ti ti-brand-x\"},{\"key\":\"url\",\"value\":\"https:\\/\\/twitter.com\"}],[{\"key\":\"title\",\"value\":\"50K Followers\"},{\"key\":\"icon\",\"value\":\"ti ti-brand-instagram\"},{\"key\":\"url\",\"value\":\"https:\\/\\/instagram.com\"}],[{\"key\":\"title\",\"value\":\"30K Followers\"},{\"key\":\"icon\",\"value\":\"ti ti-brand-linkedin\"},{\"key\":\"url\",\"value\":\"https:\\/\\/linkedin.com\"}],[{\"key\":\"title\",\"value\":\"30K Followers\"},{\"key\":\"icon\",\"value\":\"ti ti-brand-pinterest\"},{\"key\":\"url\",\"value\":\"https:\\/\\/pinterest.com\"}],[{\"key\":\"title\",\"value\":\"04K Subscribers\"},{\"key\":\"icon\",\"value\":\"ti ti-brand-youtube\"},{\"key\":\"url\",\"value\":\"https:\\/\\/youtube.com\"}]]}','2024-08-09 11:03:30','2024-08-09 11:03:30'),(9,'FollowUsWidget','custom_sidebar_1','echo',1,'{\"id\":\"FollowUsWidget\",\"items\":[[{\"key\":\"title\",\"value\":\"20K Fans\"},{\"key\":\"icon\",\"value\":\"ti ti-brand-facebook\"},{\"key\":\"url\",\"value\":\"https:\\/\\/facebook.com\"}],[{\"key\":\"title\",\"value\":\"10K Followers\"},{\"key\":\"icon\",\"value\":\"ti ti-brand-x\"},{\"key\":\"url\",\"value\":\"https:\\/\\/twitter.com\"}],[{\"key\":\"title\",\"value\":\"50K Followers\"},{\"key\":\"icon\",\"value\":\"ti ti-brand-instagram\"},{\"key\":\"url\",\"value\":\"https:\\/\\/instagram.com\"}],[{\"key\":\"title\",\"value\":\"30K Followers\"},{\"key\":\"icon\",\"value\":\"ti ti-brand-linkedin\"},{\"key\":\"url\",\"value\":\"https:\\/\\/linkedin.com\"}],[{\"key\":\"title\",\"value\":\"30K Followers\"},{\"key\":\"icon\",\"value\":\"ti ti-brand-pinterest\"},{\"key\":\"url\",\"value\":\"https:\\/\\/pinterest.com\"}],[{\"key\":\"title\",\"value\":\"04K Subscribers\"},{\"key\":\"icon\",\"value\":\"ti ti-brand-youtube\"},{\"key\":\"url\",\"value\":\"https:\\/\\/youtube.com\"}]]}','2024-08-09 11:03:30','2024-08-09 11:03:30'),(10,'BlogPostsWidget','custom_sidebar_1','echo',2,'{\"id\":\"BlogPostsWidget\",\"title\":\"New Podcasts\",\"style\":\"default-card\",\"shape\":\"circle\",\"category_ids\":[2,3],\"enable_lazy_loading\":\"yes\"}','2024-08-09 11:03:30','2024-08-09 11:03:30'),(11,'NewsletterWidget','custom_sidebar_1','echo',3,'{\"id\":\"NewsletterWidget\",\"title\":\"Newsletter\",\"description\":\"Stay Tuned With Updates\",\"image\":\"main\\/general\\/newsletter-image.png\"}','2024-08-09 11:03:30','2024-08-09 11:03:30'),(12,'BlogPostsWidget','custom_sidebar_2','echo',1,'{\"type\":\"recent\",\"style\":\"default-card\",\"shape\":\"square\",\"category_ids\":[3,6],\"title\":\"Top Story\",\"limit\":4}','2024-08-09 11:03:30','2024-08-09 11:03:30'),(13,'BlogPostsWidget','custom_sidebar_2','echo',2,'{\"type\":\"popular\",\"style\":\"orderly-card\",\"shape\":\"square\",\"category_ids\":[1,5,6],\"title\":\"Top Reviews\",\"limit\":3}','2024-08-09 11:03:30','2024-08-09 11:03:30'),(14,'FollowUsWidget','custom_sidebar_2','echo',3,'{\"id\":\"FollowUsWidget\",\"items\":[[{\"key\":\"title\",\"value\":\"20K Fans\"},{\"key\":\"icon\",\"value\":\"ti ti-brand-facebook\"},{\"key\":\"url\",\"value\":\"https:\\/\\/facebook.com\"}],[{\"key\":\"title\",\"value\":\"10K Followers\"},{\"key\":\"icon\",\"value\":\"ti ti-brand-x\"},{\"key\":\"url\",\"value\":\"https:\\/\\/twitter.com\"}],[{\"key\":\"title\",\"value\":\"50K Followers\"},{\"key\":\"icon\",\"value\":\"ti ti-brand-instagram\"},{\"key\":\"url\",\"value\":\"https:\\/\\/instagram.com\"}],[{\"key\":\"title\",\"value\":\"30K Followers\"},{\"key\":\"icon\",\"value\":\"ti ti-brand-linkedin\"},{\"key\":\"url\",\"value\":\"https:\\/\\/linkedin.com\"}],[{\"key\":\"title\",\"value\":\"30K Followers\"},{\"key\":\"icon\",\"value\":\"ti ti-brand-pinterest\"},{\"key\":\"url\",\"value\":\"https:\\/\\/pinterest.com\"}],[{\"key\":\"title\",\"value\":\"04K Subscribers\"},{\"key\":\"icon\",\"value\":\"ti ti-brand-youtube\"},{\"key\":\"url\",\"value\":\"https:\\/\\/youtube.com\"}]]}','2024-08-09 11:03:30','2024-08-09 11:03:30'),(15,'NewsletterWidget','custom_sidebar_2','echo',4,'{\"id\":\"NewsletterWidget\",\"title\":\"Newsletter\",\"description\":\"Stay Tuned With Updates\",\"image\":\"main\\/general\\/newsletter-image.png\"}','2024-08-09 11:03:30','2024-08-09 11:03:30'),(16,'BannerAdsWidget','custom_sidebar_2','echo',5,'{\"ad_image\":\"main\\/general\\/ads-banner.png\",\"ad_link\":\"https:\\/\\/google.com\"}','2024-08-09 11:03:30','2024-08-09 11:03:30'),(17,'SiteInformationWidget','footer_sidebar','echo',1,'{\"id\":\"SiteInformationWidget\",\"title\":\"Get In Touch\",\"email\":\"Info@Demomail.Com\",\"hotline\":\"(00) 236 123 456 88\",\"address\":\"255 Sheet, New Avanew, NY\"}','2024-08-09 11:03:30','2024-08-09 11:03:30'),(18,'Botble\\Widget\\Widgets\\CoreSimpleMenu','footer_sidebar','echo',2,'{\"id\":\"Botble\\\\Widget\\\\Widgets\\\\CoreSimpleMenu\",\"name\":\"Most Popular\",\"style\":\"2-column\",\"items\":[[{\"key\":\"label\",\"value\":\"Uncategorized\"},{\"key\":\"url\",\"value\":\"http:\\/\\/localhost\\/blog\\/uncategorized\"}],[{\"key\":\"label\",\"value\":\"Videos\"},{\"key\":\"url\",\"value\":\"http:\\/\\/localhost\\/blog\\/videos\"}],[{\"key\":\"label\",\"value\":\"Business\"},{\"key\":\"url\",\"value\":\"http:\\/\\/localhost\\/blog\\/business\"}],[{\"key\":\"label\",\"value\":\"Entertainment\"},{\"key\":\"url\",\"value\":\"http:\\/\\/localhost\\/blog\\/entertainment\"}],[{\"key\":\"label\",\"value\":\"Travel\"},{\"key\":\"url\",\"value\":\"http:\\/\\/localhost\\/blog\\/travel\"}]]}','2024-08-09 11:03:30','2024-08-09 11:03:30'),(19,'Botble\\Widget\\Widgets\\CoreSimpleMenu','footer_sidebar','echo',3,'{\"id\":\"Botble\\\\Widget\\\\Widgets\\\\CoreSimpleMenu\",\"name\":\"Help\",\"items\":[[{\"key\":\"label\",\"value\":\"About\"},{\"key\":\"url\",\"value\":\"about-us\"}],[{\"key\":\"label\",\"value\":\"Terms of Use\"},{\"key\":\"url\",\"value\":\"terms-of-use\"}],[{\"key\":\"label\",\"value\":\"Advertise\"},{\"key\":\"url\",\"value\":\"advertise\"}],[{\"key\":\"label\",\"value\":\"Privacy Policy\"},{\"key\":\"url\",\"value\":\"privacy-policy\"}],[{\"key\":\"label\",\"value\":\"FAQ\"},{\"key\":\"url\",\"value\":\"faq\"}]]}','2024-08-09 11:03:30','2024-08-09 11:03:30'),(20,'NewsletterWidget','footer_sidebar','echo',4,'{\"id\":\"NewsletterWidget\",\"title\":\"Newsletter\",\"description\":\"Register now to get latest updates on promotion & coupons.\"}','2024-08-09 11:03:30','2024-08-09 11:03:30');
/*!40000 ALTER TABLE `widgets` ENABLE KEYS */;
UNLOCK TABLES;
/*!40103 SET TIME_ZONE=@OLD_TIME_ZONE */;

/*!40101 SET SQL_MODE=@OLD_SQL_MODE */;
/*!40014 SET FOREIGN_KEY_CHECKS=@OLD_FOREIGN_KEY_CHECKS */;
/*!40014 SET UNIQUE_CHECKS=@OLD_UNIQUE_CHECKS */;
/*!40101 SET CHARACTER_SET_CLIENT=@OLD_CHARACTER_SET_CLIENT */;
/*!40101 SET CHARACTER_SET_RESULTS=@OLD_CHARACTER_SET_RESULTS */;
/*!40101 SET COLLATION_CONNECTION=@OLD_COLLATION_CONNECTION */;
/*!40111 SET SQL_NOTES=@OLD_SQL_NOTES */;

-- Dump completed on 2024-08-10  1:03:31
