-- MySQL dump 10.13  Distrib 8.0.36, for macos14 (arm64)
--
-- Host: 127.0.0.1    Database: archielite_echo
-- ------------------------------------------------------
-- Server version	8.0.36

/*!40101 SET @OLD_CHARACTER_SET_CLIENT=@@CHARACTER_SET_CLIENT */;
/*!40101 SET @OLD_CHARACTER_SET_RESULTS=@@CHARACTER_SET_RESULTS */;
/*!40101 SET @OLD_COLLATION_CONNECTION=@@COLLATION_CONNECTION */;
/*!50503 SET NAMES utf8mb4 */;
/*!40103 SET @OLD_TIME_ZONE=@@TIME_ZONE */;
/*!40103 SET TIME_ZONE='+00:00' */;
/*!40014 SET @OLD_UNIQUE_CHECKS=@@UNIQUE_CHECKS, UNIQUE_CHECKS=0 */;
/*!40014 SET @OLD_FOREIGN_KEY_CHECKS=@@FOREIGN_KEY_CHECKS, FOREIGN_KEY_CHECKS=0 */;
/*!40101 SET @OLD_SQL_MODE=@@SQL_MODE, SQL_MODE='NO_AUTO_VALUE_ON_ZERO' */;
/*!40111 SET @OLD_SQL_NOTES=@@SQL_NOTES, SQL_NOTES=0 */;

--
-- Table structure for table `activations`
--

DROP TABLE IF EXISTS `activations`;
/*!40101 SET @saved_cs_client     = @@character_set_client */;
/*!50503 SET character_set_client = utf8mb4 */;
CREATE TABLE `activations` (
  `id` bigint unsigned NOT NULL AUTO_INCREMENT,
  `user_id` bigint unsigned NOT NULL,
  `code` varchar(120) COLLATE utf8mb4_unicode_ci NOT NULL,
  `completed` tinyint(1) NOT NULL DEFAULT '0',
  `completed_at` timestamp NULL DEFAULT NULL,
  `created_at` timestamp NULL DEFAULT NULL,
  `updated_at` timestamp NULL DEFAULT NULL,
  PRIMARY KEY (`id`),
  KEY `activations_user_id_index` (`user_id`)
) ENGINE=InnoDB AUTO_INCREMENT=2 DEFAULT CHARSET=utf8mb4 COLLATE=utf8mb4_unicode_ci;
/*!40101 SET character_set_client = @saved_cs_client */;

--
-- Dumping data for table `activations`
--

LOCK TABLES `activations` WRITE;
/*!40000 ALTER TABLE `activations` DISABLE KEYS */;
INSERT INTO `activations` VALUES (1,1,'Ssp3vALMdO8bl7mB65n8HlcSM4Yzpebn',1,'2024-08-09 11:07:09','2024-08-09 11:07:09','2024-08-09 11:07:09');
/*!40000 ALTER TABLE `activations` ENABLE KEYS */;
UNLOCK TABLES;

--
-- Table structure for table `admin_notifications`
--

DROP TABLE IF EXISTS `admin_notifications`;
/*!40101 SET @saved_cs_client     = @@character_set_client */;
/*!50503 SET character_set_client = utf8mb4 */;
CREATE TABLE `admin_notifications` (
  `id` bigint unsigned NOT NULL AUTO_INCREMENT,
  `title` varchar(191) COLLATE utf8mb4_unicode_ci NOT NULL,
  `action_label` varchar(191) COLLATE utf8mb4_unicode_ci DEFAULT NULL,
  `action_url` varchar(191) COLLATE utf8mb4_unicode_ci DEFAULT NULL,
  `description` varchar(400) COLLATE utf8mb4_unicode_ci DEFAULT NULL,
  `read_at` timestamp NULL DEFAULT NULL,
  `created_at` timestamp NULL DEFAULT NULL,
  `updated_at` timestamp NULL DEFAULT NULL,
  `permission` varchar(191) COLLATE utf8mb4_unicode_ci DEFAULT NULL,
  PRIMARY KEY (`id`)
) ENGINE=InnoDB DEFAULT CHARSET=utf8mb4 COLLATE=utf8mb4_unicode_ci;
/*!40101 SET character_set_client = @saved_cs_client */;

--
-- Dumping data for table `admin_notifications`
--

LOCK TABLES `admin_notifications` WRITE;
/*!40000 ALTER TABLE `admin_notifications` DISABLE KEYS */;
/*!40000 ALTER TABLE `admin_notifications` ENABLE KEYS */;
UNLOCK TABLES;

--
-- Table structure for table `ads`
--

DROP TABLE IF EXISTS `ads`;
/*!40101 SET @saved_cs_client     = @@character_set_client */;
/*!50503 SET character_set_client = utf8mb4 */;
CREATE TABLE `ads` (
  `id` bigint unsigned NOT NULL AUTO_INCREMENT,
  `name` varchar(191) COLLATE utf8mb4_unicode_ci NOT NULL,
  `expired_at` datetime DEFAULT NULL,
  `location` varchar(120) COLLATE utf8mb4_unicode_ci DEFAULT NULL,
  `key` varchar(120) COLLATE utf8mb4_unicode_ci NOT NULL,
  `image` varchar(191) COLLATE utf8mb4_unicode_ci DEFAULT NULL,
  `url` varchar(191) COLLATE utf8mb4_unicode_ci DEFAULT NULL,
  `clicked` bigint NOT NULL DEFAULT '0',
  `order` int DEFAULT '0',
  `status` varchar(60) COLLATE utf8mb4_unicode_ci NOT NULL DEFAULT 'published',
  `created_at` timestamp NULL DEFAULT NULL,
  `updated_at` timestamp NULL DEFAULT NULL,
  `open_in_new_tab` tinyint(1) NOT NULL DEFAULT '1',
  `tablet_image` varchar(191) COLLATE utf8mb4_unicode_ci DEFAULT NULL,
  `mobile_image` varchar(191) COLLATE utf8mb4_unicode_ci DEFAULT NULL,
  `ads_type` varchar(191) COLLATE utf8mb4_unicode_ci DEFAULT NULL,
  `google_adsense_slot_id` varchar(191) COLLATE utf8mb4_unicode_ci DEFAULT NULL,
  PRIMARY KEY (`id`),
  UNIQUE KEY `ads_key_unique` (`key`)
) ENGINE=InnoDB AUTO_INCREMENT=2 DEFAULT CHARSET=utf8mb4 COLLATE=utf8mb4_unicode_ci;
/*!40101 SET character_set_client = @saved_cs_client */;

--
-- Dumping data for table `ads`
--

LOCK TABLES `ads` WRITE;
/*!40000 ALTER TABLE `ads` DISABLE KEYS */;
INSERT INTO `ads` VALUES (1,'Ads 1','2029-08-09 00:00:00','not_set','UROL9F9ZZVAA','technology/banner/1.png','/',0,1,'published','2024-08-09 11:07:42','2024-08-09 11:07:42',1,NULL,NULL,NULL,NULL);
/*!40000 ALTER TABLE `ads` ENABLE KEYS */;
UNLOCK TABLES;

--
-- Table structure for table `ads_translations`
--

DROP TABLE IF EXISTS `ads_translations`;
/*!40101 SET @saved_cs_client     = @@character_set_client */;
/*!50503 SET character_set_client = utf8mb4 */;
CREATE TABLE `ads_translations` (
  `lang_code` varchar(191) COLLATE utf8mb4_unicode_ci NOT NULL,
  `ads_id` bigint unsigned NOT NULL,
  `name` varchar(191) COLLATE utf8mb4_unicode_ci DEFAULT NULL,
  `image` varchar(191) COLLATE utf8mb4_unicode_ci DEFAULT NULL,
  `url` varchar(191) COLLATE utf8mb4_unicode_ci DEFAULT NULL,
  PRIMARY KEY (`lang_code`,`ads_id`)
) ENGINE=InnoDB DEFAULT CHARSET=utf8mb4 COLLATE=utf8mb4_unicode_ci;
/*!40101 SET character_set_client = @saved_cs_client */;

--
-- Dumping data for table `ads_translations`
--

LOCK TABLES `ads_translations` WRITE;
/*!40000 ALTER TABLE `ads_translations` DISABLE KEYS */;
/*!40000 ALTER TABLE `ads_translations` ENABLE KEYS */;
UNLOCK TABLES;

--
-- Table structure for table `announcements`
--

DROP TABLE IF EXISTS `announcements`;
/*!40101 SET @saved_cs_client     = @@character_set_client */;
/*!50503 SET character_set_client = utf8mb4 */;
CREATE TABLE `announcements` (
  `id` bigint unsigned NOT NULL AUTO_INCREMENT,
  `name` varchar(191) COLLATE utf8mb4_unicode_ci NOT NULL,
  `content` text COLLATE utf8mb4_unicode_ci NOT NULL,
  `has_action` tinyint(1) NOT NULL DEFAULT '0',
  `action_label` varchar(60) COLLATE utf8mb4_unicode_ci DEFAULT NULL,
  `action_url` varchar(400) COLLATE utf8mb4_unicode_ci DEFAULT NULL,
  `action_open_new_tab` tinyint(1) NOT NULL DEFAULT '0',
  `dismissible` tinyint(1) NOT NULL DEFAULT '0',
  `start_date` datetime DEFAULT NULL,
  `end_date` datetime DEFAULT NULL,
  `is_active` tinyint(1) NOT NULL DEFAULT '1',
  `created_at` timestamp NULL DEFAULT NULL,
  `updated_at` timestamp NULL DEFAULT NULL,
  PRIMARY KEY (`id`)
) ENGINE=InnoDB AUTO_INCREMENT=4 DEFAULT CHARSET=utf8mb4 COLLATE=utf8mb4_unicode_ci;
/*!40101 SET character_set_client = @saved_cs_client */;

--
-- Dumping data for table `announcements`
--

LOCK TABLES `announcements` WRITE;
/*!40000 ALTER TABLE `announcements` DISABLE KEYS */;
INSERT INTO `announcements` VALUES (1,'Announcement 1','Cyber Monday: Save big on the Creative Cloud All Apps plan for individuals through 2 Dec',0,NULL,NULL,0,1,'2024-08-09 18:07:41',NULL,1,'2024-08-09 11:07:41','2024-08-09 11:07:41'),(2,'Announcement 2','Students and teachers save a massive 71% on Creative Cloud All Apps',0,NULL,NULL,0,1,'2024-08-09 18:07:41',NULL,1,'2024-08-09 11:07:41','2024-08-09 11:07:41'),(3,'Announcement 3','Black Friday and Cyber Monday 2023 Deals for Motion Designers, grab it now!',0,NULL,NULL,0,1,'2024-08-09 18:07:41',NULL,1,'2024-08-09 11:07:41','2024-08-09 11:07:41');
/*!40000 ALTER TABLE `announcements` ENABLE KEYS */;
UNLOCK TABLES;

--
-- Table structure for table `announcements_translations`
--

DROP TABLE IF EXISTS `announcements_translations`;
/*!40101 SET @saved_cs_client     = @@character_set_client */;
/*!50503 SET character_set_client = utf8mb4 */;
CREATE TABLE `announcements_translations` (
  `lang_code` varchar(191) COLLATE utf8mb4_unicode_ci NOT NULL,
  `announcements_id` bigint unsigned NOT NULL,
  `content` text COLLATE utf8mb4_unicode_ci,
  PRIMARY KEY (`lang_code`,`announcements_id`)
) ENGINE=InnoDB DEFAULT CHARSET=utf8mb4 COLLATE=utf8mb4_unicode_ci;
/*!40101 SET character_set_client = @saved_cs_client */;

--
-- Dumping data for table `announcements_translations`
--

LOCK TABLES `announcements_translations` WRITE;
/*!40000 ALTER TABLE `announcements_translations` DISABLE KEYS */;
/*!40000 ALTER TABLE `announcements_translations` ENABLE KEYS */;
UNLOCK TABLES;

--
-- Table structure for table `audit_histories`
--

DROP TABLE IF EXISTS `audit_histories`;
/*!40101 SET @saved_cs_client     = @@character_set_client */;
/*!50503 SET character_set_client = utf8mb4 */;
CREATE TABLE `audit_histories` (
  `id` bigint unsigned NOT NULL AUTO_INCREMENT,
  `user_id` bigint unsigned NOT NULL,
  `module` varchar(60) COLLATE utf8mb4_unicode_ci NOT NULL,
  `request` longtext COLLATE utf8mb4_unicode_ci,
  `action` varchar(120) COLLATE utf8mb4_unicode_ci NOT NULL,
  `user_agent` text COLLATE utf8mb4_unicode_ci,
  `ip_address` varchar(45) COLLATE utf8mb4_unicode_ci DEFAULT NULL,
  `reference_user` bigint unsigned NOT NULL,
  `reference_id` bigint unsigned NOT NULL,
  `reference_name` varchar(191) COLLATE utf8mb4_unicode_ci NOT NULL,
  `type` varchar(20) COLLATE utf8mb4_unicode_ci NOT NULL,
  `created_at` timestamp NULL DEFAULT NULL,
  `updated_at` timestamp NULL DEFAULT NULL,
  PRIMARY KEY (`id`),
  KEY `audit_histories_user_id_index` (`user_id`),
  KEY `audit_histories_module_index` (`module`)
) ENGINE=InnoDB DEFAULT CHARSET=utf8mb4 COLLATE=utf8mb4_unicode_ci;
/*!40101 SET character_set_client = @saved_cs_client */;

--
-- Dumping data for table `audit_histories`
--

LOCK TABLES `audit_histories` WRITE;
/*!40000 ALTER TABLE `audit_histories` DISABLE KEYS */;
/*!40000 ALTER TABLE `audit_histories` ENABLE KEYS */;
UNLOCK TABLES;

--
-- Table structure for table `categories`
--

DROP TABLE IF EXISTS `categories`;
/*!40101 SET @saved_cs_client     = @@character_set_client */;
/*!50503 SET character_set_client = utf8mb4 */;
CREATE TABLE `categories` (
  `id` bigint unsigned NOT NULL AUTO_INCREMENT,
  `name` varchar(120) COLLATE utf8mb4_unicode_ci NOT NULL,
  `parent_id` bigint unsigned NOT NULL DEFAULT '0',
  `description` varchar(400) COLLATE utf8mb4_unicode_ci DEFAULT NULL,
  `status` varchar(60) COLLATE utf8mb4_unicode_ci NOT NULL DEFAULT 'published',
  `author_id` bigint unsigned DEFAULT NULL,
  `author_type` varchar(191) COLLATE utf8mb4_unicode_ci NOT NULL DEFAULT 'Botble\\ACL\\Models\\User',
  `icon` varchar(60) COLLATE utf8mb4_unicode_ci DEFAULT NULL,
  `order` int unsigned NOT NULL DEFAULT '0',
  `is_featured` tinyint NOT NULL DEFAULT '0',
  `is_default` tinyint unsigned NOT NULL DEFAULT '0',
  `created_at` timestamp NULL DEFAULT NULL,
  `updated_at` timestamp NULL DEFAULT NULL,
  PRIMARY KEY (`id`),
  KEY `categories_parent_id_index` (`parent_id`),
  KEY `categories_status_index` (`status`),
  KEY `categories_created_at_index` (`created_at`)
) ENGINE=InnoDB AUTO_INCREMENT=9 DEFAULT CHARSET=utf8mb4 COLLATE=utf8mb4_unicode_ci;
/*!40101 SET character_set_client = @saved_cs_client */;

--
-- Dumping data for table `categories`
--

LOCK TABLES `categories` WRITE;
/*!40000 ALTER TABLE `categories` DISABLE KEYS */;
INSERT INTO `categories` VALUES (1,'Artificial Intelligence',0,'Harum vel quae asperiores rerum quo. Corporis et cupiditate ea nihil velit. Consequatur tenetur pariatur est consequatur sunt vel dignissimos in.','published',1,'Botble\\ACL\\Models\\User',NULL,0,0,0,'2024-08-09 11:07:26','2024-08-09 11:07:26'),(2,'Cybersecurity',0,'Aspernatur adipisci aut sed non quo vel. Dolore quo maxime autem velit. Est ut officiis odio.','published',1,'Botble\\ACL\\Models\\User',NULL,0,1,0,'2024-08-09 11:07:26','2024-08-09 11:07:26'),(3,'Blockchain Technology',0,'Quam laboriosam consectetur quo. Ab earum qui laborum ut nobis. Molestias ut voluptatum nesciunt. In soluta corporis officia ut aut. Nam iste atque eum.','published',1,'Botble\\ACL\\Models\\User',NULL,0,1,0,'2024-08-09 11:07:26','2024-08-09 11:07:26'),(4,'5G and Connectivity',0,'Aperiam est nesciunt tempore quam quo ipsam dolores. Sit molestiae non eum rem voluptas nostrum deleniti. Ratione ut delectus pariatur quo sed non rem.','published',1,'Botble\\ACL\\Models\\User',NULL,0,1,0,'2024-08-09 11:07:26','2024-08-09 11:07:26'),(5,'Augmented Reality (AR)',0,'Et et aperiam quos omnis at quia delectus. Et eum qui eius dicta dignissimos saepe perferendis id. At dolor porro ut cupiditate libero est et. Qui dolor facere voluptates et id omnis eos.','published',1,'Botble\\ACL\\Models\\User',NULL,0,1,0,'2024-08-09 11:07:26','2024-08-09 11:07:26'),(6,'Green Technology',0,'Quia sed aut qui qui dignissimos dignissimos quis unde. Quia quod sint quaerat eligendi eum et perspiciatis voluptates. Enim reprehenderit id numquam minus suscipit qui consequuntur.','published',1,'Botble\\ACL\\Models\\User',NULL,0,1,0,'2024-08-09 11:07:26','2024-08-09 11:07:26'),(7,'Quantum Computing',0,'Qui necessitatibus alias qui sequi a totam. Minima non quaerat qui qui. Omnis optio facere laudantium praesentium reprehenderit corrupti provident sit.','published',1,'Botble\\ACL\\Models\\User',NULL,0,1,0,'2024-08-09 11:07:26','2024-08-09 11:07:26'),(8,'Edge Computing',0,'Molestiae dolores cumque sint voluptatem earum sequi adipisci. Provident ut perspiciatis illum qui in nisi. Facilis ipsum ducimus consequuntur est.','published',1,'Botble\\ACL\\Models\\User',NULL,0,1,0,'2024-08-09 11:07:26','2024-08-09 11:07:26');
/*!40000 ALTER TABLE `categories` ENABLE KEYS */;
UNLOCK TABLES;

--
-- Table structure for table `categories_translations`
--

DROP TABLE IF EXISTS `categories_translations`;
/*!40101 SET @saved_cs_client     = @@character_set_client */;
/*!50503 SET character_set_client = utf8mb4 */;
CREATE TABLE `categories_translations` (
  `lang_code` varchar(20) COLLATE utf8mb4_unicode_ci NOT NULL,
  `categories_id` bigint unsigned NOT NULL,
  `name` varchar(191) COLLATE utf8mb4_unicode_ci DEFAULT NULL,
  `description` varchar(400) COLLATE utf8mb4_unicode_ci DEFAULT NULL,
  PRIMARY KEY (`lang_code`,`categories_id`)
) ENGINE=InnoDB DEFAULT CHARSET=utf8mb4 COLLATE=utf8mb4_unicode_ci;
/*!40101 SET character_set_client = @saved_cs_client */;

--
-- Dumping data for table `categories_translations`
--

LOCK TABLES `categories_translations` WRITE;
/*!40000 ALTER TABLE `categories_translations` DISABLE KEYS */;
/*!40000 ALTER TABLE `categories_translations` ENABLE KEYS */;
UNLOCK TABLES;

--
-- Table structure for table `contact_custom_field_options`
--

DROP TABLE IF EXISTS `contact_custom_field_options`;
/*!40101 SET @saved_cs_client     = @@character_set_client */;
/*!50503 SET character_set_client = utf8mb4 */;
CREATE TABLE `contact_custom_field_options` (
  `id` bigint unsigned NOT NULL AUTO_INCREMENT,
  `custom_field_id` bigint unsigned NOT NULL,
  `label` varchar(191) COLLATE utf8mb4_unicode_ci DEFAULT NULL,
  `value` varchar(191) COLLATE utf8mb4_unicode_ci NOT NULL,
  `order` int NOT NULL DEFAULT '999',
  `created_at` timestamp NULL DEFAULT NULL,
  `updated_at` timestamp NULL DEFAULT NULL,
  PRIMARY KEY (`id`)
) ENGINE=InnoDB DEFAULT CHARSET=utf8mb4 COLLATE=utf8mb4_unicode_ci;
/*!40101 SET character_set_client = @saved_cs_client */;

--
-- Dumping data for table `contact_custom_field_options`
--

LOCK TABLES `contact_custom_field_options` WRITE;
/*!40000 ALTER TABLE `contact_custom_field_options` DISABLE KEYS */;
/*!40000 ALTER TABLE `contact_custom_field_options` ENABLE KEYS */;
UNLOCK TABLES;

--
-- Table structure for table `contact_custom_field_options_translations`
--

DROP TABLE IF EXISTS `contact_custom_field_options_translations`;
/*!40101 SET @saved_cs_client     = @@character_set_client */;
/*!50503 SET character_set_client = utf8mb4 */;
CREATE TABLE `contact_custom_field_options_translations` (
  `contact_custom_field_options_id` bigint unsigned NOT NULL,
  `lang_code` varchar(191) COLLATE utf8mb4_unicode_ci NOT NULL,
  `label` varchar(191) COLLATE utf8mb4_unicode_ci DEFAULT NULL,
  `value` varchar(191) COLLATE utf8mb4_unicode_ci DEFAULT NULL,
  PRIMARY KEY (`lang_code`,`contact_custom_field_options_id`)
) ENGINE=InnoDB DEFAULT CHARSET=utf8mb4 COLLATE=utf8mb4_unicode_ci;
/*!40101 SET character_set_client = @saved_cs_client */;

--
-- Dumping data for table `contact_custom_field_options_translations`
--

LOCK TABLES `contact_custom_field_options_translations` WRITE;
/*!40000 ALTER TABLE `contact_custom_field_options_translations` DISABLE KEYS */;
/*!40000 ALTER TABLE `contact_custom_field_options_translations` ENABLE KEYS */;
UNLOCK TABLES;

--
-- Table structure for table `contact_custom_fields`
--

DROP TABLE IF EXISTS `contact_custom_fields`;
/*!40101 SET @saved_cs_client     = @@character_set_client */;
/*!50503 SET character_set_client = utf8mb4 */;
CREATE TABLE `contact_custom_fields` (
  `id` bigint unsigned NOT NULL AUTO_INCREMENT,
  `type` varchar(191) COLLATE utf8mb4_unicode_ci NOT NULL,
  `required` tinyint(1) NOT NULL DEFAULT '0',
  `name` varchar(191) COLLATE utf8mb4_unicode_ci NOT NULL,
  `placeholder` varchar(191) COLLATE utf8mb4_unicode_ci DEFAULT NULL,
  `order` int NOT NULL DEFAULT '999',
  `status` varchar(191) COLLATE utf8mb4_unicode_ci NOT NULL DEFAULT 'published',
  `created_at` timestamp NULL DEFAULT NULL,
  `updated_at` timestamp NULL DEFAULT NULL,
  PRIMARY KEY (`id`)
) ENGINE=InnoDB DEFAULT CHARSET=utf8mb4 COLLATE=utf8mb4_unicode_ci;
/*!40101 SET character_set_client = @saved_cs_client */;

--
-- Dumping data for table `contact_custom_fields`
--

LOCK TABLES `contact_custom_fields` WRITE;
/*!40000 ALTER TABLE `contact_custom_fields` DISABLE KEYS */;
/*!40000 ALTER TABLE `contact_custom_fields` ENABLE KEYS */;
UNLOCK TABLES;

--
-- Table structure for table `contact_custom_fields_translations`
--

DROP TABLE IF EXISTS `contact_custom_fields_translations`;
/*!40101 SET @saved_cs_client     = @@character_set_client */;
/*!50503 SET character_set_client = utf8mb4 */;
CREATE TABLE `contact_custom_fields_translations` (
  `contact_custom_fields_id` bigint unsigned NOT NULL,
  `lang_code` varchar(191) COLLATE utf8mb4_unicode_ci NOT NULL,
  `name` varchar(191) COLLATE utf8mb4_unicode_ci DEFAULT NULL,
  `placeholder` varchar(191) COLLATE utf8mb4_unicode_ci DEFAULT NULL,
  PRIMARY KEY (`lang_code`,`contact_custom_fields_id`)
) ENGINE=InnoDB DEFAULT CHARSET=utf8mb4 COLLATE=utf8mb4_unicode_ci;
/*!40101 SET character_set_client = @saved_cs_client */;

--
-- Dumping data for table `contact_custom_fields_translations`
--

LOCK TABLES `contact_custom_fields_translations` WRITE;
/*!40000 ALTER TABLE `contact_custom_fields_translations` DISABLE KEYS */;
/*!40000 ALTER TABLE `contact_custom_fields_translations` ENABLE KEYS */;
UNLOCK TABLES;

--
-- Table structure for table `contact_replies`
--

DROP TABLE IF EXISTS `contact_replies`;
/*!40101 SET @saved_cs_client     = @@character_set_client */;
/*!50503 SET character_set_client = utf8mb4 */;
CREATE TABLE `contact_replies` (
  `id` bigint unsigned NOT NULL AUTO_INCREMENT,
  `message` longtext COLLATE utf8mb4_unicode_ci NOT NULL,
  `contact_id` bigint unsigned NOT NULL,
  `created_at` timestamp NULL DEFAULT NULL,
  `updated_at` timestamp NULL DEFAULT NULL,
  PRIMARY KEY (`id`)
) ENGINE=InnoDB DEFAULT CHARSET=utf8mb4 COLLATE=utf8mb4_unicode_ci;
/*!40101 SET character_set_client = @saved_cs_client */;

--
-- Dumping data for table `contact_replies`
--

LOCK TABLES `contact_replies` WRITE;
/*!40000 ALTER TABLE `contact_replies` DISABLE KEYS */;
/*!40000 ALTER TABLE `contact_replies` ENABLE KEYS */;
UNLOCK TABLES;

--
-- Table structure for table `contacts`
--

DROP TABLE IF EXISTS `contacts`;
/*!40101 SET @saved_cs_client     = @@character_set_client */;
/*!50503 SET character_set_client = utf8mb4 */;
CREATE TABLE `contacts` (
  `id` bigint unsigned NOT NULL AUTO_INCREMENT,
  `name` varchar(60) COLLATE utf8mb4_unicode_ci NOT NULL,
  `email` varchar(60) COLLATE utf8mb4_unicode_ci DEFAULT NULL,
  `phone` varchar(60) COLLATE utf8mb4_unicode_ci DEFAULT NULL,
  `address` varchar(120) COLLATE utf8mb4_unicode_ci DEFAULT NULL,
  `subject` varchar(120) COLLATE utf8mb4_unicode_ci DEFAULT NULL,
  `content` longtext COLLATE utf8mb4_unicode_ci NOT NULL,
  `custom_fields` text COLLATE utf8mb4_unicode_ci,
  `status` varchar(60) COLLATE utf8mb4_unicode_ci NOT NULL DEFAULT 'unread',
  `created_at` timestamp NULL DEFAULT NULL,
  `updated_at` timestamp NULL DEFAULT NULL,
  PRIMARY KEY (`id`)
) ENGINE=InnoDB AUTO_INCREMENT=11 DEFAULT CHARSET=utf8mb4 COLLATE=utf8mb4_unicode_ci;
/*!40101 SET character_set_client = @saved_cs_client */;

--
-- Dumping data for table `contacts`
--

LOCK TABLES `contacts` WRITE;
/*!40000 ALTER TABLE `contacts` DISABLE KEYS */;
INSERT INTO `contacts` VALUES (1,'Ivory Carter','jhettinger@example.org','1-213-408-4567','2723 Turner Forge\nWest Prudenceshire, WV 03673-1584','Velit quibusdam quam vitae in autem.','Consequatur provident in eos illo. Quod blanditiis non modi. Et fugit nesciunt sapiente id laboriosam ut. Adipisci est cum occaecati ratione quo. Nam et iure sit dicta cum dolore adipisci voluptate. Sint est reiciendis consequatur rerum. Labore iusto distinctio iste ut. Ipsa quis repellat fuga expedita incidunt. Beatae nulla dolorum adipisci sit nisi. Vel vel iusto nihil facere maiores voluptatem iure repellat. Est harum commodi et ratione. Assumenda ut nam autem ab.',NULL,'read','2024-08-09 11:07:09','2024-08-09 11:07:09'),(2,'Mr. Arlo Robel MD','gorczany.kendall@example.com','+1.667.431.1239','39080 Alvis Mission Apt. 356\nEast Stellahaven, DC 72578','Non non quo qui tempore est impedit autem.','Pariatur ipsa dolorem quibusdam et veniam quidem. Quo sit labore deserunt veniam et. Adipisci sit quo ullam omnis dolore. Minima commodi non corrupti repudiandae facilis. Fugiat dolores unde consequuntur est reprehenderit sit et. A ducimus aut accusamus consequatur id dolores animi. Deserunt omnis doloremque ea assumenda recusandae sint sit. Enim quia quia placeat nihil culpa cumque.',NULL,'read','2024-08-09 11:07:09','2024-08-09 11:07:09'),(3,'Laury Dooley','sporer.abel@example.net','+12485080898','794 Daisy Avenue Suite 931\nNorth Abigaylechester, OK 82900','Dolorem nulla qui et doloribus aut.','Nulla dolorem quo velit recusandae quia beatae. Qui eos voluptates itaque sit est aut delectus. Ullam magnam at earum quis voluptas exercitationem. Fugiat enim qui in deleniti similique est quia. Aliquid et et sit adipisci. Exercitationem quis aperiam libero iste consequatur. Odit totam praesentium laborum exercitationem consectetur eos sit.',NULL,'unread','2024-08-09 11:07:09','2024-08-09 11:07:09'),(4,'Rodrigo Medhurst','xroberts@example.org','(505) 570-5803','85131 Mikayla Springs Apt. 029\nNorth Velma, DE 60595-4165','Quos ut eius et omnis expedita repellendus.','Est quis odit dolore repellendus dicta. Qui nisi minima aut magnam expedita id. Recusandae fugiat beatae voluptates est. Hic necessitatibus qui aut quod molestias. Quisquam non quia consequatur deleniti libero numquam quibusdam. Perferendis ex qui aut quia quis et. Sint et dolores cumque nulla asperiores. Nostrum odit quia sit quia repudiandae eveniet repudiandae est. Corporis optio assumenda earum.',NULL,'read','2024-08-09 11:07:09','2024-08-09 11:07:09'),(5,'Mariah Kertzmann','joanie.herman@example.org','1-253-446-4395','338 Tromp Highway\nNorth Alejandra, WY 66880-6715','Et recusandae sint accusantium.','Voluptatum doloremque dolore cumque qui adipisci fuga minima in. Consectetur itaque laboriosam quos nemo asperiores. Ea et exercitationem tempora. Ut molestiae voluptas nihil. Aut et inventore quia qui assumenda asperiores. Ad est sit eveniet ab dolorem qui et. Dignissimos veniam aperiam soluta qui omnis aperiam. In ea doloremque aperiam quia. Doloribus minima et non voluptatem. Repellat velit consectetur odit quaerat. Voluptas aut qui et itaque aliquam.',NULL,'read','2024-08-09 11:07:09','2024-08-09 11:07:09'),(6,'Beth Corkery','walker.murphy@example.net','(747) 539-5288','5119 Dooley Bypass Apt. 365\nNew Thurman, PA 93022','Fuga aut suscipit unde non et.','Corrupti adipisci qui sed quisquam illo. Voluptatem tenetur veniam autem consectetur molestias sit laborum. Excepturi magni fugiat nihil beatae enim cupiditate. Id voluptate tempore laudantium voluptas dolores. Architecto consectetur soluta velit ullam quaerat. Minima quaerat mollitia beatae voluptas. Libero neque at error ut a quam consequatur.',NULL,'unread','2024-08-09 11:07:09','2024-08-09 11:07:09'),(7,'Waylon Casper','bkeebler@example.com','+1 (757) 982-7802','2846 Rosemarie Roads\nKristaland, IN 90503-3544','Sed officia eius sed dolor provident corporis.','Voluptas excepturi at commodi dolorem. Perspiciatis explicabo quia voluptas quidem sit quia. Rerum voluptatem ut quia praesentium sit. Possimus est ut quasi quis iste pariatur earum nobis. Error nulla ut quia sit. Sit cum sed aperiam nostrum dolor laborum. Impedit iusto sit voluptas consequatur voluptatum quibusdam. Praesentium delectus ad laudantium quia labore ratione. Consequatur porro ut sed est qui qui. Fugiat et aut deserunt alias.',NULL,'unread','2024-08-09 11:07:09','2024-08-09 11:07:09'),(8,'Hallie Schoen','jed.toy@example.com','+1 (319) 336-2697','320 Aurelia Mills Suite 000\nNew Erich, AZ 24109','At sit inventore itaque consequatur error omnis.','In ut ea ipsa similique natus. Iste voluptas et dolor debitis. Repellat autem dicta quidem quod. Laboriosam non sed eius neque optio dolores sint. Beatae aut unde iusto aperiam distinctio possimus laudantium soluta. Est nam veritatis accusantium repellendus voluptates. Est autem quod quas ut architecto est.',NULL,'read','2024-08-09 11:07:09','2024-08-09 11:07:09'),(9,'Dr. Helena Kshlerin DVM','mclaughlin.kallie@example.com','(304) 678-5262','844 Baylee Creek\nDamonfort, AL 73770-4982','Saepe laudantium rerum porro molestias.','Voluptatem aliquid doloremque optio quia. Asperiores quos rerum ratione deleniti qui in. Est iste sit sed sit temporibus consequatur eum. Est provident consequuntur quis consectetur dolorum. Et voluptatum officia omnis minima inventore sit. Recusandae enim ut dolore harum. Animi vel id incidunt ducimus totam molestias. Laborum accusamus minima perferendis voluptas.',NULL,'read','2024-08-09 11:07:09','2024-08-09 11:07:09'),(10,'Bailey Steuber','jacobson.vern@example.net','(972) 626-4930','8915 Korbin Port\nWolfbury, AR 44680-4717','Sunt illo est sed beatae ut.','Error architecto voluptatem eveniet eum recusandae ut totam dignissimos. Id rerum cum vel rerum cupiditate. Quidem nisi aut recusandae inventore architecto quibusdam. Accusamus in earum ut illo ut. Dolore illo quasi eum iure aut saepe provident. Incidunt ut aperiam harum. Maxime neque sunt temporibus accusamus. Ex omnis sint adipisci. Rem facere perspiciatis amet vel culpa ipsam minima. Qui eius pariatur libero perspiciatis.',NULL,'read','2024-08-09 11:07:09','2024-08-09 11:07:09');
/*!40000 ALTER TABLE `contacts` ENABLE KEYS */;
UNLOCK TABLES;

--
-- Table structure for table `dashboard_widget_settings`
--

DROP TABLE IF EXISTS `dashboard_widget_settings`;
/*!40101 SET @saved_cs_client     = @@character_set_client */;
/*!50503 SET character_set_client = utf8mb4 */;
CREATE TABLE `dashboard_widget_settings` (
  `id` bigint unsigned NOT NULL AUTO_INCREMENT,
  `settings` text COLLATE utf8mb4_unicode_ci,
  `user_id` bigint unsigned NOT NULL,
  `widget_id` bigint unsigned NOT NULL,
  `order` tinyint unsigned NOT NULL DEFAULT '0',
  `status` tinyint unsigned NOT NULL DEFAULT '1',
  `created_at` timestamp NULL DEFAULT NULL,
  `updated_at` timestamp NULL DEFAULT NULL,
  PRIMARY KEY (`id`),
  KEY `dashboard_widget_settings_user_id_index` (`user_id`),
  KEY `dashboard_widget_settings_widget_id_index` (`widget_id`)
) ENGINE=InnoDB DEFAULT CHARSET=utf8mb4 COLLATE=utf8mb4_unicode_ci;
/*!40101 SET character_set_client = @saved_cs_client */;

--
-- Dumping data for table `dashboard_widget_settings`
--

LOCK TABLES `dashboard_widget_settings` WRITE;
/*!40000 ALTER TABLE `dashboard_widget_settings` DISABLE KEYS */;
/*!40000 ALTER TABLE `dashboard_widget_settings` ENABLE KEYS */;
UNLOCK TABLES;

--
-- Table structure for table `dashboard_widgets`
--

DROP TABLE IF EXISTS `dashboard_widgets`;
/*!40101 SET @saved_cs_client     = @@character_set_client */;
/*!50503 SET character_set_client = utf8mb4 */;
CREATE TABLE `dashboard_widgets` (
  `id` bigint unsigned NOT NULL AUTO_INCREMENT,
  `name` varchar(120) COLLATE utf8mb4_unicode_ci NOT NULL,
  `created_at` timestamp NULL DEFAULT NULL,
  `updated_at` timestamp NULL DEFAULT NULL,
  PRIMARY KEY (`id`)
) ENGINE=InnoDB DEFAULT CHARSET=utf8mb4 COLLATE=utf8mb4_unicode_ci;
/*!40101 SET character_set_client = @saved_cs_client */;

--
-- Dumping data for table `dashboard_widgets`
--

LOCK TABLES `dashboard_widgets` WRITE;
/*!40000 ALTER TABLE `dashboard_widgets` DISABLE KEYS */;
/*!40000 ALTER TABLE `dashboard_widgets` ENABLE KEYS */;
UNLOCK TABLES;

--
-- Table structure for table `failed_jobs`
--

DROP TABLE IF EXISTS `failed_jobs`;
/*!40101 SET @saved_cs_client     = @@character_set_client */;
/*!50503 SET character_set_client = utf8mb4 */;
CREATE TABLE `failed_jobs` (
  `id` bigint unsigned NOT NULL AUTO_INCREMENT,
  `uuid` varchar(191) COLLATE utf8mb4_unicode_ci NOT NULL,
  `connection` text COLLATE utf8mb4_unicode_ci NOT NULL,
  `queue` text COLLATE utf8mb4_unicode_ci NOT NULL,
  `payload` longtext COLLATE utf8mb4_unicode_ci NOT NULL,
  `exception` longtext COLLATE utf8mb4_unicode_ci NOT NULL,
  `failed_at` timestamp NOT NULL DEFAULT CURRENT_TIMESTAMP,
  PRIMARY KEY (`id`),
  UNIQUE KEY `failed_jobs_uuid_unique` (`uuid`)
) ENGINE=InnoDB DEFAULT CHARSET=utf8mb4 COLLATE=utf8mb4_unicode_ci;
/*!40101 SET character_set_client = @saved_cs_client */;

--
-- Dumping data for table `failed_jobs`
--

LOCK TABLES `failed_jobs` WRITE;
/*!40000 ALTER TABLE `failed_jobs` DISABLE KEYS */;
/*!40000 ALTER TABLE `failed_jobs` ENABLE KEYS */;
UNLOCK TABLES;

--
-- Table structure for table `fob_comments`
--

DROP TABLE IF EXISTS `fob_comments`;
/*!40101 SET @saved_cs_client     = @@character_set_client */;
/*!50503 SET character_set_client = utf8mb4 */;
CREATE TABLE `fob_comments` (
  `id` bigint unsigned NOT NULL AUTO_INCREMENT,
  `reply_to` bigint unsigned DEFAULT NULL,
  `author_type` varchar(191) COLLATE utf8mb4_unicode_ci DEFAULT NULL,
  `author_id` bigint unsigned DEFAULT NULL,
  `reference_type` varchar(191) COLLATE utf8mb4_unicode_ci DEFAULT NULL,
  `reference_id` bigint unsigned DEFAULT NULL,
  `reference_url` varchar(255) COLLATE utf8mb4_unicode_ci DEFAULT NULL,
  `name` varchar(120) COLLATE utf8mb4_unicode_ci NOT NULL,
  `email` varchar(120) COLLATE utf8mb4_unicode_ci DEFAULT NULL,
  `website` varchar(255) COLLATE utf8mb4_unicode_ci DEFAULT NULL,
  `content` longtext COLLATE utf8mb4_unicode_ci NOT NULL,
  `status` varchar(60) COLLATE utf8mb4_unicode_ci NOT NULL DEFAULT 'pending',
  `ip_address` varchar(45) COLLATE utf8mb4_unicode_ci NOT NULL,
  `user_agent` text COLLATE utf8mb4_unicode_ci,
  `created_at` timestamp NULL DEFAULT NULL,
  `updated_at` timestamp NULL DEFAULT NULL,
  PRIMARY KEY (`id`),
  KEY `fob_comments_author_type_author_id_index` (`author_type`,`author_id`),
  KEY `fob_comments_reference_type_reference_id_index` (`reference_type`,`reference_id`),
  KEY `fob_comments_reply_to_index` (`reply_to`),
  KEY `fob_comments_reference_url_index` (`reference_url`),
  KEY `fob_comments_status_index` (`status`)
) ENGINE=InnoDB AUTO_INCREMENT=48 DEFAULT CHARSET=utf8mb4 COLLATE=utf8mb4_unicode_ci;
/*!40101 SET character_set_client = @saved_cs_client */;

--
-- Dumping data for table `fob_comments`
--

LOCK TABLES `fob_comments` WRITE;
/*!40000 ALTER TABLE `fob_comments` DISABLE KEYS */;
INSERT INTO `fob_comments` VALUES (1,NULL,'Botble\\Member\\Models\\Member',4,'Botble\\Blog\\Models\\Post',14,'http://localhost','Prof. Virginia Jones','kuvalis.alejandrin@gmail.com','https://friendsofbotble.com','This is really helpful, thank you!','approved','239.23.9.168','Mozilla/5.0 (compatible; MSIE 11.0; Windows NT 5.1; Trident/3.0)','2024-08-02 00:31:28','2024-08-09 11:07:42'),(2,NULL,'Botble\\Member\\Models\\Member',1,'Botble\\Blog\\Models\\Post',13,'http://localhost','Rahul Stehr','arnulfo.champlin@hotmail.com','https://friendsofbotble.com','I found this article to be quite informative.','approved','95.225.127.116','Mozilla/5.0 (Windows; U; Windows NT 5.01) AppleWebKit/532.1.3 (KHTML, like Gecko) Version/4.0 Safari/532.1.3','2024-07-10 19:56:14','2024-08-09 11:07:42'),(3,NULL,'Botble\\Member\\Models\\Member',6,'Botble\\Blog\\Models\\Post',19,'http://localhost','Lindsay Konopelski','barrows.jerel@gmail.com','https://friendsofbotble.com','Wow, I never knew about this before!','approved','160.208.201.22','Mozilla/5.0 (X11; Linux x86_64; rv:7.0) Gecko/20140729 Firefox/36.0','2024-07-18 23:37:47','2024-08-09 11:07:42'),(4,NULL,'Botble\\Member\\Models\\Member',2,'Botble\\Blog\\Models\\Post',3,'http://localhost','Prof. Kyler Doyle','csmitham@will.org','https://friendsofbotble.com','Great job on explaining such a complex topic.','approved','42.106.189.164','Mozilla/5.0 (Macintosh; PPC Mac OS X 10_7_5) AppleWebKit/5331 (KHTML, like Gecko) Chrome/39.0.887.0 Mobile Safari/5331','2024-07-13 05:24:34','2024-08-09 11:07:42'),(5,NULL,'Botble\\Member\\Models\\Member',5,'Botble\\Blog\\Models\\Post',13,'http://localhost','Sadye Wuckert','emmett.leuschke@gmail.com','https://friendsofbotble.com','I have a question about the third paragraph.','approved','185.245.33.49','Mozilla/5.0 (X11; Linux x86_64) AppleWebKit/5340 (KHTML, like Gecko) Chrome/37.0.863.0 Mobile Safari/5340','2024-07-15 14:22:46','2024-08-09 11:07:42'),(6,NULL,'Botble\\Member\\Models\\Member',4,'Botble\\Blog\\Models\\Post',16,'http://localhost','Antonietta Skiles','reta72@goldner.net','https://friendsofbotble.com','This article changed my perspective entirely.','approved','128.82.204.251','Opera/9.59 (X11; Linux x86_64; sl-SI) Presto/2.9.231 Version/12.00','2024-07-11 17:40:03','2024-08-09 11:07:42'),(7,NULL,'Botble\\Member\\Models\\Member',4,'Botble\\Blog\\Models\\Post',16,'http://localhost','Quinn Bergstrom','igoyette@treutel.com','https://friendsofbotble.com','I appreciate the effort you put into this.','approved','29.26.253.174','Mozilla/5.0 (X11; Linux x86_64; rv:5.0) Gecko/20120607 Firefox/37.0','2024-07-26 13:33:53','2024-08-09 11:07:42'),(8,NULL,'Botble\\Member\\Models\\Member',6,'Botble\\Blog\\Models\\Post',12,'http://localhost','Kamille Lebsack I','zola.schaefer@gmail.com','https://friendsofbotble.com','This is exactly what I was looking for, thank you!','approved','161.228.1.182','Mozilla/5.0 (Windows; U; Windows NT 6.1) AppleWebKit/533.22.3 (KHTML, like Gecko) Version/4.0.4 Safari/533.22.3','2024-08-09 05:23:47','2024-08-09 11:07:42'),(9,NULL,'Botble\\Member\\Models\\Member',5,'Botble\\Blog\\Models\\Post',2,'http://localhost','Prof. Wilfred Roberts II','jabernathy@gmail.com','https://friendsofbotble.com','I disagree with some points mentioned here, though.','approved','107.191.107.193','Mozilla/5.0 (X11; Linux i686; rv:5.0) Gecko/20240323 Firefox/37.0','2024-07-20 04:14:21','2024-08-09 11:07:42'),(10,NULL,'Botble\\Member\\Models\\Member',6,'Botble\\Blog\\Models\\Post',16,'http://localhost','Arden Doyle II','dorris.heller@fay.com','https://friendsofbotble.com','Could you provide more examples to illustrate your point?','approved','243.168.146.26','Mozilla/5.0 (Windows NT 5.2; en-US; rv:1.9.2.20) Gecko/20190414 Firefox/35.0','2024-08-07 01:37:39','2024-08-09 11:07:42'),(11,NULL,'Botble\\Member\\Models\\Member',7,'Botble\\Blog\\Models\\Post',17,'http://localhost','Violet Purdy','philip.rosenbaum@bosco.com','https://friendsofbotble.com','I wish there were more articles like this out there.','approved','11.21.222.157','Opera/8.53 (Windows NT 6.1; nl-NL) Presto/2.11.174 Version/12.00','2024-08-03 10:53:30','2024-08-09 11:07:42'),(12,NULL,'Botble\\Member\\Models\\Member',5,'Botble\\Blog\\Models\\Post',8,'http://localhost','Dustin Simonis','tremaine56@gmail.com','https://friendsofbotble.com','I\'m bookmarking this for future reference.','approved','12.48.138.215','Mozilla/5.0 (compatible; MSIE 7.0; Windows CE; Trident/4.1)','2024-07-09 21:26:02','2024-08-09 11:07:42'),(13,NULL,'Botble\\Member\\Models\\Member',0,'Botble\\Blog\\Models\\Post',5,'http://localhost','Dr. Willy Effertz','vblanda@schaden.com','https://friendsofbotble.com','I\'ve shared this with my friends, they loved it!','approved','1.25.209.155','Mozilla/5.0 (Windows NT 6.0; nl-NL; rv:1.9.2.20) Gecko/20150730 Firefox/36.0','2024-08-08 14:10:02','2024-08-09 11:07:42'),(14,NULL,'Botble\\Member\\Models\\Member',0,'Botble\\Blog\\Models\\Post',6,'http://localhost','Prof. Helmer Daniel','bianka55@gmail.com','https://friendsofbotble.com','This article is a must-read for everyone interested in the topic.','approved','120.78.22.101','Opera/8.98 (Windows NT 5.01; sl-SI) Presto/2.12.273 Version/11.00','2024-07-21 15:28:37','2024-08-09 11:07:42'),(15,NULL,'Botble\\Member\\Models\\Member',4,'Botble\\Blog\\Models\\Post',20,'http://localhost','Amanda Jenkins','farrell.billie@wilderman.com','https://friendsofbotble.com','Thank you for shedding light on this important issue.','approved','172.193.240.247','Mozilla/5.0 (Windows; U; Windows NT 6.1) AppleWebKit/532.5.4 (KHTML, like Gecko) Version/4.1 Safari/532.5.4','2024-07-15 15:12:48','2024-08-09 11:07:42'),(16,NULL,'Botble\\Member\\Models\\Member',6,'Botble\\Blog\\Models\\Post',2,'http://localhost','Chesley Torphy','mayert.javonte@raynor.biz','https://friendsofbotble.com','I\'ve been searching for information on this topic, glad I found this article.','approved','111.112.19.210','Mozilla/5.0 (X11; Linux x86_64; rv:5.0) Gecko/20210825 Firefox/36.0','2024-08-08 18:10:51','2024-08-09 11:07:42'),(17,NULL,'Botble\\Member\\Models\\Member',1,'Botble\\Blog\\Models\\Post',14,'http://localhost','Lavonne Gottlieb','mmacejkovic@yahoo.com','https://friendsofbotble.com','I\'m blown away by the insights shared in this article.','approved','25.128.244.9','Mozilla/5.0 (Macintosh; U; Intel Mac OS X 10_8_2) AppleWebKit/537.1 (KHTML, like Gecko) Chrome/89.0.4017.79 Safari/537.1 Edg/89.01117.32','2024-07-16 12:44:22','2024-08-09 11:07:42'),(18,NULL,'Botble\\Member\\Models\\Member',7,'Botble\\Blog\\Models\\Post',5,'http://localhost','Mrs. Carli Gutkowski PhD','blanca17@beatty.biz','https://friendsofbotble.com','This article tackles a complex topic with clarity.','approved','4.190.104.120','Mozilla/5.0 (iPhone; CPU iPhone OS 7_2_2 like Mac OS X; en-US) AppleWebKit/532.32.7 (KHTML, like Gecko) Version/3.0.5 Mobile/8B113 Safari/6532.32.7','2024-07-18 22:47:51','2024-08-09 11:07:42'),(19,NULL,'Botble\\Member\\Models\\Member',7,'Botble\\Blog\\Models\\Post',4,'http://localhost','Torey Ankunding II','marlon50@halvorson.com','https://friendsofbotble.com','I\'m going to reflect on the ideas presented in this article.','approved','58.89.243.180','Opera/9.36 (Windows CE; sl-SI) Presto/2.12.179 Version/11.00','2024-07-29 08:26:53','2024-08-09 11:07:42'),(20,NULL,'Botble\\Member\\Models\\Member',3,'Botble\\Blog\\Models\\Post',2,'http://localhost','Ms. Ruthie Smith Sr.','blaise.kunze@brekke.info','https://friendsofbotble.com','The author\'s passion for the subject shines through in this article.','approved','136.191.153.23','Mozilla/5.0 (Windows; U; Windows 98) AppleWebKit/531.5.7 (KHTML, like Gecko) Version/4.0.4 Safari/531.5.7','2024-08-03 18:20:26','2024-08-09 11:07:42'),(21,NULL,'Botble\\Member\\Models\\Member',0,'Botble\\Blog\\Models\\Post',5,'http://localhost','Glenna Lueilwitz','danika.raynor@gmail.com','https://friendsofbotble.com','This article challenged my preconceptions in a thought-provoking way.','approved','230.85.129.103','Mozilla/5.0 (compatible; MSIE 6.0; Windows NT 6.2; Trident/5.0)','2024-07-26 00:57:09','2024-08-09 11:07:42'),(22,NULL,'Botble\\Member\\Models\\Member',1,'Botble\\Blog\\Models\\Post',12,'http://localhost','Eda Pfeffer','coleman02@hotmail.com','https://friendsofbotble.com','I\'ve added this article to my reading list, it\'s worth revisiting.','approved','135.75.165.204','Mozilla/5.0 (X11; Linux i686) AppleWebKit/537.2 (KHTML, like Gecko) Chrome/95.0.4835.55 Safari/537.2 EdgA/95.01100.49','2024-07-18 21:26:30','2024-08-09 11:07:42'),(23,NULL,'Botble\\Member\\Models\\Member',6,'Botble\\Blog\\Models\\Post',18,'http://localhost','Ottilie Heaney','gwendolyn.torphy@hotmail.com','https://friendsofbotble.com','This article offers practical advice that I can apply in real life.','approved','105.210.59.92','Mozilla/5.0 (Macintosh; U; Intel Mac OS X 10_5_4 rv:6.0) Gecko/20210324 Firefox/37.0','2024-07-26 08:13:50','2024-08-09 11:07:42'),(24,NULL,'Botble\\Member\\Models\\Member',4,'Botble\\Blog\\Models\\Post',10,'http://localhost','Kaleb Smith V','imurazik@yahoo.com','https://friendsofbotble.com','I\'m going to recommend this article to my study group.','approved','24.143.152.36','Mozilla/5.0 (compatible; MSIE 8.0; Windows CE; Trident/3.0)','2024-08-05 21:22:39','2024-08-09 11:07:42'),(25,NULL,'Botble\\Member\\Models\\Member',7,'Botble\\Blog\\Models\\Post',1,'http://localhost','Frederique Harber','vanessa00@hotmail.com','https://friendsofbotble.com','The examples provided really helped me understand the concept better.','approved','228.215.113.95','Mozilla/5.0 (iPad; CPU OS 8_1_1 like Mac OS X; sl-SI) AppleWebKit/532.44.5 (KHTML, like Gecko) Version/4.0.5 Mobile/8B114 Safari/6532.44.5','2024-07-16 07:08:49','2024-08-09 11:07:42'),(26,NULL,'Botble\\Member\\Models\\Member',4,'Botble\\Blog\\Models\\Post',15,'http://localhost','Vernice Hintz','leopoldo61@yahoo.com','https://friendsofbotble.com','I resonate with the ideas presented here.','approved','168.218.117.113','Mozilla/5.0 (Windows; U; Windows NT 5.01) AppleWebKit/531.20.2 (KHTML, like Gecko) Version/4.1 Safari/531.20.2','2024-08-07 23:40:54','2024-08-09 11:07:42'),(27,NULL,'Botble\\Member\\Models\\Member',6,'Botble\\Blog\\Models\\Post',6,'http://localhost','Mr. Alexis Bernhard','raymundo.kilback@gmail.com','https://friendsofbotble.com','This article made me think critically about the topic.','approved','50.46.16.181','Mozilla/5.0 (compatible; MSIE 6.0; Windows NT 6.2; Trident/3.0)','2024-07-17 00:10:16','2024-08-09 11:07:42'),(28,NULL,'Botble\\Member\\Models\\Member',0,'Botble\\Blog\\Models\\Post',11,'http://localhost','Brandy Shields','qgreen@hintz.net','https://friendsofbotble.com','I\'ll definitely come back to this article for reference.','approved','79.232.74.91','Opera/9.14 (X11; Linux i686; en-US) Presto/2.8.212 Version/11.00','2024-07-19 19:58:40','2024-08-09 11:07:42'),(29,NULL,'Botble\\Member\\Models\\Member',5,'Botble\\Blog\\Models\\Post',11,'http://localhost','Bernice Rippin','berge.cathrine@legros.com','https://friendsofbotble.com','I\'ve shared this on social media, it\'s too good not to share.','approved','199.37.175.179','Opera/9.53 (X11; Linux x86_64; sl-SI) Presto/2.10.254 Version/12.00','2024-08-01 12:41:06','2024-08-09 11:07:42'),(30,NULL,'Botble\\Member\\Models\\Member',1,'Botble\\Blog\\Models\\Post',2,'http://localhost','Carley Langworth','llind@hotmail.com','https://friendsofbotble.com','This article presents a balanced view on a controversial topic.','approved','143.137.230.158','Mozilla/5.0 (compatible; MSIE 7.0; Windows NT 5.01; Trident/3.1)','2024-07-30 04:11:46','2024-08-09 11:07:42'),(31,NULL,'Botble\\Member\\Models\\Member',0,'Botble\\Blog\\Models\\Post',1,'http://localhost','Demarco Kohler','strantow@yahoo.com','https://friendsofbotble.com','I\'m glad I stumbled upon this article, it\'s a gem.','approved','185.163.127.220','Opera/9.63 (Windows 95; nl-NL) Presto/2.8.259 Version/10.00','2024-07-13 10:51:09','2024-08-09 11:07:42'),(32,NULL,'Botble\\Member\\Models\\Member',2,'Botble\\Blog\\Models\\Post',14,'http://localhost','Alia Greenfelder','moore.johan@stark.info','https://friendsofbotble.com','I\'ve been struggling with this, your article helped a lot.','approved','149.20.139.139','Mozilla/5.0 (iPad; CPU OS 7_0_1 like Mac OS X; en-US) AppleWebKit/535.7.2 (KHTML, like Gecko) Version/4.0.5 Mobile/8B117 Safari/6535.7.2','2024-07-24 08:35:55','2024-08-09 11:07:42'),(33,NULL,'Botble\\Member\\Models\\Member',1,'Botble\\Blog\\Models\\Post',1,'http://localhost','Jeffrey Jacobson I','schulist.torey@schultz.com','https://friendsofbotble.com','I\'ve learned something new today, thanks to this article.','approved','158.122.18.231','Mozilla/5.0 (X11; Linux i686; rv:6.0) Gecko/20190901 Firefox/37.0','2024-07-21 06:46:25','2024-08-09 11:07:42'),(34,NULL,'Botble\\Member\\Models\\Member',3,'Botble\\Blog\\Models\\Post',1,'http://localhost','Katlyn Toy','verdie.abernathy@bogisich.org','https://friendsofbotble.com','Kudos to the author for a well-researched piece.','approved','5.205.242.235','Opera/9.50 (X11; Linux i686; nl-NL) Presto/2.12.254 Version/12.00','2024-07-22 18:43:20','2024-08-09 11:07:42'),(35,NULL,'Botble\\Member\\Models\\Member',4,'Botble\\Blog\\Models\\Post',8,'http://localhost','Kamille Runolfsdottir MD','schulist.emma@frami.com','https://friendsofbotble.com','I\'m impressed by the depth of knowledge demonstrated here.','approved','108.125.40.177','Mozilla/5.0 (compatible; MSIE 5.0; Windows NT 6.0; Trident/3.0)','2024-07-15 23:16:56','2024-08-09 11:07:42'),(36,NULL,'Botble\\Member\\Models\\Member',1,'Botble\\Blog\\Models\\Post',10,'http://localhost','Mr. Werner Olson','lloyd12@gmail.com','https://friendsofbotble.com','This article challenged my assumptions in a good way.','approved','214.201.179.140','Mozilla/5.0 (Macintosh; U; Intel Mac OS X 10_8_2 rv:6.0; sl-SI) AppleWebKit/533.43.3 (KHTML, like Gecko) Version/4.0 Safari/533.43.3','2024-07-23 10:08:36','2024-08-09 11:07:42'),(37,NULL,'Botble\\Member\\Models\\Member',4,'Botble\\Blog\\Models\\Post',18,'http://localhost','Aniyah Deckow','jordane17@yahoo.com','https://friendsofbotble.com','I\'ve shared this with my colleagues, it\'s worth discussing.','approved','93.17.200.234','Mozilla/5.0 (iPhone; CPU iPhone OS 8_2_1 like Mac OS X; en-US) AppleWebKit/533.9.4 (KHTML, like Gecko) Version/3.0.5 Mobile/8B114 Safari/6533.9.4','2024-07-31 12:31:17','2024-08-09 11:07:42'),(38,NULL,'Botble\\Member\\Models\\Member',6,'Botble\\Blog\\Models\\Post',1,'http://localhost','Abbey Dickens Sr.','clark95@gmail.com','https://friendsofbotble.com','The information presented here is very valuable.','approved','21.100.130.172','Mozilla/5.0 (Macintosh; Intel Mac OS X 10_7_3) AppleWebKit/531.1 (KHTML, like Gecko) Chrome/96.0.4315.47 Safari/531.1 Edg/96.01035.74','2024-07-27 16:37:19','2024-08-09 11:07:42'),(39,NULL,'Botble\\Member\\Models\\Member',6,'Botble\\Blog\\Models\\Post',20,'http://localhost','Christa Kulas','jacques.stamm@quitzon.info','https://friendsofbotble.com','You have a talent for explaining complex topics clearly.','approved','64.102.134.146','Mozilla/5.0 (Macintosh; Intel Mac OS X 10_8_1) AppleWebKit/5341 (KHTML, like Gecko) Chrome/37.0.889.0 Mobile Safari/5341','2024-07-20 07:12:01','2024-08-09 11:07:42'),(40,NULL,'Botble\\Member\\Models\\Member',4,'Botble\\Blog\\Models\\Post',8,'http://localhost','Miss Emmy Deckow Jr.','cole.gay@gmail.com','https://friendsofbotble.com','I\'m inspired to learn more about this after reading your article.','approved','210.197.170.21','Mozilla/5.0 (Windows 98) AppleWebKit/5330 (KHTML, like Gecko) Chrome/40.0.873.0 Mobile Safari/5330','2024-07-14 05:33:30','2024-08-09 11:07:42'),(41,NULL,'Botble\\Member\\Models\\Member',4,'Botble\\Blog\\Models\\Post',7,'http://localhost','Marc Schiller','wilderman.alayna@gmail.com','https://friendsofbotble.com','This article deserves wider recognition.','approved','122.184.196.172','Mozilla/5.0 (Windows; U; Windows NT 6.1) AppleWebKit/534.21.5 (KHTML, like Gecko) Version/5.0.4 Safari/534.21.5','2024-07-19 10:27:16','2024-08-09 11:07:42'),(42,NULL,'Botble\\Member\\Models\\Member',4,'Botble\\Blog\\Models\\Post',16,'http://localhost','Connie Daugherty','bertram.vandervort@rowe.org','https://friendsofbotble.com','I\'m grateful for the insights shared in this piece.','approved','107.92.41.183','Mozilla/5.0 (iPhone; CPU iPhone OS 7_2_2 like Mac OS X; en-US) AppleWebKit/531.46.2 (KHTML, like Gecko) Version/3.0.5 Mobile/8B114 Safari/6531.46.2','2024-07-09 19:55:38','2024-08-09 11:07:42'),(43,NULL,'Botble\\Member\\Models\\Member',2,'Botble\\Blog\\Models\\Post',11,'http://localhost','Heloise Kemmer Jr.','gstoltenberg@hoeger.com','https://friendsofbotble.com','The author presents a balanced view on a controversial topic.','approved','142.110.137.38','Mozilla/5.0 (X11; Linux x86_64; rv:7.0) Gecko/20140508 Firefox/35.0','2024-07-29 14:09:30','2024-08-09 11:07:42'),(44,NULL,'Botble\\Member\\Models\\Member',7,'Botble\\Blog\\Models\\Post',20,'http://localhost','Mrs. Claudine Yundt','chelsey.kuphal@kuvalis.com','https://friendsofbotble.com','I\'m glad I stumbled upon this article, it\'s','approved','234.143.254.118','Mozilla/5.0 (iPhone; CPU iPhone OS 15_2 like Mac OS X) AppleWebKit/537.2 (KHTML, like Gecko) Version/15.0 EdgiOS/87.01026.16 Mobile/15E148 Safari/537.2','2024-07-17 15:30:07','2024-08-09 11:07:42'),(45,NULL,'Botble\\Member\\Models\\Member',5,'Botble\\Blog\\Models\\Post',5,'http://localhost','Mr. Zachariah Kihn','oswaldo23@hotmail.com','https://friendsofbotble.com','I\'ve been searching for information on this topic, glad I found this article. It\'s incredibly insightful and provides a comprehensive overview of the subject matter. I appreciate the effort put into researching and writing this piece. It\'s truly eye-opening and has given me a new perspective. Thank you for sharing your knowledge with us!','approved','30.220.110.249','Opera/8.54 (Windows NT 6.2; nl-NL) Presto/2.8.296 Version/11.00','2024-08-04 16:39:18','2024-08-09 11:07:42'),(46,NULL,'Botble\\Member\\Models\\Member',7,'Botble\\Blog\\Models\\Post',2,'http://localhost','Mr. Denis Gottlieb I','fhodkiewicz@hotmail.com','https://friendsofbotble.com','This article is a masterpiece! It dives deep into the topic and offers valuable insights that are both thought-provoking and enlightening. The author\'s expertise is evident throughout, making it a compelling read from start to finish. I\'ll definitely be coming back to this for reference in the future.','approved','145.173.226.221','Opera/8.38 (X11; Linux i686; sl-SI) Presto/2.11.262 Version/11.00','2024-07-10 23:08:46','2024-08-09 11:07:42'),(47,NULL,'Botble\\Member\\Models\\Member',6,'Botble\\Blog\\Models\\Post',14,'http://localhost','Cierra Schumm','tremblay.mercedes@gmail.com','https://friendsofbotble.com','I\'m amazed by the depth of analysis in this article. It covers a wide range of aspects related to the topic, providing a comprehensive understanding. The clarity of explanation is commendable, making complex concepts easy to grasp. This article has enriched my understanding and sparked further curiosity. Kudos to the author!','approved','101.11.160.210','Mozilla/5.0 (Windows; U; Windows NT 6.0) AppleWebKit/533.6.6 (KHTML, like Gecko) Version/5.0 Safari/533.6.6','2024-07-30 12:14:11','2024-08-09 11:07:42');
/*!40000 ALTER TABLE `fob_comments` ENABLE KEYS */;
UNLOCK TABLES;

--
-- Table structure for table `galleries`
--

DROP TABLE IF EXISTS `galleries`;
/*!40101 SET @saved_cs_client     = @@character_set_client */;
/*!50503 SET character_set_client = utf8mb4 */;
CREATE TABLE `galleries` (
  `id` bigint unsigned NOT NULL AUTO_INCREMENT,
  `name` varchar(120) COLLATE utf8mb4_unicode_ci NOT NULL,
  `description` longtext COLLATE utf8mb4_unicode_ci NOT NULL,
  `is_featured` tinyint unsigned NOT NULL DEFAULT '0',
  `order` tinyint unsigned NOT NULL DEFAULT '0',
  `image` varchar(191) COLLATE utf8mb4_unicode_ci DEFAULT NULL,
  `user_id` bigint unsigned DEFAULT NULL,
  `status` varchar(60) COLLATE utf8mb4_unicode_ci NOT NULL DEFAULT 'published',
  `created_at` timestamp NULL DEFAULT NULL,
  `updated_at` timestamp NULL DEFAULT NULL,
  PRIMARY KEY (`id`),
  KEY `galleries_user_id_index` (`user_id`)
) ENGINE=InnoDB AUTO_INCREMENT=21 DEFAULT CHARSET=utf8mb4 COLLATE=utf8mb4_unicode_ci;
/*!40101 SET character_set_client = @saved_cs_client */;

--
-- Dumping data for table `galleries`
--

LOCK TABLES `galleries` WRITE;
/*!40000 ALTER TABLE `galleries` DISABLE KEYS */;
INSERT INTO `galleries` VALUES (1,'Perfect','Earum earum libero consequatur. Similique similique assumenda ad laudantium rerum. Et id assumenda fuga molestiae voluptas aut.',0,0,'main/news/1.jpg',1,'published','2024-08-09 11:07:35','2024-08-09 11:07:35'),(2,'New Day','Eum qui ullam molestias rerum ex. Maiores quos exercitationem sit iure fugit autem officiis molestiae.',0,0,'main/news/2.jpg',1,'published','2024-08-09 11:07:35','2024-08-09 11:07:35'),(3,'Happy Day','Consequatur fugiat corrupti veniam perferendis. Velit dolor minus corrupti consequatur quia. Et eaque vel quos aliquid eos.',0,0,'main/news/3.jpg',1,'published','2024-08-09 11:07:35','2024-08-09 11:07:35'),(4,'Nature','Suscipit veniam officia et. Repudiandae dolores ea ipsum facilis ipsam ipsum non. Non labore temporibus deserunt delectus quo.',0,0,'main/news/4.jpg',1,'published','2024-08-09 11:07:35','2024-08-09 11:07:35'),(5,'Morning','Et ad quidem aliquid ex nobis. Optio aut eum quibusdam. Aliquam aliquid ipsum voluptatem nemo deserunt fugiat.',0,0,'main/news/5.jpg',1,'published','2024-08-09 11:07:35','2024-08-09 11:07:35'),(6,'Sunset','Sit vel eius exercitationem et. Illum ad nostrum quod. Itaque voluptatem expedita ipsa sapiente odit. A ratione explicabo eos eos et suscipit.',0,0,'main/news/6.jpg',1,'published','2024-08-09 11:07:35','2024-08-09 11:07:35'),(7,'Ocean Views','Tempore velit voluptatem occaecati est et officiis asperiores. Minus eveniet et non est quia. Minima et atque doloremque ipsum dolore.',0,0,'main/news/7.jpg',1,'published','2024-08-09 11:07:35','2024-08-09 11:07:35'),(8,'Adventure Time','Aut at voluptatibus dicta inventore aut ad dolorem qui. Quisquam molestias eum magnam voluptatem. Cumque aut consequuntur voluptatem recusandae.',0,0,'main/news/8.jpg',1,'published','2024-08-09 11:07:35','2024-08-09 11:07:35'),(9,'City Lights','Ut facilis aperiam et aperiam excepturi dolor eligendi. Non alias voluptas unde minus. Nulla debitis sunt quam assumenda. Aut et in libero facilis.',0,0,'main/news/9.jpg',1,'published','2024-08-09 11:07:35','2024-08-09 11:07:35'),(10,'Dreamscape','Rem debitis aut expedita maxime iste ut. Sunt nobis fuga id consequuntur iusto voluptatibus. Facilis distinctio repudiandae sapiente.',0,0,'main/news/10.jpg',1,'published','2024-08-09 11:07:35','2024-08-09 11:07:35'),(11,'Enchanted Forest','Eaque optio atque tenetur illo inventore quo. Veritatis incidunt rem qui sunt. Beatae ratione vitae qui dolorum vitae.',0,0,'main/news/11.jpg',1,'published','2024-08-09 11:07:35','2024-08-09 11:07:35'),(12,'Golden Hour','Architecto delectus eligendi qui totam omnis ipsum. Ut at illo voluptatem quasi et rerum non. Occaecati asperiores et tenetur vero eos.',0,0,'main/news/12.jpg',1,'published','2024-08-09 11:07:35','2024-08-09 11:07:35'),(13,'Serenity','Quia natus quia magnam sunt praesentium cum. Officia quidem et expedita eaque. Tempora debitis totam quasi asperiores deserunt dolores expedita.',0,0,'main/news/13.jpg',1,'published','2024-08-09 11:07:35','2024-08-09 11:07:35'),(14,'Eternal Beauty','Perspiciatis sint eveniet impedit tempore corporis. Unde et delectus voluptatibus non harum velit. Voluptatem eos doloremque ipsam.',0,0,'main/news/14.jpg',1,'published','2024-08-09 11:07:35','2024-08-09 11:07:35'),(15,'Moonlight Magic','Est doloremque sed officiis voluptates ut nulla ea. Ut pariatur eum eos autem aliquam voluptatum et. Et dolorum voluptate ea eaque minus et.',0,0,'main/news/15.jpg',1,'published','2024-08-09 11:07:35','2024-08-09 11:07:35'),(16,'Starry Night','Odit quod sint et autem. Voluptate rerum enim doloremque enim. Inventore voluptas id aut ullam. Aut qui consequuntur ex est voluptates hic.',0,0,'main/news/16.jpg',1,'published','2024-08-09 11:07:35','2024-08-09 11:07:35'),(17,'Hidden Gems','Tenetur est est delectus voluptatibus. Inventore unde in accusamus occaecati dolor.',0,0,'main/news/17.jpg',1,'published','2024-08-09 11:07:35','2024-08-09 11:07:35'),(18,'Tranquil Waters','Rerum itaque sapiente nesciunt animi alias itaque. Molestiae sit iste tenetur cupiditate. Et hic molestiae molestias non quos officiis repellendus.',0,0,'main/news/18.jpg',1,'published','2024-08-09 11:07:35','2024-08-09 11:07:35'),(19,'Urban Escape','Dolor eveniet ut voluptatem eum tempora iure. Rerum incidunt ut assumenda eos ipsum quisquam. Porro mollitia et natus atque dolores.',0,0,'main/news/19.jpg',1,'published','2024-08-09 11:07:35','2024-08-09 11:07:35'),(20,'Twilight Zone','Est et quae ratione dignissimos ut ea sed. Rerum similique quia omnis. Quae molestiae eos eligendi commodi.',0,0,'main/news/20.jpg',1,'published','2024-08-09 11:07:35','2024-08-09 11:07:35');
/*!40000 ALTER TABLE `galleries` ENABLE KEYS */;
UNLOCK TABLES;

--
-- Table structure for table `galleries_translations`
--

DROP TABLE IF EXISTS `galleries_translations`;
/*!40101 SET @saved_cs_client     = @@character_set_client */;
/*!50503 SET character_set_client = utf8mb4 */;
CREATE TABLE `galleries_translations` (
  `lang_code` varchar(20) COLLATE utf8mb4_unicode_ci NOT NULL,
  `galleries_id` bigint unsigned NOT NULL,
  `name` varchar(191) COLLATE utf8mb4_unicode_ci DEFAULT NULL,
  `description` longtext COLLATE utf8mb4_unicode_ci,
  PRIMARY KEY (`lang_code`,`galleries_id`)
) ENGINE=InnoDB DEFAULT CHARSET=utf8mb4 COLLATE=utf8mb4_unicode_ci;
/*!40101 SET character_set_client = @saved_cs_client */;

--
-- Dumping data for table `galleries_translations`
--

LOCK TABLES `galleries_translations` WRITE;
/*!40000 ALTER TABLE `galleries_translations` DISABLE KEYS */;
/*!40000 ALTER TABLE `galleries_translations` ENABLE KEYS */;
UNLOCK TABLES;

--
-- Table structure for table `gallery_meta`
--

DROP TABLE IF EXISTS `gallery_meta`;
/*!40101 SET @saved_cs_client     = @@character_set_client */;
/*!50503 SET character_set_client = utf8mb4 */;
CREATE TABLE `gallery_meta` (
  `id` bigint unsigned NOT NULL AUTO_INCREMENT,
  `images` text COLLATE utf8mb4_unicode_ci,
  `reference_id` bigint unsigned NOT NULL,
  `reference_type` varchar(120) COLLATE utf8mb4_unicode_ci NOT NULL,
  `created_at` timestamp NULL DEFAULT NULL,
  `updated_at` timestamp NULL DEFAULT NULL,
  PRIMARY KEY (`id`),
  KEY `gallery_meta_reference_id_index` (`reference_id`)
) ENGINE=InnoDB AUTO_INCREMENT=21 DEFAULT CHARSET=utf8mb4 COLLATE=utf8mb4_unicode_ci;
/*!40101 SET character_set_client = @saved_cs_client */;

--
-- Dumping data for table `gallery_meta`
--

LOCK TABLES `gallery_meta` WRITE;
/*!40000 ALTER TABLE `gallery_meta` DISABLE KEYS */;
INSERT INTO `gallery_meta` VALUES (1,'[{\"img\":\"main\\/news\\/1.jpg\",\"description\":\"\"},{\"img\":\"main\\/news\\/2.jpg\",\"description\":\"\"},{\"img\":\"main\\/news\\/3.jpg\",\"description\":\"\"},{\"img\":\"main\\/news\\/4.jpg\",\"description\":\"\"},{\"img\":\"main\\/news\\/5.jpg\",\"description\":\"\"},{\"img\":\"main\\/news\\/6.jpg\",\"description\":\"\"},{\"img\":\"main\\/news\\/7.jpg\",\"description\":\"\"},{\"img\":\"main\\/news\\/8.jpg\",\"description\":\"\"},{\"img\":\"main\\/news\\/9.jpg\",\"description\":\"\"},{\"img\":\"main\\/news\\/10.jpg\",\"description\":\"\"},{\"img\":\"main\\/news\\/11.jpg\",\"description\":\"\"},{\"img\":\"main\\/news\\/12.jpg\",\"description\":\"\"},{\"img\":\"main\\/news\\/13.jpg\",\"description\":\"\"},{\"img\":\"main\\/news\\/14.jpg\",\"description\":\"\"},{\"img\":\"main\\/news\\/15.jpg\",\"description\":\"\"},{\"img\":\"main\\/news\\/16.jpg\",\"description\":\"\"},{\"img\":\"main\\/news\\/17.jpg\",\"description\":\"\"},{\"img\":\"main\\/news\\/18.jpg\",\"description\":\"\"},{\"img\":\"main\\/news\\/19.jpg\",\"description\":\"\"},{\"img\":\"main\\/news\\/20.jpg\",\"description\":\"\"}]',1,'Botble\\Gallery\\Models\\Gallery','2024-08-09 11:07:35','2024-08-09 11:07:35'),(2,'[{\"img\":\"main\\/news\\/1.jpg\",\"description\":\"\"},{\"img\":\"main\\/news\\/2.jpg\",\"description\":\"\"},{\"img\":\"main\\/news\\/3.jpg\",\"description\":\"\"},{\"img\":\"main\\/news\\/4.jpg\",\"description\":\"\"},{\"img\":\"main\\/news\\/5.jpg\",\"description\":\"\"},{\"img\":\"main\\/news\\/6.jpg\",\"description\":\"\"},{\"img\":\"main\\/news\\/7.jpg\",\"description\":\"\"},{\"img\":\"main\\/news\\/8.jpg\",\"description\":\"\"},{\"img\":\"main\\/news\\/9.jpg\",\"description\":\"\"},{\"img\":\"main\\/news\\/10.jpg\",\"description\":\"\"},{\"img\":\"main\\/news\\/11.jpg\",\"description\":\"\"},{\"img\":\"main\\/news\\/12.jpg\",\"description\":\"\"},{\"img\":\"main\\/news\\/13.jpg\",\"description\":\"\"},{\"img\":\"main\\/news\\/14.jpg\",\"description\":\"\"},{\"img\":\"main\\/news\\/15.jpg\",\"description\":\"\"},{\"img\":\"main\\/news\\/16.jpg\",\"description\":\"\"},{\"img\":\"main\\/news\\/17.jpg\",\"description\":\"\"},{\"img\":\"main\\/news\\/18.jpg\",\"description\":\"\"},{\"img\":\"main\\/news\\/19.jpg\",\"description\":\"\"},{\"img\":\"main\\/news\\/20.jpg\",\"description\":\"\"}]',2,'Botble\\Gallery\\Models\\Gallery','2024-08-09 11:07:35','2024-08-09 11:07:35'),(3,'[{\"img\":\"main\\/news\\/1.jpg\",\"description\":\"\"},{\"img\":\"main\\/news\\/2.jpg\",\"description\":\"\"},{\"img\":\"main\\/news\\/3.jpg\",\"description\":\"\"},{\"img\":\"main\\/news\\/4.jpg\",\"description\":\"\"},{\"img\":\"main\\/news\\/5.jpg\",\"description\":\"\"},{\"img\":\"main\\/news\\/6.jpg\",\"description\":\"\"},{\"img\":\"main\\/news\\/7.jpg\",\"description\":\"\"},{\"img\":\"main\\/news\\/8.jpg\",\"description\":\"\"},{\"img\":\"main\\/news\\/9.jpg\",\"description\":\"\"},{\"img\":\"main\\/news\\/10.jpg\",\"description\":\"\"},{\"img\":\"main\\/news\\/11.jpg\",\"description\":\"\"},{\"img\":\"main\\/news\\/12.jpg\",\"description\":\"\"},{\"img\":\"main\\/news\\/13.jpg\",\"description\":\"\"},{\"img\":\"main\\/news\\/14.jpg\",\"description\":\"\"},{\"img\":\"main\\/news\\/15.jpg\",\"description\":\"\"},{\"img\":\"main\\/news\\/16.jpg\",\"description\":\"\"},{\"img\":\"main\\/news\\/17.jpg\",\"description\":\"\"},{\"img\":\"main\\/news\\/18.jpg\",\"description\":\"\"},{\"img\":\"main\\/news\\/19.jpg\",\"description\":\"\"},{\"img\":\"main\\/news\\/20.jpg\",\"description\":\"\"}]',3,'Botble\\Gallery\\Models\\Gallery','2024-08-09 11:07:35','2024-08-09 11:07:35'),(4,'[{\"img\":\"main\\/news\\/1.jpg\",\"description\":\"\"},{\"img\":\"main\\/news\\/2.jpg\",\"description\":\"\"},{\"img\":\"main\\/news\\/3.jpg\",\"description\":\"\"},{\"img\":\"main\\/news\\/4.jpg\",\"description\":\"\"},{\"img\":\"main\\/news\\/5.jpg\",\"description\":\"\"},{\"img\":\"main\\/news\\/6.jpg\",\"description\":\"\"},{\"img\":\"main\\/news\\/7.jpg\",\"description\":\"\"},{\"img\":\"main\\/news\\/8.jpg\",\"description\":\"\"},{\"img\":\"main\\/news\\/9.jpg\",\"description\":\"\"},{\"img\":\"main\\/news\\/10.jpg\",\"description\":\"\"},{\"img\":\"main\\/news\\/11.jpg\",\"description\":\"\"},{\"img\":\"main\\/news\\/12.jpg\",\"description\":\"\"},{\"img\":\"main\\/news\\/13.jpg\",\"description\":\"\"},{\"img\":\"main\\/news\\/14.jpg\",\"description\":\"\"},{\"img\":\"main\\/news\\/15.jpg\",\"description\":\"\"},{\"img\":\"main\\/news\\/16.jpg\",\"description\":\"\"},{\"img\":\"main\\/news\\/17.jpg\",\"description\":\"\"},{\"img\":\"main\\/news\\/18.jpg\",\"description\":\"\"},{\"img\":\"main\\/news\\/19.jpg\",\"description\":\"\"},{\"img\":\"main\\/news\\/20.jpg\",\"description\":\"\"}]',4,'Botble\\Gallery\\Models\\Gallery','2024-08-09 11:07:35','2024-08-09 11:07:35'),(5,'[{\"img\":\"main\\/news\\/1.jpg\",\"description\":\"\"},{\"img\":\"main\\/news\\/2.jpg\",\"description\":\"\"},{\"img\":\"main\\/news\\/3.jpg\",\"description\":\"\"},{\"img\":\"main\\/news\\/4.jpg\",\"description\":\"\"},{\"img\":\"main\\/news\\/5.jpg\",\"description\":\"\"},{\"img\":\"main\\/news\\/6.jpg\",\"description\":\"\"},{\"img\":\"main\\/news\\/7.jpg\",\"description\":\"\"},{\"img\":\"main\\/news\\/8.jpg\",\"description\":\"\"},{\"img\":\"main\\/news\\/9.jpg\",\"description\":\"\"},{\"img\":\"main\\/news\\/10.jpg\",\"description\":\"\"},{\"img\":\"main\\/news\\/11.jpg\",\"description\":\"\"},{\"img\":\"main\\/news\\/12.jpg\",\"description\":\"\"},{\"img\":\"main\\/news\\/13.jpg\",\"description\":\"\"},{\"img\":\"main\\/news\\/14.jpg\",\"description\":\"\"},{\"img\":\"main\\/news\\/15.jpg\",\"description\":\"\"},{\"img\":\"main\\/news\\/16.jpg\",\"description\":\"\"},{\"img\":\"main\\/news\\/17.jpg\",\"description\":\"\"},{\"img\":\"main\\/news\\/18.jpg\",\"description\":\"\"},{\"img\":\"main\\/news\\/19.jpg\",\"description\":\"\"},{\"img\":\"main\\/news\\/20.jpg\",\"description\":\"\"}]',5,'Botble\\Gallery\\Models\\Gallery','2024-08-09 11:07:35','2024-08-09 11:07:35'),(6,'[{\"img\":\"main\\/news\\/1.jpg\",\"description\":\"\"},{\"img\":\"main\\/news\\/2.jpg\",\"description\":\"\"},{\"img\":\"main\\/news\\/3.jpg\",\"description\":\"\"},{\"img\":\"main\\/news\\/4.jpg\",\"description\":\"\"},{\"img\":\"main\\/news\\/5.jpg\",\"description\":\"\"},{\"img\":\"main\\/news\\/6.jpg\",\"description\":\"\"},{\"img\":\"main\\/news\\/7.jpg\",\"description\":\"\"},{\"img\":\"main\\/news\\/8.jpg\",\"description\":\"\"},{\"img\":\"main\\/news\\/9.jpg\",\"description\":\"\"},{\"img\":\"main\\/news\\/10.jpg\",\"description\":\"\"},{\"img\":\"main\\/news\\/11.jpg\",\"description\":\"\"},{\"img\":\"main\\/news\\/12.jpg\",\"description\":\"\"},{\"img\":\"main\\/news\\/13.jpg\",\"description\":\"\"},{\"img\":\"main\\/news\\/14.jpg\",\"description\":\"\"},{\"img\":\"main\\/news\\/15.jpg\",\"description\":\"\"},{\"img\":\"main\\/news\\/16.jpg\",\"description\":\"\"},{\"img\":\"main\\/news\\/17.jpg\",\"description\":\"\"},{\"img\":\"main\\/news\\/18.jpg\",\"description\":\"\"},{\"img\":\"main\\/news\\/19.jpg\",\"description\":\"\"},{\"img\":\"main\\/news\\/20.jpg\",\"description\":\"\"}]',6,'Botble\\Gallery\\Models\\Gallery','2024-08-09 11:07:35','2024-08-09 11:07:35'),(7,'[{\"img\":\"main\\/news\\/1.jpg\",\"description\":\"\"},{\"img\":\"main\\/news\\/2.jpg\",\"description\":\"\"},{\"img\":\"main\\/news\\/3.jpg\",\"description\":\"\"},{\"img\":\"main\\/news\\/4.jpg\",\"description\":\"\"},{\"img\":\"main\\/news\\/5.jpg\",\"description\":\"\"},{\"img\":\"main\\/news\\/6.jpg\",\"description\":\"\"},{\"img\":\"main\\/news\\/7.jpg\",\"description\":\"\"},{\"img\":\"main\\/news\\/8.jpg\",\"description\":\"\"},{\"img\":\"main\\/news\\/9.jpg\",\"description\":\"\"},{\"img\":\"main\\/news\\/10.jpg\",\"description\":\"\"},{\"img\":\"main\\/news\\/11.jpg\",\"description\":\"\"},{\"img\":\"main\\/news\\/12.jpg\",\"description\":\"\"},{\"img\":\"main\\/news\\/13.jpg\",\"description\":\"\"},{\"img\":\"main\\/news\\/14.jpg\",\"description\":\"\"},{\"img\":\"main\\/news\\/15.jpg\",\"description\":\"\"},{\"img\":\"main\\/news\\/16.jpg\",\"description\":\"\"},{\"img\":\"main\\/news\\/17.jpg\",\"description\":\"\"},{\"img\":\"main\\/news\\/18.jpg\",\"description\":\"\"},{\"img\":\"main\\/news\\/19.jpg\",\"description\":\"\"},{\"img\":\"main\\/news\\/20.jpg\",\"description\":\"\"}]',7,'Botble\\Gallery\\Models\\Gallery','2024-08-09 11:07:35','2024-08-09 11:07:35'),(8,'[{\"img\":\"main\\/news\\/1.jpg\",\"description\":\"\"},{\"img\":\"main\\/news\\/2.jpg\",\"description\":\"\"},{\"img\":\"main\\/news\\/3.jpg\",\"description\":\"\"},{\"img\":\"main\\/news\\/4.jpg\",\"description\":\"\"},{\"img\":\"main\\/news\\/5.jpg\",\"description\":\"\"},{\"img\":\"main\\/news\\/6.jpg\",\"description\":\"\"},{\"img\":\"main\\/news\\/7.jpg\",\"description\":\"\"},{\"img\":\"main\\/news\\/8.jpg\",\"description\":\"\"},{\"img\":\"main\\/news\\/9.jpg\",\"description\":\"\"},{\"img\":\"main\\/news\\/10.jpg\",\"description\":\"\"},{\"img\":\"main\\/news\\/11.jpg\",\"description\":\"\"},{\"img\":\"main\\/news\\/12.jpg\",\"description\":\"\"},{\"img\":\"main\\/news\\/13.jpg\",\"description\":\"\"},{\"img\":\"main\\/news\\/14.jpg\",\"description\":\"\"},{\"img\":\"main\\/news\\/15.jpg\",\"description\":\"\"},{\"img\":\"main\\/news\\/16.jpg\",\"description\":\"\"},{\"img\":\"main\\/news\\/17.jpg\",\"description\":\"\"},{\"img\":\"main\\/news\\/18.jpg\",\"description\":\"\"},{\"img\":\"main\\/news\\/19.jpg\",\"description\":\"\"},{\"img\":\"main\\/news\\/20.jpg\",\"description\":\"\"}]',8,'Botble\\Gallery\\Models\\Gallery','2024-08-09 11:07:35','2024-08-09 11:07:35'),(9,'[{\"img\":\"main\\/news\\/1.jpg\",\"description\":\"\"},{\"img\":\"main\\/news\\/2.jpg\",\"description\":\"\"},{\"img\":\"main\\/news\\/3.jpg\",\"description\":\"\"},{\"img\":\"main\\/news\\/4.jpg\",\"description\":\"\"},{\"img\":\"main\\/news\\/5.jpg\",\"description\":\"\"},{\"img\":\"main\\/news\\/6.jpg\",\"description\":\"\"},{\"img\":\"main\\/news\\/7.jpg\",\"description\":\"\"},{\"img\":\"main\\/news\\/8.jpg\",\"description\":\"\"},{\"img\":\"main\\/news\\/9.jpg\",\"description\":\"\"},{\"img\":\"main\\/news\\/10.jpg\",\"description\":\"\"},{\"img\":\"main\\/news\\/11.jpg\",\"description\":\"\"},{\"img\":\"main\\/news\\/12.jpg\",\"description\":\"\"},{\"img\":\"main\\/news\\/13.jpg\",\"description\":\"\"},{\"img\":\"main\\/news\\/14.jpg\",\"description\":\"\"},{\"img\":\"main\\/news\\/15.jpg\",\"description\":\"\"},{\"img\":\"main\\/news\\/16.jpg\",\"description\":\"\"},{\"img\":\"main\\/news\\/17.jpg\",\"description\":\"\"},{\"img\":\"main\\/news\\/18.jpg\",\"description\":\"\"},{\"img\":\"main\\/news\\/19.jpg\",\"description\":\"\"},{\"img\":\"main\\/news\\/20.jpg\",\"description\":\"\"}]',9,'Botble\\Gallery\\Models\\Gallery','2024-08-09 11:07:35','2024-08-09 11:07:35'),(10,'[{\"img\":\"main\\/news\\/1.jpg\",\"description\":\"\"},{\"img\":\"main\\/news\\/2.jpg\",\"description\":\"\"},{\"img\":\"main\\/news\\/3.jpg\",\"description\":\"\"},{\"img\":\"main\\/news\\/4.jpg\",\"description\":\"\"},{\"img\":\"main\\/news\\/5.jpg\",\"description\":\"\"},{\"img\":\"main\\/news\\/6.jpg\",\"description\":\"\"},{\"img\":\"main\\/news\\/7.jpg\",\"description\":\"\"},{\"img\":\"main\\/news\\/8.jpg\",\"description\":\"\"},{\"img\":\"main\\/news\\/9.jpg\",\"description\":\"\"},{\"img\":\"main\\/news\\/10.jpg\",\"description\":\"\"},{\"img\":\"main\\/news\\/11.jpg\",\"description\":\"\"},{\"img\":\"main\\/news\\/12.jpg\",\"description\":\"\"},{\"img\":\"main\\/news\\/13.jpg\",\"description\":\"\"},{\"img\":\"main\\/news\\/14.jpg\",\"description\":\"\"},{\"img\":\"main\\/news\\/15.jpg\",\"description\":\"\"},{\"img\":\"main\\/news\\/16.jpg\",\"description\":\"\"},{\"img\":\"main\\/news\\/17.jpg\",\"description\":\"\"},{\"img\":\"main\\/news\\/18.jpg\",\"description\":\"\"},{\"img\":\"main\\/news\\/19.jpg\",\"description\":\"\"},{\"img\":\"main\\/news\\/20.jpg\",\"description\":\"\"}]',10,'Botble\\Gallery\\Models\\Gallery','2024-08-09 11:07:35','2024-08-09 11:07:35'),(11,'[{\"img\":\"main\\/news\\/1.jpg\",\"description\":\"\"},{\"img\":\"main\\/news\\/2.jpg\",\"description\":\"\"},{\"img\":\"main\\/news\\/3.jpg\",\"description\":\"\"},{\"img\":\"main\\/news\\/4.jpg\",\"description\":\"\"},{\"img\":\"main\\/news\\/5.jpg\",\"description\":\"\"},{\"img\":\"main\\/news\\/6.jpg\",\"description\":\"\"},{\"img\":\"main\\/news\\/7.jpg\",\"description\":\"\"},{\"img\":\"main\\/news\\/8.jpg\",\"description\":\"\"},{\"img\":\"main\\/news\\/9.jpg\",\"description\":\"\"},{\"img\":\"main\\/news\\/10.jpg\",\"description\":\"\"},{\"img\":\"main\\/news\\/11.jpg\",\"description\":\"\"},{\"img\":\"main\\/news\\/12.jpg\",\"description\":\"\"},{\"img\":\"main\\/news\\/13.jpg\",\"description\":\"\"},{\"img\":\"main\\/news\\/14.jpg\",\"description\":\"\"},{\"img\":\"main\\/news\\/15.jpg\",\"description\":\"\"},{\"img\":\"main\\/news\\/16.jpg\",\"description\":\"\"},{\"img\":\"main\\/news\\/17.jpg\",\"description\":\"\"},{\"img\":\"main\\/news\\/18.jpg\",\"description\":\"\"},{\"img\":\"main\\/news\\/19.jpg\",\"description\":\"\"},{\"img\":\"main\\/news\\/20.jpg\",\"description\":\"\"}]',11,'Botble\\Gallery\\Models\\Gallery','2024-08-09 11:07:35','2024-08-09 11:07:35'),(12,'[{\"img\":\"main\\/news\\/1.jpg\",\"description\":\"\"},{\"img\":\"main\\/news\\/2.jpg\",\"description\":\"\"},{\"img\":\"main\\/news\\/3.jpg\",\"description\":\"\"},{\"img\":\"main\\/news\\/4.jpg\",\"description\":\"\"},{\"img\":\"main\\/news\\/5.jpg\",\"description\":\"\"},{\"img\":\"main\\/news\\/6.jpg\",\"description\":\"\"},{\"img\":\"main\\/news\\/7.jpg\",\"description\":\"\"},{\"img\":\"main\\/news\\/8.jpg\",\"description\":\"\"},{\"img\":\"main\\/news\\/9.jpg\",\"description\":\"\"},{\"img\":\"main\\/news\\/10.jpg\",\"description\":\"\"},{\"img\":\"main\\/news\\/11.jpg\",\"description\":\"\"},{\"img\":\"main\\/news\\/12.jpg\",\"description\":\"\"},{\"img\":\"main\\/news\\/13.jpg\",\"description\":\"\"},{\"img\":\"main\\/news\\/14.jpg\",\"description\":\"\"},{\"img\":\"main\\/news\\/15.jpg\",\"description\":\"\"},{\"img\":\"main\\/news\\/16.jpg\",\"description\":\"\"},{\"img\":\"main\\/news\\/17.jpg\",\"description\":\"\"},{\"img\":\"main\\/news\\/18.jpg\",\"description\":\"\"},{\"img\":\"main\\/news\\/19.jpg\",\"description\":\"\"},{\"img\":\"main\\/news\\/20.jpg\",\"description\":\"\"}]',12,'Botble\\Gallery\\Models\\Gallery','2024-08-09 11:07:35','2024-08-09 11:07:35'),(13,'[{\"img\":\"main\\/news\\/1.jpg\",\"description\":\"\"},{\"img\":\"main\\/news\\/2.jpg\",\"description\":\"\"},{\"img\":\"main\\/news\\/3.jpg\",\"description\":\"\"},{\"img\":\"main\\/news\\/4.jpg\",\"description\":\"\"},{\"img\":\"main\\/news\\/5.jpg\",\"description\":\"\"},{\"img\":\"main\\/news\\/6.jpg\",\"description\":\"\"},{\"img\":\"main\\/news\\/7.jpg\",\"description\":\"\"},{\"img\":\"main\\/news\\/8.jpg\",\"description\":\"\"},{\"img\":\"main\\/news\\/9.jpg\",\"description\":\"\"},{\"img\":\"main\\/news\\/10.jpg\",\"description\":\"\"},{\"img\":\"main\\/news\\/11.jpg\",\"description\":\"\"},{\"img\":\"main\\/news\\/12.jpg\",\"description\":\"\"},{\"img\":\"main\\/news\\/13.jpg\",\"description\":\"\"},{\"img\":\"main\\/news\\/14.jpg\",\"description\":\"\"},{\"img\":\"main\\/news\\/15.jpg\",\"description\":\"\"},{\"img\":\"main\\/news\\/16.jpg\",\"description\":\"\"},{\"img\":\"main\\/news\\/17.jpg\",\"description\":\"\"},{\"img\":\"main\\/news\\/18.jpg\",\"description\":\"\"},{\"img\":\"main\\/news\\/19.jpg\",\"description\":\"\"},{\"img\":\"main\\/news\\/20.jpg\",\"description\":\"\"}]',13,'Botble\\Gallery\\Models\\Gallery','2024-08-09 11:07:35','2024-08-09 11:07:35'),(14,'[{\"img\":\"main\\/news\\/1.jpg\",\"description\":\"\"},{\"img\":\"main\\/news\\/2.jpg\",\"description\":\"\"},{\"img\":\"main\\/news\\/3.jpg\",\"description\":\"\"},{\"img\":\"main\\/news\\/4.jpg\",\"description\":\"\"},{\"img\":\"main\\/news\\/5.jpg\",\"description\":\"\"},{\"img\":\"main\\/news\\/6.jpg\",\"description\":\"\"},{\"img\":\"main\\/news\\/7.jpg\",\"description\":\"\"},{\"img\":\"main\\/news\\/8.jpg\",\"description\":\"\"},{\"img\":\"main\\/news\\/9.jpg\",\"description\":\"\"},{\"img\":\"main\\/news\\/10.jpg\",\"description\":\"\"},{\"img\":\"main\\/news\\/11.jpg\",\"description\":\"\"},{\"img\":\"main\\/news\\/12.jpg\",\"description\":\"\"},{\"img\":\"main\\/news\\/13.jpg\",\"description\":\"\"},{\"img\":\"main\\/news\\/14.jpg\",\"description\":\"\"},{\"img\":\"main\\/news\\/15.jpg\",\"description\":\"\"},{\"img\":\"main\\/news\\/16.jpg\",\"description\":\"\"},{\"img\":\"main\\/news\\/17.jpg\",\"description\":\"\"},{\"img\":\"main\\/news\\/18.jpg\",\"description\":\"\"},{\"img\":\"main\\/news\\/19.jpg\",\"description\":\"\"},{\"img\":\"main\\/news\\/20.jpg\",\"description\":\"\"}]',14,'Botble\\Gallery\\Models\\Gallery','2024-08-09 11:07:35','2024-08-09 11:07:35'),(15,'[{\"img\":\"main\\/news\\/1.jpg\",\"description\":\"\"},{\"img\":\"main\\/news\\/2.jpg\",\"description\":\"\"},{\"img\":\"main\\/news\\/3.jpg\",\"description\":\"\"},{\"img\":\"main\\/news\\/4.jpg\",\"description\":\"\"},{\"img\":\"main\\/news\\/5.jpg\",\"description\":\"\"},{\"img\":\"main\\/news\\/6.jpg\",\"description\":\"\"},{\"img\":\"main\\/news\\/7.jpg\",\"description\":\"\"},{\"img\":\"main\\/news\\/8.jpg\",\"description\":\"\"},{\"img\":\"main\\/news\\/9.jpg\",\"description\":\"\"},{\"img\":\"main\\/news\\/10.jpg\",\"description\":\"\"},{\"img\":\"main\\/news\\/11.jpg\",\"description\":\"\"},{\"img\":\"main\\/news\\/12.jpg\",\"description\":\"\"},{\"img\":\"main\\/news\\/13.jpg\",\"description\":\"\"},{\"img\":\"main\\/news\\/14.jpg\",\"description\":\"\"},{\"img\":\"main\\/news\\/15.jpg\",\"description\":\"\"},{\"img\":\"main\\/news\\/16.jpg\",\"description\":\"\"},{\"img\":\"main\\/news\\/17.jpg\",\"description\":\"\"},{\"img\":\"main\\/news\\/18.jpg\",\"description\":\"\"},{\"img\":\"main\\/news\\/19.jpg\",\"description\":\"\"},{\"img\":\"main\\/news\\/20.jpg\",\"description\":\"\"}]',15,'Botble\\Gallery\\Models\\Gallery','2024-08-09 11:07:35','2024-08-09 11:07:35'),(16,'[{\"img\":\"main\\/news\\/1.jpg\",\"description\":\"\"},{\"img\":\"main\\/news\\/2.jpg\",\"description\":\"\"},{\"img\":\"main\\/news\\/3.jpg\",\"description\":\"\"},{\"img\":\"main\\/news\\/4.jpg\",\"description\":\"\"},{\"img\":\"main\\/news\\/5.jpg\",\"description\":\"\"},{\"img\":\"main\\/news\\/6.jpg\",\"description\":\"\"},{\"img\":\"main\\/news\\/7.jpg\",\"description\":\"\"},{\"img\":\"main\\/news\\/8.jpg\",\"description\":\"\"},{\"img\":\"main\\/news\\/9.jpg\",\"description\":\"\"},{\"img\":\"main\\/news\\/10.jpg\",\"description\":\"\"},{\"img\":\"main\\/news\\/11.jpg\",\"description\":\"\"},{\"img\":\"main\\/news\\/12.jpg\",\"description\":\"\"},{\"img\":\"main\\/news\\/13.jpg\",\"description\":\"\"},{\"img\":\"main\\/news\\/14.jpg\",\"description\":\"\"},{\"img\":\"main\\/news\\/15.jpg\",\"description\":\"\"},{\"img\":\"main\\/news\\/16.jpg\",\"description\":\"\"},{\"img\":\"main\\/news\\/17.jpg\",\"description\":\"\"},{\"img\":\"main\\/news\\/18.jpg\",\"description\":\"\"},{\"img\":\"main\\/news\\/19.jpg\",\"description\":\"\"},{\"img\":\"main\\/news\\/20.jpg\",\"description\":\"\"}]',16,'Botble\\Gallery\\Models\\Gallery','2024-08-09 11:07:35','2024-08-09 11:07:35'),(17,'[{\"img\":\"main\\/news\\/1.jpg\",\"description\":\"\"},{\"img\":\"main\\/news\\/2.jpg\",\"description\":\"\"},{\"img\":\"main\\/news\\/3.jpg\",\"description\":\"\"},{\"img\":\"main\\/news\\/4.jpg\",\"description\":\"\"},{\"img\":\"main\\/news\\/5.jpg\",\"description\":\"\"},{\"img\":\"main\\/news\\/6.jpg\",\"description\":\"\"},{\"img\":\"main\\/news\\/7.jpg\",\"description\":\"\"},{\"img\":\"main\\/news\\/8.jpg\",\"description\":\"\"},{\"img\":\"main\\/news\\/9.jpg\",\"description\":\"\"},{\"img\":\"main\\/news\\/10.jpg\",\"description\":\"\"},{\"img\":\"main\\/news\\/11.jpg\",\"description\":\"\"},{\"img\":\"main\\/news\\/12.jpg\",\"description\":\"\"},{\"img\":\"main\\/news\\/13.jpg\",\"description\":\"\"},{\"img\":\"main\\/news\\/14.jpg\",\"description\":\"\"},{\"img\":\"main\\/news\\/15.jpg\",\"description\":\"\"},{\"img\":\"main\\/news\\/16.jpg\",\"description\":\"\"},{\"img\":\"main\\/news\\/17.jpg\",\"description\":\"\"},{\"img\":\"main\\/news\\/18.jpg\",\"description\":\"\"},{\"img\":\"main\\/news\\/19.jpg\",\"description\":\"\"},{\"img\":\"main\\/news\\/20.jpg\",\"description\":\"\"}]',17,'Botble\\Gallery\\Models\\Gallery','2024-08-09 11:07:35','2024-08-09 11:07:35'),(18,'[{\"img\":\"main\\/news\\/1.jpg\",\"description\":\"\"},{\"img\":\"main\\/news\\/2.jpg\",\"description\":\"\"},{\"img\":\"main\\/news\\/3.jpg\",\"description\":\"\"},{\"img\":\"main\\/news\\/4.jpg\",\"description\":\"\"},{\"img\":\"main\\/news\\/5.jpg\",\"description\":\"\"},{\"img\":\"main\\/news\\/6.jpg\",\"description\":\"\"},{\"img\":\"main\\/news\\/7.jpg\",\"description\":\"\"},{\"img\":\"main\\/news\\/8.jpg\",\"description\":\"\"},{\"img\":\"main\\/news\\/9.jpg\",\"description\":\"\"},{\"img\":\"main\\/news\\/10.jpg\",\"description\":\"\"},{\"img\":\"main\\/news\\/11.jpg\",\"description\":\"\"},{\"img\":\"main\\/news\\/12.jpg\",\"description\":\"\"},{\"img\":\"main\\/news\\/13.jpg\",\"description\":\"\"},{\"img\":\"main\\/news\\/14.jpg\",\"description\":\"\"},{\"img\":\"main\\/news\\/15.jpg\",\"description\":\"\"},{\"img\":\"main\\/news\\/16.jpg\",\"description\":\"\"},{\"img\":\"main\\/news\\/17.jpg\",\"description\":\"\"},{\"img\":\"main\\/news\\/18.jpg\",\"description\":\"\"},{\"img\":\"main\\/news\\/19.jpg\",\"description\":\"\"},{\"img\":\"main\\/news\\/20.jpg\",\"description\":\"\"}]',18,'Botble\\Gallery\\Models\\Gallery','2024-08-09 11:07:35','2024-08-09 11:07:35'),(19,'[{\"img\":\"main\\/news\\/1.jpg\",\"description\":\"\"},{\"img\":\"main\\/news\\/2.jpg\",\"description\":\"\"},{\"img\":\"main\\/news\\/3.jpg\",\"description\":\"\"},{\"img\":\"main\\/news\\/4.jpg\",\"description\":\"\"},{\"img\":\"main\\/news\\/5.jpg\",\"description\":\"\"},{\"img\":\"main\\/news\\/6.jpg\",\"description\":\"\"},{\"img\":\"main\\/news\\/7.jpg\",\"description\":\"\"},{\"img\":\"main\\/news\\/8.jpg\",\"description\":\"\"},{\"img\":\"main\\/news\\/9.jpg\",\"description\":\"\"},{\"img\":\"main\\/news\\/10.jpg\",\"description\":\"\"},{\"img\":\"main\\/news\\/11.jpg\",\"description\":\"\"},{\"img\":\"main\\/news\\/12.jpg\",\"description\":\"\"},{\"img\":\"main\\/news\\/13.jpg\",\"description\":\"\"},{\"img\":\"main\\/news\\/14.jpg\",\"description\":\"\"},{\"img\":\"main\\/news\\/15.jpg\",\"description\":\"\"},{\"img\":\"main\\/news\\/16.jpg\",\"description\":\"\"},{\"img\":\"main\\/news\\/17.jpg\",\"description\":\"\"},{\"img\":\"main\\/news\\/18.jpg\",\"description\":\"\"},{\"img\":\"main\\/news\\/19.jpg\",\"description\":\"\"},{\"img\":\"main\\/news\\/20.jpg\",\"description\":\"\"}]',19,'Botble\\Gallery\\Models\\Gallery','2024-08-09 11:07:35','2024-08-09 11:07:35'),(20,'[{\"img\":\"main\\/news\\/1.jpg\",\"description\":\"\"},{\"img\":\"main\\/news\\/2.jpg\",\"description\":\"\"},{\"img\":\"main\\/news\\/3.jpg\",\"description\":\"\"},{\"img\":\"main\\/news\\/4.jpg\",\"description\":\"\"},{\"img\":\"main\\/news\\/5.jpg\",\"description\":\"\"},{\"img\":\"main\\/news\\/6.jpg\",\"description\":\"\"},{\"img\":\"main\\/news\\/7.jpg\",\"description\":\"\"},{\"img\":\"main\\/news\\/8.jpg\",\"description\":\"\"},{\"img\":\"main\\/news\\/9.jpg\",\"description\":\"\"},{\"img\":\"main\\/news\\/10.jpg\",\"description\":\"\"},{\"img\":\"main\\/news\\/11.jpg\",\"description\":\"\"},{\"img\":\"main\\/news\\/12.jpg\",\"description\":\"\"},{\"img\":\"main\\/news\\/13.jpg\",\"description\":\"\"},{\"img\":\"main\\/news\\/14.jpg\",\"description\":\"\"},{\"img\":\"main\\/news\\/15.jpg\",\"description\":\"\"},{\"img\":\"main\\/news\\/16.jpg\",\"description\":\"\"},{\"img\":\"main\\/news\\/17.jpg\",\"description\":\"\"},{\"img\":\"main\\/news\\/18.jpg\",\"description\":\"\"},{\"img\":\"main\\/news\\/19.jpg\",\"description\":\"\"},{\"img\":\"main\\/news\\/20.jpg\",\"description\":\"\"}]',20,'Botble\\Gallery\\Models\\Gallery','2024-08-09 11:07:35','2024-08-09 11:07:35');
/*!40000 ALTER TABLE `gallery_meta` ENABLE KEYS */;
UNLOCK TABLES;

--
-- Table structure for table `gallery_meta_translations`
--

DROP TABLE IF EXISTS `gallery_meta_translations`;
/*!40101 SET @saved_cs_client     = @@character_set_client */;
/*!50503 SET character_set_client = utf8mb4 */;
CREATE TABLE `gallery_meta_translations` (
  `lang_code` varchar(20) COLLATE utf8mb4_unicode_ci NOT NULL,
  `gallery_meta_id` bigint unsigned NOT NULL,
  `images` text COLLATE utf8mb4_unicode_ci,
  PRIMARY KEY (`lang_code`,`gallery_meta_id`)
) ENGINE=InnoDB DEFAULT CHARSET=utf8mb4 COLLATE=utf8mb4_unicode_ci;
/*!40101 SET character_set_client = @saved_cs_client */;

--
-- Dumping data for table `gallery_meta_translations`
--

LOCK TABLES `gallery_meta_translations` WRITE;
/*!40000 ALTER TABLE `gallery_meta_translations` DISABLE KEYS */;
/*!40000 ALTER TABLE `gallery_meta_translations` ENABLE KEYS */;
UNLOCK TABLES;

--
-- Table structure for table `jobs`
--

DROP TABLE IF EXISTS `jobs`;
/*!40101 SET @saved_cs_client     = @@character_set_client */;
/*!50503 SET character_set_client = utf8mb4 */;
CREATE TABLE `jobs` (
  `id` bigint unsigned NOT NULL AUTO_INCREMENT,
  `queue` varchar(191) COLLATE utf8mb4_unicode_ci NOT NULL,
  `payload` longtext COLLATE utf8mb4_unicode_ci NOT NULL,
  `attempts` tinyint unsigned NOT NULL,
  `reserved_at` int unsigned DEFAULT NULL,
  `available_at` int unsigned NOT NULL,
  `created_at` int unsigned NOT NULL,
  PRIMARY KEY (`id`),
  KEY `jobs_queue_index` (`queue`)
) ENGINE=InnoDB DEFAULT CHARSET=utf8mb4 COLLATE=utf8mb4_unicode_ci;
/*!40101 SET character_set_client = @saved_cs_client */;

--
-- Dumping data for table `jobs`
--

LOCK TABLES `jobs` WRITE;
/*!40000 ALTER TABLE `jobs` DISABLE KEYS */;
/*!40000 ALTER TABLE `jobs` ENABLE KEYS */;
UNLOCK TABLES;

--
-- Table structure for table `language_meta`
--

DROP TABLE IF EXISTS `language_meta`;
/*!40101 SET @saved_cs_client     = @@character_set_client */;
/*!50503 SET character_set_client = utf8mb4 */;
CREATE TABLE `language_meta` (
  `lang_meta_id` bigint unsigned NOT NULL AUTO_INCREMENT,
  `lang_meta_code` varchar(20) COLLATE utf8mb4_unicode_ci DEFAULT NULL,
  `lang_meta_origin` varchar(32) COLLATE utf8mb4_unicode_ci NOT NULL,
  `reference_id` bigint unsigned NOT NULL,
  `reference_type` varchar(120) COLLATE utf8mb4_unicode_ci NOT NULL,
  PRIMARY KEY (`lang_meta_id`),
  KEY `language_meta_reference_id_index` (`reference_id`),
  KEY `meta_code_index` (`lang_meta_code`),
  KEY `meta_origin_index` (`lang_meta_origin`),
  KEY `meta_reference_type_index` (`reference_type`)
) ENGINE=InnoDB AUTO_INCREMENT=3 DEFAULT CHARSET=utf8mb4 COLLATE=utf8mb4_unicode_ci;
/*!40101 SET character_set_client = @saved_cs_client */;

--
-- Dumping data for table `language_meta`
--

LOCK TABLES `language_meta` WRITE;
/*!40000 ALTER TABLE `language_meta` DISABLE KEYS */;
INSERT INTO `language_meta` VALUES (1,'en_US','88b2e42e1ddc7698f5b620ced091ecd9',1,'Botble\\Menu\\Models\\MenuLocation'),(2,'en_US','06934f6067e29af188278e8e48ba0eb2',1,'Botble\\Menu\\Models\\Menu');
/*!40000 ALTER TABLE `language_meta` ENABLE KEYS */;
UNLOCK TABLES;

--
-- Table structure for table `languages`
--

DROP TABLE IF EXISTS `languages`;
/*!40101 SET @saved_cs_client     = @@character_set_client */;
/*!50503 SET character_set_client = utf8mb4 */;
CREATE TABLE `languages` (
  `lang_id` bigint unsigned NOT NULL AUTO_INCREMENT,
  `lang_name` varchar(120) COLLATE utf8mb4_unicode_ci NOT NULL,
  `lang_locale` varchar(20) COLLATE utf8mb4_unicode_ci NOT NULL,
  `lang_code` varchar(20) COLLATE utf8mb4_unicode_ci NOT NULL,
  `lang_flag` varchar(20) COLLATE utf8mb4_unicode_ci DEFAULT NULL,
  `lang_is_default` tinyint unsigned NOT NULL DEFAULT '0',
  `lang_order` int NOT NULL DEFAULT '0',
  `lang_is_rtl` tinyint unsigned NOT NULL DEFAULT '0',
  PRIMARY KEY (`lang_id`),
  KEY `lang_locale_index` (`lang_locale`),
  KEY `lang_code_index` (`lang_code`),
  KEY `lang_is_default_index` (`lang_is_default`)
) ENGINE=InnoDB AUTO_INCREMENT=2 DEFAULT CHARSET=utf8mb4 COLLATE=utf8mb4_unicode_ci;
/*!40101 SET character_set_client = @saved_cs_client */;

--
-- Dumping data for table `languages`
--

LOCK TABLES `languages` WRITE;
/*!40000 ALTER TABLE `languages` DISABLE KEYS */;
INSERT INTO `languages` VALUES (1,'English','en','en_US','us',1,0,0);
/*!40000 ALTER TABLE `languages` ENABLE KEYS */;
UNLOCK TABLES;

--
-- Table structure for table `media_files`
--

DROP TABLE IF EXISTS `media_files`;
/*!40101 SET @saved_cs_client     = @@character_set_client */;
/*!50503 SET character_set_client = utf8mb4 */;
CREATE TABLE `media_files` (
  `id` bigint unsigned NOT NULL AUTO_INCREMENT,
  `user_id` bigint unsigned NOT NULL,
  `name` varchar(191) COLLATE utf8mb4_unicode_ci NOT NULL,
  `alt` varchar(191) COLLATE utf8mb4_unicode_ci DEFAULT NULL,
  `folder_id` bigint unsigned NOT NULL DEFAULT '0',
  `mime_type` varchar(120) COLLATE utf8mb4_unicode_ci NOT NULL,
  `size` int NOT NULL,
  `url` varchar(191) COLLATE utf8mb4_unicode_ci NOT NULL,
  `options` text COLLATE utf8mb4_unicode_ci,
  `created_at` timestamp NULL DEFAULT NULL,
  `updated_at` timestamp NULL DEFAULT NULL,
  `deleted_at` timestamp NULL DEFAULT NULL,
  `visibility` varchar(191) COLLATE utf8mb4_unicode_ci NOT NULL DEFAULT 'public',
  PRIMARY KEY (`id`),
  KEY `media_files_user_id_index` (`user_id`),
  KEY `media_files_index` (`folder_id`,`user_id`,`created_at`)
) ENGINE=InnoDB AUTO_INCREMENT=95 DEFAULT CHARSET=utf8mb4 COLLATE=utf8mb4_unicode_ci;
/*!40101 SET character_set_client = @saved_cs_client */;

--
-- Dumping data for table `media_files`
--

LOCK TABLES `media_files` WRITE;
/*!40000 ALTER TABLE `media_files` DISABLE KEYS */;
INSERT INTO `media_files` VALUES (1,0,'about-1','about-1',2,'image/png',8467,'main/general/about-1.png','[]','2024-08-09 11:07:06','2024-08-09 11:07:06',NULL,'public'),(2,0,'about-2','about-2',2,'image/png',8467,'main/general/about-2.png','[]','2024-08-09 11:07:06','2024-08-09 11:07:06',NULL,'public'),(3,0,'about-video-1','about-video-1',2,'image/png',20777,'main/general/about-video-1.png','[]','2024-08-09 11:07:06','2024-08-09 11:07:06',NULL,'public'),(4,0,'ads-banner','ads-banner',2,'image/png',75705,'main/general/ads-banner.png','[]','2024-08-09 11:07:06','2024-08-09 11:07:06',NULL,'public'),(5,0,'app-downloads','app-downloads',2,'image/png',7092,'main/general/app-downloads.png','[]','2024-08-09 11:07:07','2024-08-09 11:07:07',NULL,'public'),(6,0,'blog-3','blog-3',2,'image/png',5919,'main/general/blog-3.png','[]','2024-08-09 11:07:07','2024-08-09 11:07:07',NULL,'public'),(7,0,'blog-4','blog-4',2,'image/png',5919,'main/general/blog-4.png','[]','2024-08-09 11:07:07','2024-08-09 11:07:07',NULL,'public'),(8,0,'blog-5','blog-5',2,'image/png',8614,'main/general/blog-5.png','[]','2024-08-09 11:07:07','2024-08-09 11:07:07',NULL,'public'),(9,0,'blog-shape-image','blog-shape-image',2,'image/png',1182,'main/general/blog-shape-image.png','[]','2024-08-09 11:07:07','2024-08-09 11:07:07',NULL,'public'),(10,0,'favicon','favicon',2,'image/png',693,'main/general/favicon.png','[]','2024-08-09 11:07:07','2024-08-09 11:07:07',NULL,'public'),(11,0,'logo-dark','logo-dark',2,'image/png',2098,'main/general/logo-dark.png','[]','2024-08-09 11:07:08','2024-08-09 11:07:08',NULL,'public'),(12,0,'logo','logo',2,'image/png',2593,'main/general/logo.png','[]','2024-08-09 11:07:08','2024-08-09 11:07:08',NULL,'public'),(13,0,'newsletter-image','newsletter-image',2,'image/png',22929,'main/general/newsletter-image.png','[]','2024-08-09 11:07:08','2024-08-09 11:07:08',NULL,'public'),(14,0,'newsletter-popup','newsletter-popup',2,'image/png',24175,'main/general/newsletter-popup.png','[]','2024-08-09 11:07:08','2024-08-09 11:07:08',NULL,'public'),(15,0,'signature','signature',2,'image/png',2197,'main/general/signature.png','[]','2024-08-09 11:07:08','2024-08-09 11:07:08',NULL,'public'),(16,0,'1','1',3,'image/png',9803,'main/members/1.png','[]','2024-08-09 11:07:09','2024-08-09 11:07:09',NULL,'public'),(17,0,'2','2',3,'image/png',9803,'main/members/2.png','[]','2024-08-09 11:07:09','2024-08-09 11:07:09',NULL,'public'),(18,0,'3','3',3,'image/png',9803,'main/members/3.png','[]','2024-08-09 11:07:10','2024-08-09 11:07:10',NULL,'public'),(19,0,'4','4',3,'image/png',9803,'main/members/4.png','[]','2024-08-09 11:07:10','2024-08-09 11:07:10',NULL,'public'),(20,0,'5','5',3,'image/png',9803,'main/members/5.png','[]','2024-08-09 11:07:10','2024-08-09 11:07:10',NULL,'public'),(21,0,'6','6',3,'image/png',9803,'main/members/6.png','[]','2024-08-09 11:07:10','2024-08-09 11:07:10',NULL,'public'),(22,0,'7','7',3,'image/png',9803,'main/members/7.png','[]','2024-08-09 11:07:11','2024-08-09 11:07:11',NULL,'public'),(23,0,'8','8',3,'image/png',9803,'main/members/8.png','[]','2024-08-09 11:07:11','2024-08-09 11:07:11',NULL,'public'),(24,0,'1','1',4,'image/jpeg',33268,'main/news/1.jpg','[]','2024-08-09 11:07:14','2024-08-09 11:07:14',NULL,'public'),(25,0,'10','10',4,'image/jpeg',33268,'main/news/10.jpg','[]','2024-08-09 11:07:14','2024-08-09 11:07:14',NULL,'public'),(26,0,'11','11',4,'image/jpeg',33268,'main/news/11.jpg','[]','2024-08-09 11:07:14','2024-08-09 11:07:14',NULL,'public'),(27,0,'12','12',4,'image/jpeg',33268,'main/news/12.jpg','[]','2024-08-09 11:07:15','2024-08-09 11:07:15',NULL,'public'),(28,0,'13','13',4,'image/jpeg',33268,'main/news/13.jpg','[]','2024-08-09 11:07:15','2024-08-09 11:07:15',NULL,'public'),(29,0,'14','14',4,'image/jpeg',33268,'main/news/14.jpg','[]','2024-08-09 11:07:16','2024-08-09 11:07:16',NULL,'public'),(30,0,'15','15',4,'image/jpeg',33268,'main/news/15.jpg','[]','2024-08-09 11:07:16','2024-08-09 11:07:16',NULL,'public'),(31,0,'16','16',4,'image/jpeg',33268,'main/news/16.jpg','[]','2024-08-09 11:07:17','2024-08-09 11:07:17',NULL,'public'),(32,0,'17','17',4,'image/jpeg',33268,'main/news/17.jpg','[]','2024-08-09 11:07:17','2024-08-09 11:07:17',NULL,'public'),(33,0,'18','18',4,'image/jpeg',33268,'main/news/18.jpg','[]','2024-08-09 11:07:18','2024-08-09 11:07:18',NULL,'public'),(34,0,'19','19',4,'image/jpeg',33268,'main/news/19.jpg','[]','2024-08-09 11:07:18','2024-08-09 11:07:18',NULL,'public'),(35,0,'2','2',4,'image/jpeg',33268,'main/news/2.jpg','[]','2024-08-09 11:07:18','2024-08-09 11:07:18',NULL,'public'),(36,0,'20','20',4,'image/jpeg',33268,'main/news/20.jpg','[]','2024-08-09 11:07:19','2024-08-09 11:07:19',NULL,'public'),(37,0,'3','3',4,'image/jpeg',33268,'main/news/3.jpg','[]','2024-08-09 11:07:19','2024-08-09 11:07:19',NULL,'public'),(38,0,'4','4',4,'image/jpeg',33268,'main/news/4.jpg','[]','2024-08-09 11:07:20','2024-08-09 11:07:20',NULL,'public'),(39,0,'5','5',4,'image/jpeg',33268,'main/news/5.jpg','[]','2024-08-09 11:07:20','2024-08-09 11:07:20',NULL,'public'),(40,0,'6','6',4,'image/jpeg',33268,'main/news/6.jpg','[]','2024-08-09 11:07:21','2024-08-09 11:07:21',NULL,'public'),(41,0,'7','7',4,'image/jpeg',33268,'main/news/7.jpg','[]','2024-08-09 11:07:21','2024-08-09 11:07:21',NULL,'public'),(42,0,'8','8',4,'image/jpeg',33268,'main/news/8.jpg','[]','2024-08-09 11:07:21','2024-08-09 11:07:21',NULL,'public'),(43,0,'9','9',4,'image/jpeg',33268,'main/news/9.jpg','[]','2024-08-09 11:07:22','2024-08-09 11:07:22',NULL,'public'),(44,0,'audio','audio',5,'audio/mpeg',239584,'main/audio/audio.mp3','[]','2024-08-09 11:07:22','2024-08-09 11:07:22',NULL,'public'),(53,0,'1','1',8,'image/jpeg',33268,'technology/news/1.jpg','[]','2024-08-09 11:07:26','2024-08-09 11:07:26',NULL,'public'),(54,0,'10','10',8,'image/jpeg',33268,'technology/news/10.jpg','[]','2024-08-09 11:07:26','2024-08-09 11:07:26',NULL,'public'),(55,0,'11','11',8,'image/jpeg',33268,'technology/news/11.jpg','[]','2024-08-09 11:07:27','2024-08-09 11:07:27',NULL,'public'),(56,0,'12','12',8,'image/jpeg',33268,'technology/news/12.jpg','[]','2024-08-09 11:07:27','2024-08-09 11:07:27',NULL,'public'),(57,0,'13','13',8,'image/jpeg',33268,'technology/news/13.jpg','[]','2024-08-09 11:07:28','2024-08-09 11:07:28',NULL,'public'),(58,0,'14','14',8,'image/jpeg',33268,'technology/news/14.jpg','[]','2024-08-09 11:07:28','2024-08-09 11:07:28',NULL,'public'),(59,0,'15','15',8,'image/jpeg',33268,'technology/news/15.jpg','[]','2024-08-09 11:07:28','2024-08-09 11:07:28',NULL,'public'),(60,0,'16','16',8,'image/jpeg',33268,'technology/news/16.jpg','[]','2024-08-09 11:07:29','2024-08-09 11:07:29',NULL,'public'),(61,0,'17','17',8,'image/jpeg',33268,'technology/news/17.jpg','[]','2024-08-09 11:07:29','2024-08-09 11:07:29',NULL,'public'),(62,0,'18','18',8,'image/jpeg',33268,'technology/news/18.jpg','[]','2024-08-09 11:07:30','2024-08-09 11:07:30',NULL,'public'),(63,0,'19','19',8,'image/jpeg',33268,'technology/news/19.jpg','[]','2024-08-09 11:07:30','2024-08-09 11:07:30',NULL,'public'),(64,0,'2','2',8,'image/jpeg',33268,'technology/news/2.jpg','[]','2024-08-09 11:07:31','2024-08-09 11:07:31',NULL,'public'),(65,0,'20','20',8,'image/jpeg',33268,'technology/news/20.jpg','[]','2024-08-09 11:07:31','2024-08-09 11:07:31',NULL,'public'),(66,0,'3','3',8,'image/jpeg',33268,'technology/news/3.jpg','[]','2024-08-09 11:07:31','2024-08-09 11:07:31',NULL,'public'),(67,0,'4','4',8,'image/jpeg',33268,'technology/news/4.jpg','[]','2024-08-09 11:07:32','2024-08-09 11:07:32',NULL,'public'),(68,0,'5','5',8,'image/jpeg',33268,'technology/news/5.jpg','[]','2024-08-09 11:07:32','2024-08-09 11:07:32',NULL,'public'),(69,0,'6','6',8,'image/jpeg',33268,'technology/news/6.jpg','[]','2024-08-09 11:07:33','2024-08-09 11:07:33',NULL,'public'),(70,0,'7','7',8,'image/jpeg',33268,'technology/news/7.jpg','[]','2024-08-09 11:07:33','2024-08-09 11:07:33',NULL,'public'),(71,0,'8','8',8,'image/jpeg',33268,'technology/news/8.jpg','[]','2024-08-09 11:07:33','2024-08-09 11:07:33',NULL,'public'),(72,0,'9','9',8,'image/jpeg',33268,'technology/news/9.jpg','[]','2024-08-09 11:07:34','2024-08-09 11:07:34',NULL,'public'),(73,0,'feature-bg-shape','feature-bg-shape',9,'image/png',125619,'technology/backgrounds/feature-bg-shape.png','[]','2024-08-09 11:07:35','2024-08-09 11:07:35',NULL,'public'),(74,0,'hero-background','hero-background',9,'image/png',293364,'technology/backgrounds/hero-background.png','[]','2024-08-09 11:07:35','2024-08-09 11:07:35',NULL,'public'),(75,0,'video-bg','video-bg',9,'image/png',24450,'technology/backgrounds/video-bg.png','[]','2024-08-09 11:07:36','2024-08-09 11:07:36',NULL,'public'),(76,0,'1','1',10,'image/png',2809,'technology/banner/1.png','[]','2024-08-09 11:07:36','2024-08-09 11:07:36',NULL,'public'),(77,0,'1','1',7,'image/jpeg',33268,'technology/blog-categories/1.jpg','[]','2024-08-09 11:07:36','2024-08-09 11:07:36',NULL,'public'),(78,0,'2','2',7,'image/jpeg',33268,'technology/blog-categories/2.jpg','[]','2024-08-09 11:07:37','2024-08-09 11:07:37',NULL,'public'),(79,0,'3','3',7,'image/jpeg',33268,'technology/blog-categories/3.jpg','[]','2024-08-09 11:07:37','2024-08-09 11:07:37',NULL,'public'),(80,0,'4','4',7,'image/jpeg',33268,'technology/blog-categories/4.jpg','[]','2024-08-09 11:07:38','2024-08-09 11:07:38',NULL,'public'),(81,0,'5','5',7,'image/jpeg',33268,'technology/blog-categories/5.jpg','[]','2024-08-09 11:07:38','2024-08-09 11:07:38',NULL,'public'),(82,0,'6','6',7,'image/jpeg',33268,'technology/blog-categories/6.jpg','[]','2024-08-09 11:07:39','2024-08-09 11:07:39',NULL,'public'),(83,0,'7','7',7,'image/jpeg',33268,'technology/blog-categories/7.jpg','[]','2024-08-09 11:07:39','2024-08-09 11:07:39',NULL,'public'),(84,0,'8','8',7,'image/jpeg',33268,'technology/blog-categories/8.jpg','[]','2024-08-09 11:07:40','2024-08-09 11:07:40',NULL,'public'),(85,0,'favicon','favicon',11,'image/png',1943,'technology/general/favicon.png','[]','2024-08-09 11:07:40','2024-08-09 11:07:40',NULL,'public'),(86,0,'logo','logo',11,'image/png',2036,'technology/general/logo.png','[]','2024-08-09 11:07:40','2024-08-09 11:07:40',NULL,'public'),(87,0,'breadcrumb','breadcrumb',12,'image/png',109184,'main/backgrounds/breadcrumb.png','[]','2024-08-09 11:07:40','2024-08-09 11:07:40',NULL,'public'),(88,0,'newsletter-bg','newsletter-bg',12,'image/png',15427,'main/backgrounds/newsletter-bg.png','[]','2024-08-09 11:07:41','2024-08-09 11:07:41',NULL,'public'),(89,0,'1','1',13,'image/png',1455,'main/blog-categories/1.png','[]','2024-08-09 11:07:41','2024-08-09 11:07:41',NULL,'public'),(90,0,'2','2',13,'image/png',1455,'main/blog-categories/2.png','[]','2024-08-09 11:07:41','2024-08-09 11:07:41',NULL,'public'),(91,0,'3','3',13,'image/png',1455,'main/blog-categories/3.png','[]','2024-08-09 11:07:41','2024-08-09 11:07:41',NULL,'public'),(92,0,'4','4',13,'image/png',1455,'main/blog-categories/4.png','[]','2024-08-09 11:07:41','2024-08-09 11:07:41',NULL,'public'),(93,0,'5','5',13,'image/png',1455,'main/blog-categories/5.png','[]','2024-08-09 11:07:42','2024-08-09 11:07:42',NULL,'public'),(94,0,'breaking-news-icon','breaking-news-icon',14,'image/png',1133,'main/icons/breaking-news-icon.png','[]','2024-08-09 11:07:42','2024-08-09 11:07:42',NULL,'public');
/*!40000 ALTER TABLE `media_files` ENABLE KEYS */;
UNLOCK TABLES;

--
-- Table structure for table `media_folders`
--

DROP TABLE IF EXISTS `media_folders`;
/*!40101 SET @saved_cs_client     = @@character_set_client */;
/*!50503 SET character_set_client = utf8mb4 */;
CREATE TABLE `media_folders` (
  `id` bigint unsigned NOT NULL AUTO_INCREMENT,
  `user_id` bigint unsigned NOT NULL,
  `name` varchar(191) COLLATE utf8mb4_unicode_ci DEFAULT NULL,
  `color` varchar(191) COLLATE utf8mb4_unicode_ci DEFAULT NULL,
  `slug` varchar(191) COLLATE utf8mb4_unicode_ci DEFAULT NULL,
  `parent_id` bigint unsigned NOT NULL DEFAULT '0',
  `created_at` timestamp NULL DEFAULT NULL,
  `updated_at` timestamp NULL DEFAULT NULL,
  `deleted_at` timestamp NULL DEFAULT NULL,
  PRIMARY KEY (`id`),
  KEY `media_folders_user_id_index` (`user_id`),
  KEY `media_folders_index` (`parent_id`,`user_id`,`created_at`)
) ENGINE=InnoDB AUTO_INCREMENT=15 DEFAULT CHARSET=utf8mb4 COLLATE=utf8mb4_unicode_ci;
/*!40101 SET character_set_client = @saved_cs_client */;

--
-- Dumping data for table `media_folders`
--

LOCK TABLES `media_folders` WRITE;
/*!40000 ALTER TABLE `media_folders` DISABLE KEYS */;
INSERT INTO `media_folders` VALUES (1,0,'main',NULL,'main',0,'2024-08-09 11:07:06','2024-08-09 11:07:06',NULL),(2,0,'general',NULL,'general',1,'2024-08-09 11:07:06','2024-08-09 11:07:06',NULL),(3,0,'members',NULL,'members',1,'2024-08-09 11:07:09','2024-08-09 11:07:09',NULL),(4,0,'news',NULL,'news',1,'2024-08-09 11:07:13','2024-08-09 11:07:13',NULL),(5,0,'audio',NULL,'audio',1,'2024-08-09 11:07:22','2024-08-09 11:07:22',NULL),(6,0,'technology',NULL,'technology',0,'2024-08-09 11:07:22','2024-08-09 11:07:22',NULL),(7,0,'blog-categories',NULL,'blog-categories',6,'2024-08-09 11:07:22','2024-08-09 11:07:22',NULL),(8,0,'news',NULL,'news',6,'2024-08-09 11:07:26','2024-08-09 11:07:26',NULL),(9,0,'backgrounds',NULL,'backgrounds',6,'2024-08-09 11:07:35','2024-08-09 11:07:35',NULL),(10,0,'banner',NULL,'banner',6,'2024-08-09 11:07:36','2024-08-09 11:07:36',NULL),(11,0,'general',NULL,'general',6,'2024-08-09 11:07:40','2024-08-09 11:07:40',NULL),(12,0,'backgrounds',NULL,'backgrounds',1,'2024-08-09 11:07:40','2024-08-09 11:07:40',NULL),(13,0,'blog-categories',NULL,'blog-categories',1,'2024-08-09 11:07:41','2024-08-09 11:07:41',NULL),(14,0,'icons',NULL,'icons',1,'2024-08-09 11:07:42','2024-08-09 11:07:42',NULL);
/*!40000 ALTER TABLE `media_folders` ENABLE KEYS */;
UNLOCK TABLES;

--
-- Table structure for table `media_settings`
--

DROP TABLE IF EXISTS `media_settings`;
/*!40101 SET @saved_cs_client     = @@character_set_client */;
/*!50503 SET character_set_client = utf8mb4 */;
CREATE TABLE `media_settings` (
  `id` bigint unsigned NOT NULL AUTO_INCREMENT,
  `key` varchar(120) COLLATE utf8mb4_unicode_ci NOT NULL,
  `value` text COLLATE utf8mb4_unicode_ci,
  `media_id` bigint unsigned DEFAULT NULL,
  `user_id` bigint unsigned DEFAULT NULL,
  `created_at` timestamp NULL DEFAULT NULL,
  `updated_at` timestamp NULL DEFAULT NULL,
  PRIMARY KEY (`id`)
) ENGINE=InnoDB DEFAULT CHARSET=utf8mb4 COLLATE=utf8mb4_unicode_ci;
/*!40101 SET character_set_client = @saved_cs_client */;

--
-- Dumping data for table `media_settings`
--

LOCK TABLES `media_settings` WRITE;
/*!40000 ALTER TABLE `media_settings` DISABLE KEYS */;
/*!40000 ALTER TABLE `media_settings` ENABLE KEYS */;
UNLOCK TABLES;

--
-- Table structure for table `member_activity_logs`
--

DROP TABLE IF EXISTS `member_activity_logs`;
/*!40101 SET @saved_cs_client     = @@character_set_client */;
/*!50503 SET character_set_client = utf8mb4 */;
CREATE TABLE `member_activity_logs` (
  `id` bigint unsigned NOT NULL AUTO_INCREMENT,
  `action` varchar(120) COLLATE utf8mb4_unicode_ci NOT NULL,
  `user_agent` text COLLATE utf8mb4_unicode_ci,
  `reference_url` varchar(191) COLLATE utf8mb4_unicode_ci DEFAULT NULL,
  `reference_name` varchar(191) COLLATE utf8mb4_unicode_ci DEFAULT NULL,
  `ip_address` varchar(45) COLLATE utf8mb4_unicode_ci DEFAULT NULL,
  `member_id` bigint unsigned NOT NULL,
  `created_at` timestamp NULL DEFAULT NULL,
  `updated_at` timestamp NULL DEFAULT NULL,
  PRIMARY KEY (`id`),
  KEY `member_activity_logs_member_id_index` (`member_id`)
) ENGINE=InnoDB DEFAULT CHARSET=utf8mb4 COLLATE=utf8mb4_unicode_ci;
/*!40101 SET character_set_client = @saved_cs_client */;

--
-- Dumping data for table `member_activity_logs`
--

LOCK TABLES `member_activity_logs` WRITE;
/*!40000 ALTER TABLE `member_activity_logs` DISABLE KEYS */;
/*!40000 ALTER TABLE `member_activity_logs` ENABLE KEYS */;
UNLOCK TABLES;

--
-- Table structure for table `member_password_resets`
--

DROP TABLE IF EXISTS `member_password_resets`;
/*!40101 SET @saved_cs_client     = @@character_set_client */;
/*!50503 SET character_set_client = utf8mb4 */;
CREATE TABLE `member_password_resets` (
  `email` varchar(191) COLLATE utf8mb4_unicode_ci NOT NULL,
  `token` varchar(191) COLLATE utf8mb4_unicode_ci NOT NULL,
  `created_at` timestamp NULL DEFAULT NULL,
  KEY `member_password_resets_email_index` (`email`),
  KEY `member_password_resets_token_index` (`token`)
) ENGINE=InnoDB DEFAULT CHARSET=utf8mb4 COLLATE=utf8mb4_unicode_ci;
/*!40101 SET character_set_client = @saved_cs_client */;

--
-- Dumping data for table `member_password_resets`
--

LOCK TABLES `member_password_resets` WRITE;
/*!40000 ALTER TABLE `member_password_resets` DISABLE KEYS */;
/*!40000 ALTER TABLE `member_password_resets` ENABLE KEYS */;
UNLOCK TABLES;

--
-- Table structure for table `members`
--

DROP TABLE IF EXISTS `members`;
/*!40101 SET @saved_cs_client     = @@character_set_client */;
/*!50503 SET character_set_client = utf8mb4 */;
CREATE TABLE `members` (
  `id` bigint unsigned NOT NULL AUTO_INCREMENT,
  `first_name` varchar(120) COLLATE utf8mb4_unicode_ci NOT NULL,
  `last_name` varchar(120) COLLATE utf8mb4_unicode_ci NOT NULL,
  `description` text COLLATE utf8mb4_unicode_ci,
  `gender` varchar(20) COLLATE utf8mb4_unicode_ci DEFAULT NULL,
  `email` varchar(191) COLLATE utf8mb4_unicode_ci NOT NULL,
  `password` varchar(191) COLLATE utf8mb4_unicode_ci NOT NULL,
  `avatar_id` bigint unsigned DEFAULT NULL,
  `dob` date DEFAULT NULL,
  `phone` varchar(25) COLLATE utf8mb4_unicode_ci DEFAULT NULL,
  `confirmed_at` datetime DEFAULT NULL,
  `email_verify_token` varchar(120) COLLATE utf8mb4_unicode_ci DEFAULT NULL,
  `remember_token` varchar(100) COLLATE utf8mb4_unicode_ci DEFAULT NULL,
  `created_at` timestamp NULL DEFAULT NULL,
  `updated_at` timestamp NULL DEFAULT NULL,
  `status` varchar(60) COLLATE utf8mb4_unicode_ci NOT NULL DEFAULT 'published',
  PRIMARY KEY (`id`),
  UNIQUE KEY `members_email_unique` (`email`)
) ENGINE=InnoDB AUTO_INCREMENT=9 DEFAULT CHARSET=utf8mb4 COLLATE=utf8mb4_unicode_ci;
/*!40101 SET character_set_client = @saved_cs_client */;

--
-- Dumping data for table `members`
--

LOCK TABLES `members` WRITE;
/*!40000 ALTER TABLE `members` DISABLE KEYS */;
INSERT INTO `members` VALUES (1,'John','Smith','Grief, they used to queer.',NULL,'member@archielite.com','$2y$12$OyfL3sdRCXlbu01fe3h21uaHzq21NAxGsM6ZpwrwldaxXaDjwRWkq',16,'1978-04-02','+18455050766','2024-08-09 18:07:11',NULL,NULL,'2024-08-09 11:07:11','2024-08-09 11:07:11','published'),(2,'Frida','Hansen','Hi, Im Frida Hansen, Your Blogging Journey Guide . Writing, one blog post at a time, to inspire, inform, and ignite your curiosity. Join me as we explore the world through words and embark on a limitless adventure of knowledge and creativity. Lets bring your thoughts to life on these digital pages.  #BloggingAdventures',NULL,'baylee.reinger@yahoo.com','$2y$12$Xht35mnnrVA7FNczDGu9OerXxrnmyONxcSR8WJQcDy0N4Dr5CT0eO',17,'2024-01-06','+1 (979) 253-8218','2024-08-09 18:07:11',NULL,NULL,'2024-08-09 11:07:12','2024-08-09 11:07:12','published'),(3,'Albin','Durgan','Hi, Im Albin Durgan, Your Blogging Journey Guide . Writing, one blog post at a time, to inspire, inform, and ignite your curiosity. Join me as we explore the world through words and embark on a limitless adventure of knowledge and creativity. Lets bring your thoughts to life on these digital pages.  #BloggingAdventures',NULL,'swaniawski.jaren@bahringer.com','$2y$12$hndXE5CHO6WYcqa782hsoeRh7P93JIlu992SVr80Dy4DhzoUJNWG.',18,'2003-05-04','1-283-262-5170','2024-08-09 18:07:11',NULL,NULL,'2024-08-09 11:07:12','2024-08-09 11:07:12','published'),(4,'Dayne','Marks','Hi, Im Dayne Marks, Your Blogging Journey Guide . Writing, one blog post at a time, to inspire, inform, and ignite your curiosity. Join me as we explore the world through words and embark on a limitless adventure of knowledge and creativity. Lets bring your thoughts to life on these digital pages.  #BloggingAdventures',NULL,'zturcotte@yahoo.com','$2y$12$VaMx2R7yR0mypTBhBC/jN./yUt6ADNkwaSOhDo.1jRp3EkGbA9CKy',19,'1986-12-17','520.740.6064','2024-08-09 18:07:11',NULL,NULL,'2024-08-09 11:07:12','2024-08-09 11:07:12','published'),(5,'Dudley','Toy','Hi, Im Dudley Toy, Your Blogging Journey Guide . Writing, one blog post at a time, to inspire, inform, and ignite your curiosity. Join me as we explore the world through words and embark on a limitless adventure of knowledge and creativity. Lets bring your thoughts to life on these digital pages.  #BloggingAdventures',NULL,'odavis@hotmail.com','$2y$12$DmyhUAO4cY7eZVI2vSCF7.9KZHMMngJmPGc6/oUmoa4gh56ZPyo..',20,'1999-11-19','+1.385.964.2932','2024-08-09 18:07:11',NULL,NULL,'2024-08-09 11:07:12','2024-08-09 11:07:12','published'),(6,'Darien','Swift','Hi, Im Darien Swift, Your Blogging Journey Guide . Writing, one blog post at a time, to inspire, inform, and ignite your curiosity. Join me as we explore the world through words and embark on a limitless adventure of knowledge and creativity. Lets bring your thoughts to life on these digital pages.  #BloggingAdventures',NULL,'tokon@hotmail.com','$2y$12$/tKZkjtPemATI7cBkWOAQOVQqjACiGze4t3Aun5mWIE.EiPaMyztS',21,'1997-09-15','479-933-7400','2024-08-09 18:07:11',NULL,NULL,'2024-08-09 11:07:13','2024-08-09 11:07:13','published'),(7,'Delbert','Tillman','Hi, Im Delbert Tillman, Your Blogging Journey Guide . Writing, one blog post at a time, to inspire, inform, and ignite your curiosity. Join me as we explore the world through words and embark on a limitless adventure of knowledge and creativity. Lets bring your thoughts to life on these digital pages.  #BloggingAdventures',NULL,'nienow.burnice@hotmail.com','$2y$12$HbVEp9V6C4seVyTjwGvsVu.NPhUWrjKbN2EDvxVJqx0BBQLrvY2S.',22,'1978-05-22','386.971.6789','2024-08-09 18:07:11',NULL,NULL,'2024-08-09 11:07:13','2024-08-09 11:07:13','published'),(8,'Neoma','Kuphal','Hi, Im Neoma Kuphal, Your Blogging Journey Guide . Writing, one blog post at a time, to inspire, inform, and ignite your curiosity. Join me as we explore the world through words and embark on a limitless adventure of knowledge and creativity. Lets bring your thoughts to life on these digital pages.  #BloggingAdventures',NULL,'jeramy.stehr@hotmail.com','$2y$12$f2a5VkjvGAtR/MVLBLM9jujaDWa/PqG.rej8my3/ftDhWdkgQ0opC',23,'1975-05-19','1-940-492-3168','2024-08-09 18:07:11',NULL,NULL,'2024-08-09 11:07:13','2024-08-09 11:07:13','published');
/*!40000 ALTER TABLE `members` ENABLE KEYS */;
UNLOCK TABLES;

--
-- Table structure for table `menu_locations`
--

DROP TABLE IF EXISTS `menu_locations`;
/*!40101 SET @saved_cs_client     = @@character_set_client */;
/*!50503 SET character_set_client = utf8mb4 */;
CREATE TABLE `menu_locations` (
  `id` bigint unsigned NOT NULL AUTO_INCREMENT,
  `menu_id` bigint unsigned NOT NULL,
  `location` varchar(191) COLLATE utf8mb4_unicode_ci NOT NULL,
  `created_at` timestamp NULL DEFAULT NULL,
  `updated_at` timestamp NULL DEFAULT NULL,
  PRIMARY KEY (`id`),
  KEY `menu_locations_menu_id_created_at_index` (`menu_id`,`created_at`)
) ENGINE=InnoDB AUTO_INCREMENT=2 DEFAULT CHARSET=utf8mb4 COLLATE=utf8mb4_unicode_ci;
/*!40101 SET character_set_client = @saved_cs_client */;

--
-- Dumping data for table `menu_locations`
--

LOCK TABLES `menu_locations` WRITE;
/*!40000 ALTER TABLE `menu_locations` DISABLE KEYS */;
INSERT INTO `menu_locations` VALUES (1,1,'main-menu','2024-08-09 11:07:42','2024-08-09 11:07:42');
/*!40000 ALTER TABLE `menu_locations` ENABLE KEYS */;
UNLOCK TABLES;

--
-- Table structure for table `menu_nodes`
--

DROP TABLE IF EXISTS `menu_nodes`;
/*!40101 SET @saved_cs_client     = @@character_set_client */;
/*!50503 SET character_set_client = utf8mb4 */;
CREATE TABLE `menu_nodes` (
  `id` bigint unsigned NOT NULL AUTO_INCREMENT,
  `menu_id` bigint unsigned NOT NULL,
  `parent_id` bigint unsigned NOT NULL DEFAULT '0',
  `reference_id` bigint unsigned DEFAULT NULL,
  `reference_type` varchar(191) COLLATE utf8mb4_unicode_ci DEFAULT NULL,
  `url` varchar(191) COLLATE utf8mb4_unicode_ci DEFAULT NULL,
  `icon_font` varchar(191) COLLATE utf8mb4_unicode_ci DEFAULT NULL,
  `position` tinyint unsigned NOT NULL DEFAULT '0',
  `title` varchar(191) COLLATE utf8mb4_unicode_ci DEFAULT NULL,
  `css_class` varchar(191) COLLATE utf8mb4_unicode_ci DEFAULT NULL,
  `target` varchar(20) COLLATE utf8mb4_unicode_ci NOT NULL DEFAULT '_self',
  `has_child` tinyint unsigned NOT NULL DEFAULT '0',
  `created_at` timestamp NULL DEFAULT NULL,
  `updated_at` timestamp NULL DEFAULT NULL,
  PRIMARY KEY (`id`),
  KEY `menu_nodes_menu_id_index` (`menu_id`),
  KEY `menu_nodes_parent_id_index` (`parent_id`),
  KEY `reference_id` (`reference_id`),
  KEY `reference_type` (`reference_type`)
) ENGINE=InnoDB AUTO_INCREMENT=24 DEFAULT CHARSET=utf8mb4 COLLATE=utf8mb4_unicode_ci;
/*!40101 SET character_set_client = @saved_cs_client */;

--
-- Dumping data for table `menu_nodes`
--

LOCK TABLES `menu_nodes` WRITE;
/*!40000 ALTER TABLE `menu_nodes` DISABLE KEYS */;
INSERT INTO `menu_nodes` VALUES (1,1,0,NULL,NULL,'/',NULL,0,'Home',NULL,'_self',1,'2024-08-09 11:07:42','2024-08-09 11:07:42'),(2,1,1,NULL,NULL,'https://echo-sports.archielite.com',NULL,0,'Home Sports',NULL,'_self',0,'2024-08-09 11:07:42','2024-08-09 11:07:42'),(3,1,1,NULL,NULL,'https://echo-travel.archielite.com',NULL,0,'Home Travel',NULL,'_self',0,'2024-08-09 11:07:42','2024-08-09 11:07:42'),(4,1,1,NULL,NULL,'https://echo-ai.archielite.com',NULL,0,'Home AI',NULL,'_self',0,'2024-08-09 11:07:42','2024-08-09 11:07:42'),(5,1,1,NULL,NULL,'https://echo-politics.archielite.com',NULL,0,'Home Politics',NULL,'_self',0,'2024-08-09 11:07:42','2024-08-09 11:07:42'),(6,1,1,NULL,NULL,'https://echo-food.archielite.com',NULL,0,'Home Food',NULL,'_self',0,'2024-08-09 11:07:42','2024-08-09 11:07:42'),(7,1,1,NULL,NULL,'https://echo-photography.archielite.com',NULL,0,'Home Photography',NULL,'_self',0,'2024-08-09 11:07:42','2024-08-09 11:07:42'),(8,1,1,NULL,NULL,'https://echo.archielite.com',NULL,0,'Home News',NULL,'_self',0,'2024-08-09 11:07:42','2024-08-09 11:07:42'),(9,1,1,NULL,NULL,'https://echo-fashion.archielite.com',NULL,0,'Home Fashion',NULL,'_self',0,'2024-08-09 11:07:42','2024-08-09 11:07:42'),(10,1,1,NULL,NULL,'https://echo-technology.archielite.com',NULL,0,'Home Technology',NULL,'_self',0,'2024-08-09 11:07:42','2024-08-09 11:07:42'),(11,1,1,NULL,NULL,'https://echo-gaming.archielite.com',NULL,0,'Home Gaming',NULL,'_self',0,'2024-08-09 11:07:42','2024-08-09 11:07:42'),(12,1,0,NULL,NULL,'/',NULL,0,'Pages',NULL,'_self',1,'2024-08-09 11:07:42','2024-08-09 11:07:42'),(13,1,12,NULL,NULL,'/about-us',NULL,0,'About',NULL,'_self',0,'2024-08-09 11:07:42','2024-08-09 11:07:42'),(14,1,12,NULL,NULL,'/author/smith',NULL,0,'Author',NULL,'_self',0,'2024-08-09 11:07:42','2024-08-09 11:07:42'),(15,1,12,NULL,NULL,'/team',NULL,0,'Team',NULL,'_self',0,'2024-08-09 11:07:42','2024-08-09 11:07:42'),(16,1,12,NULL,NULL,'/error-page',NULL,0,'Error Page',NULL,'_self',0,'2024-08-09 11:07:42','2024-08-09 11:07:42'),(17,1,0,NULL,NULL,'/blog',NULL,0,'Blog',NULL,'_self',1,'2024-08-09 11:07:42','2024-08-09 11:07:42'),(18,1,17,NULL,NULL,'/blog?style=card',NULL,0,'Blog Card',NULL,'_self',0,'2024-08-09 11:07:42','2024-08-09 11:07:42'),(19,1,17,NULL,NULL,'/blog?style=list',NULL,0,'Blog List',NULL,'_self',0,'2024-08-09 11:07:42','2024-08-09 11:07:42'),(20,1,17,NULL,NULL,'/blog?style=grid',NULL,0,'Blog Grid',NULL,'_self',0,'2024-08-09 11:07:42','2024-08-09 11:07:42'),(21,1,17,NULL,NULL,'/blog?style=mixed',NULL,0,'Blog Mixed',NULL,'_self',0,'2024-08-09 11:07:42','2024-08-09 11:07:42'),(22,1,0,1,'Botble\\Blog\\Models\\Post','/blog/breakthrough-in-quantum-computing-computing-power-reaches-milestone',NULL,0,'Post',NULL,'_self',0,'2024-08-09 11:07:42','2024-08-09 11:07:42'),(23,1,0,NULL,NULL,'contact',NULL,0,'Contact',NULL,'_self',0,'2024-08-09 11:07:42','2024-08-09 11:07:42');
/*!40000 ALTER TABLE `menu_nodes` ENABLE KEYS */;
UNLOCK TABLES;

--
-- Table structure for table `menus`
--

DROP TABLE IF EXISTS `menus`;
/*!40101 SET @saved_cs_client     = @@character_set_client */;
/*!50503 SET character_set_client = utf8mb4 */;
CREATE TABLE `menus` (
  `id` bigint unsigned NOT NULL AUTO_INCREMENT,
  `name` varchar(120) COLLATE utf8mb4_unicode_ci NOT NULL,
  `slug` varchar(120) COLLATE utf8mb4_unicode_ci DEFAULT NULL,
  `status` varchar(60) COLLATE utf8mb4_unicode_ci NOT NULL DEFAULT 'published',
  `created_at` timestamp NULL DEFAULT NULL,
  `updated_at` timestamp NULL DEFAULT NULL,
  PRIMARY KEY (`id`),
  UNIQUE KEY `menus_slug_unique` (`slug`)
) ENGINE=InnoDB AUTO_INCREMENT=2 DEFAULT CHARSET=utf8mb4 COLLATE=utf8mb4_unicode_ci;
/*!40101 SET character_set_client = @saved_cs_client */;

--
-- Dumping data for table `menus`
--

LOCK TABLES `menus` WRITE;
/*!40000 ALTER TABLE `menus` DISABLE KEYS */;
INSERT INTO `menus` VALUES (1,'Main menu','main-menu','published','2024-08-09 11:07:42','2024-08-09 11:07:42');
/*!40000 ALTER TABLE `menus` ENABLE KEYS */;
UNLOCK TABLES;

--
-- Table structure for table `meta_boxes`
--

DROP TABLE IF EXISTS `meta_boxes`;
/*!40101 SET @saved_cs_client     = @@character_set_client */;
/*!50503 SET character_set_client = utf8mb4 */;
CREATE TABLE `meta_boxes` (
  `id` bigint unsigned NOT NULL AUTO_INCREMENT,
  `meta_key` varchar(191) COLLATE utf8mb4_unicode_ci NOT NULL,
  `meta_value` text COLLATE utf8mb4_unicode_ci,
  `reference_id` bigint unsigned NOT NULL,
  `reference_type` varchar(120) COLLATE utf8mb4_unicode_ci NOT NULL,
  `created_at` timestamp NULL DEFAULT NULL,
  `updated_at` timestamp NULL DEFAULT NULL,
  PRIMARY KEY (`id`),
  KEY `meta_boxes_reference_id_index` (`reference_id`)
) ENGINE=InnoDB AUTO_INCREMENT=43 DEFAULT CHARSET=utf8mb4 COLLATE=utf8mb4_unicode_ci;
/*!40101 SET character_set_client = @saved_cs_client */;

--
-- Dumping data for table `meta_boxes`
--

LOCK TABLES `meta_boxes` WRITE;
/*!40000 ALTER TABLE `meta_boxes` DISABLE KEYS */;
INSERT INTO `meta_boxes` VALUES (1,'title','[\"Chef Marketing Officer\"]',1,'Botble\\Member\\Models\\Member','2024-08-09 11:07:11','2024-08-09 11:07:11'),(2,'social_links','[[[{\"key\":\"name\",\"value\":\"Facebook\"},{\"key\":\"icon\",\"value\":\"ti ti-brand-facebook\"},{\"key\":\"url\",\"value\":\"https:\\/\\/www.facebook.com\\/\"}],[{\"key\":\"name\",\"value\":\"Instagram\"},{\"key\":\"icon\",\"value\":\"ti ti-brand-instagram\"},{\"key\":\"url\",\"value\":\"https:\\/\\/www.instagram.com\\/\"}],[{\"key\":\"name\",\"value\":\"Twitter\"},{\"key\":\"icon\",\"value\":\"ti ti-brand-x\"},{\"key\":\"url\",\"value\":\"https:\\/\\/www.twitter.com\\/\"}],[{\"key\":\"name\",\"value\":\"YouTube\"},{\"key\":\"icon\",\"value\":\"ti ti-brand-youtube\"},{\"key\":\"url\",\"value\":\"https:\\/\\/www.youtube.com\\/\"}],[{\"key\":\"name\",\"value\":\"Pinterest\"},{\"key\":\"icon\",\"value\":\"ti ti-brand-pinterest\"},{\"key\":\"url\",\"value\":\"https:\\/\\/www.pinterest.com\\/\"}]]]',1,'Botble\\Member\\Models\\Member','2024-08-09 11:07:11','2024-08-09 11:07:11'),(3,'title','[\"Sr. Manager\"]',2,'Botble\\Member\\Models\\Member','2024-08-09 11:07:12','2024-08-09 11:07:12'),(4,'social_links','[[[{\"key\":\"name\",\"value\":\"Facebook\"},{\"key\":\"icon\",\"value\":\"ti ti-brand-facebook\"},{\"key\":\"url\",\"value\":\"https:\\/\\/www.facebook.com\\/\"}],[{\"key\":\"name\",\"value\":\"Instagram\"},{\"key\":\"icon\",\"value\":\"ti ti-brand-instagram\"},{\"key\":\"url\",\"value\":\"https:\\/\\/www.instagram.com\\/\"}],[{\"key\":\"name\",\"value\":\"Twitter\"},{\"key\":\"icon\",\"value\":\"ti ti-brand-x\"},{\"key\":\"url\",\"value\":\"https:\\/\\/www.twitter.com\\/\"}],[{\"key\":\"name\",\"value\":\"YouTube\"},{\"key\":\"icon\",\"value\":\"ti ti-brand-youtube\"},{\"key\":\"url\",\"value\":\"https:\\/\\/www.youtube.com\\/\"}],[{\"key\":\"name\",\"value\":\"Pinterest\"},{\"key\":\"icon\",\"value\":\"ti ti-brand-pinterest\"},{\"key\":\"url\",\"value\":\"https:\\/\\/www.pinterest.com\\/\"}]]]',2,'Botble\\Member\\Models\\Member','2024-08-09 11:07:12','2024-08-09 11:07:12'),(5,'title','[\"Chef Marketing Officer\"]',3,'Botble\\Member\\Models\\Member','2024-08-09 11:07:12','2024-08-09 11:07:12'),(6,'social_links','[[[{\"key\":\"name\",\"value\":\"Facebook\"},{\"key\":\"icon\",\"value\":\"ti ti-brand-facebook\"},{\"key\":\"url\",\"value\":\"https:\\/\\/www.facebook.com\\/\"}],[{\"key\":\"name\",\"value\":\"Instagram\"},{\"key\":\"icon\",\"value\":\"ti ti-brand-instagram\"},{\"key\":\"url\",\"value\":\"https:\\/\\/www.instagram.com\\/\"}],[{\"key\":\"name\",\"value\":\"Twitter\"},{\"key\":\"icon\",\"value\":\"ti ti-brand-x\"},{\"key\":\"url\",\"value\":\"https:\\/\\/www.twitter.com\\/\"}],[{\"key\":\"name\",\"value\":\"YouTube\"},{\"key\":\"icon\",\"value\":\"ti ti-brand-youtube\"},{\"key\":\"url\",\"value\":\"https:\\/\\/www.youtube.com\\/\"}],[{\"key\":\"name\",\"value\":\"Pinterest\"},{\"key\":\"icon\",\"value\":\"ti ti-brand-pinterest\"},{\"key\":\"url\",\"value\":\"https:\\/\\/www.pinterest.com\\/\"}]]]',3,'Botble\\Member\\Models\\Member','2024-08-09 11:07:12','2024-08-09 11:07:12'),(7,'title','[\"Chef Editor\"]',4,'Botble\\Member\\Models\\Member','2024-08-09 11:07:12','2024-08-09 11:07:12'),(8,'social_links','[[[{\"key\":\"name\",\"value\":\"Facebook\"},{\"key\":\"icon\",\"value\":\"ti ti-brand-facebook\"},{\"key\":\"url\",\"value\":\"https:\\/\\/www.facebook.com\\/\"}],[{\"key\":\"name\",\"value\":\"Instagram\"},{\"key\":\"icon\",\"value\":\"ti ti-brand-instagram\"},{\"key\":\"url\",\"value\":\"https:\\/\\/www.instagram.com\\/\"}],[{\"key\":\"name\",\"value\":\"Twitter\"},{\"key\":\"icon\",\"value\":\"ti ti-brand-x\"},{\"key\":\"url\",\"value\":\"https:\\/\\/www.twitter.com\\/\"}],[{\"key\":\"name\",\"value\":\"YouTube\"},{\"key\":\"icon\",\"value\":\"ti ti-brand-youtube\"},{\"key\":\"url\",\"value\":\"https:\\/\\/www.youtube.com\\/\"}],[{\"key\":\"name\",\"value\":\"Pinterest\"},{\"key\":\"icon\",\"value\":\"ti ti-brand-pinterest\"},{\"key\":\"url\",\"value\":\"https:\\/\\/www.pinterest.com\\/\"}]]]',4,'Botble\\Member\\Models\\Member','2024-08-09 11:07:12','2024-08-09 11:07:12'),(9,'title','[\"Chef Editor\"]',5,'Botble\\Member\\Models\\Member','2024-08-09 11:07:12','2024-08-09 11:07:12'),(10,'social_links','[[[{\"key\":\"name\",\"value\":\"Facebook\"},{\"key\":\"icon\",\"value\":\"ti ti-brand-facebook\"},{\"key\":\"url\",\"value\":\"https:\\/\\/www.facebook.com\\/\"}],[{\"key\":\"name\",\"value\":\"Instagram\"},{\"key\":\"icon\",\"value\":\"ti ti-brand-instagram\"},{\"key\":\"url\",\"value\":\"https:\\/\\/www.instagram.com\\/\"}],[{\"key\":\"name\",\"value\":\"Twitter\"},{\"key\":\"icon\",\"value\":\"ti ti-brand-x\"},{\"key\":\"url\",\"value\":\"https:\\/\\/www.twitter.com\\/\"}],[{\"key\":\"name\",\"value\":\"YouTube\"},{\"key\":\"icon\",\"value\":\"ti ti-brand-youtube\"},{\"key\":\"url\",\"value\":\"https:\\/\\/www.youtube.com\\/\"}],[{\"key\":\"name\",\"value\":\"Pinterest\"},{\"key\":\"icon\",\"value\":\"ti ti-brand-pinterest\"},{\"key\":\"url\",\"value\":\"https:\\/\\/www.pinterest.com\\/\"}]]]',5,'Botble\\Member\\Models\\Member','2024-08-09 11:07:12','2024-08-09 11:07:12'),(11,'title','[\"Chef Editor\"]',6,'Botble\\Member\\Models\\Member','2024-08-09 11:07:13','2024-08-09 11:07:13'),(12,'social_links','[[[{\"key\":\"name\",\"value\":\"Facebook\"},{\"key\":\"icon\",\"value\":\"ti ti-brand-facebook\"},{\"key\":\"url\",\"value\":\"https:\\/\\/www.facebook.com\\/\"}],[{\"key\":\"name\",\"value\":\"Instagram\"},{\"key\":\"icon\",\"value\":\"ti ti-brand-instagram\"},{\"key\":\"url\",\"value\":\"https:\\/\\/www.instagram.com\\/\"}],[{\"key\":\"name\",\"value\":\"Twitter\"},{\"key\":\"icon\",\"value\":\"ti ti-brand-x\"},{\"key\":\"url\",\"value\":\"https:\\/\\/www.twitter.com\\/\"}],[{\"key\":\"name\",\"value\":\"YouTube\"},{\"key\":\"icon\",\"value\":\"ti ti-brand-youtube\"},{\"key\":\"url\",\"value\":\"https:\\/\\/www.youtube.com\\/\"}],[{\"key\":\"name\",\"value\":\"Pinterest\"},{\"key\":\"icon\",\"value\":\"ti ti-brand-pinterest\"},{\"key\":\"url\",\"value\":\"https:\\/\\/www.pinterest.com\\/\"}]]]',6,'Botble\\Member\\Models\\Member','2024-08-09 11:07:13','2024-08-09 11:07:13'),(13,'title','[\"Sr. Manager\"]',7,'Botble\\Member\\Models\\Member','2024-08-09 11:07:13','2024-08-09 11:07:13'),(14,'social_links','[[[{\"key\":\"name\",\"value\":\"Facebook\"},{\"key\":\"icon\",\"value\":\"ti ti-brand-facebook\"},{\"key\":\"url\",\"value\":\"https:\\/\\/www.facebook.com\\/\"}],[{\"key\":\"name\",\"value\":\"Instagram\"},{\"key\":\"icon\",\"value\":\"ti ti-brand-instagram\"},{\"key\":\"url\",\"value\":\"https:\\/\\/www.instagram.com\\/\"}],[{\"key\":\"name\",\"value\":\"Twitter\"},{\"key\":\"icon\",\"value\":\"ti ti-brand-x\"},{\"key\":\"url\",\"value\":\"https:\\/\\/www.twitter.com\\/\"}],[{\"key\":\"name\",\"value\":\"YouTube\"},{\"key\":\"icon\",\"value\":\"ti ti-brand-youtube\"},{\"key\":\"url\",\"value\":\"https:\\/\\/www.youtube.com\\/\"}],[{\"key\":\"name\",\"value\":\"Pinterest\"},{\"key\":\"icon\",\"value\":\"ti ti-brand-pinterest\"},{\"key\":\"url\",\"value\":\"https:\\/\\/www.pinterest.com\\/\"}]]]',7,'Botble\\Member\\Models\\Member','2024-08-09 11:07:13','2024-08-09 11:07:13'),(15,'title','[\"Marketing Director\"]',8,'Botble\\Member\\Models\\Member','2024-08-09 11:07:13','2024-08-09 11:07:13'),(16,'social_links','[[[{\"key\":\"name\",\"value\":\"Facebook\"},{\"key\":\"icon\",\"value\":\"ti ti-brand-facebook\"},{\"key\":\"url\",\"value\":\"https:\\/\\/www.facebook.com\\/\"}],[{\"key\":\"name\",\"value\":\"Instagram\"},{\"key\":\"icon\",\"value\":\"ti ti-brand-instagram\"},{\"key\":\"url\",\"value\":\"https:\\/\\/www.instagram.com\\/\"}],[{\"key\":\"name\",\"value\":\"Twitter\"},{\"key\":\"icon\",\"value\":\"ti ti-brand-x\"},{\"key\":\"url\",\"value\":\"https:\\/\\/www.twitter.com\\/\"}],[{\"key\":\"name\",\"value\":\"YouTube\"},{\"key\":\"icon\",\"value\":\"ti ti-brand-youtube\"},{\"key\":\"url\",\"value\":\"https:\\/\\/www.youtube.com\\/\"}],[{\"key\":\"name\",\"value\":\"Pinterest\"},{\"key\":\"icon\",\"value\":\"ti ti-brand-pinterest\"},{\"key\":\"url\",\"value\":\"https:\\/\\/www.pinterest.com\\/\"}]]]',8,'Botble\\Member\\Models\\Member','2024-08-09 11:07:13','2024-08-09 11:07:13'),(17,'image','[\"technology\\/blog-categories\\/1.jpg\"]',1,'Botble\\Blog\\Models\\Category','2024-08-09 11:07:26','2024-08-09 11:07:26'),(18,'image','[\"technology\\/blog-categories\\/2.jpg\"]',2,'Botble\\Blog\\Models\\Category','2024-08-09 11:07:26','2024-08-09 11:07:26'),(19,'image','[\"technology\\/blog-categories\\/3.jpg\"]',3,'Botble\\Blog\\Models\\Category','2024-08-09 11:07:26','2024-08-09 11:07:26'),(20,'image','[\"technology\\/blog-categories\\/4.jpg\"]',4,'Botble\\Blog\\Models\\Category','2024-08-09 11:07:26','2024-08-09 11:07:26'),(21,'image','[\"technology\\/blog-categories\\/5.jpg\"]',5,'Botble\\Blog\\Models\\Category','2024-08-09 11:07:26','2024-08-09 11:07:26'),(22,'image','[\"technology\\/blog-categories\\/6.jpg\"]',6,'Botble\\Blog\\Models\\Category','2024-08-09 11:07:26','2024-08-09 11:07:26'),(23,'image','[\"technology\\/blog-categories\\/7.jpg\"]',7,'Botble\\Blog\\Models\\Category','2024-08-09 11:07:26','2024-08-09 11:07:26'),(24,'image','[\"technology\\/blog-categories\\/8.jpg\"]',8,'Botble\\Blog\\Models\\Category','2024-08-09 11:07:26','2024-08-09 11:07:26'),(25,'video_url','[\"https:\\/\\/www.youtube.com\\/watch?v=yCh9OVLI0SU\"]',2,'Botble\\Blog\\Models\\Post','2024-08-09 11:07:34','2024-08-09 11:07:34'),(26,'video_url','[\"https:\\/\\/www.youtube.com\\/watch?v=yCh9OVLI0SU\"]',3,'Botble\\Blog\\Models\\Post','2024-08-09 11:07:34','2024-08-09 11:07:34'),(27,'audio','[\"main\\/audio\\/audio.mp3\"]',4,'Botble\\Blog\\Models\\Post','2024-08-09 11:07:34','2024-08-09 11:07:34'),(28,'video_url','[\"https:\\/\\/www.youtube.com\\/watch?v=yCh9OVLI0SU\"]',5,'Botble\\Blog\\Models\\Post','2024-08-09 11:07:34','2024-08-09 11:07:34'),(29,'video_url','[\"https:\\/\\/www.youtube.com\\/watch?v=yCh9OVLI0SU\"]',6,'Botble\\Blog\\Models\\Post','2024-08-09 11:07:34','2024-08-09 11:07:34'),(30,'audio','[\"main\\/audio\\/audio.mp3\"]',7,'Botble\\Blog\\Models\\Post','2024-08-09 11:07:34','2024-08-09 11:07:34'),(31,'video_url','[\"https:\\/\\/www.youtube.com\\/watch?v=yCh9OVLI0SU\"]',8,'Botble\\Blog\\Models\\Post','2024-08-09 11:07:35','2024-08-09 11:07:35'),(32,'video_url','[\"https:\\/\\/www.youtube.com\\/watch?v=yCh9OVLI0SU\"]',9,'Botble\\Blog\\Models\\Post','2024-08-09 11:07:35','2024-08-09 11:07:35'),(33,'audio','[\"main\\/audio\\/audio.mp3\"]',10,'Botble\\Blog\\Models\\Post','2024-08-09 11:07:35','2024-08-09 11:07:35'),(34,'video_url','[\"https:\\/\\/www.youtube.com\\/watch?v=yCh9OVLI0SU\"]',11,'Botble\\Blog\\Models\\Post','2024-08-09 11:07:35','2024-08-09 11:07:35'),(35,'video_url','[\"https:\\/\\/www.youtube.com\\/watch?v=yCh9OVLI0SU\"]',12,'Botble\\Blog\\Models\\Post','2024-08-09 11:07:35','2024-08-09 11:07:35'),(36,'video_url','[\"https:\\/\\/www.youtube.com\\/watch?v=yCh9OVLI0SU\"]',14,'Botble\\Blog\\Models\\Post','2024-08-09 11:07:35','2024-08-09 11:07:35'),(37,'video_url','[\"https:\\/\\/www.youtube.com\\/watch?v=yCh9OVLI0SU\"]',15,'Botble\\Blog\\Models\\Post','2024-08-09 11:07:35','2024-08-09 11:07:35'),(38,'audio','[\"main\\/audio\\/audio.mp3\"]',16,'Botble\\Blog\\Models\\Post','2024-08-09 11:07:35','2024-08-09 11:07:35'),(39,'video_url','[\"https:\\/\\/www.youtube.com\\/watch?v=yCh9OVLI0SU\"]',17,'Botble\\Blog\\Models\\Post','2024-08-09 11:07:35','2024-08-09 11:07:35'),(40,'video_url','[\"https:\\/\\/www.youtube.com\\/watch?v=yCh9OVLI0SU\"]',18,'Botble\\Blog\\Models\\Post','2024-08-09 11:07:35','2024-08-09 11:07:35'),(41,'audio','[\"main\\/audio\\/audio.mp3\"]',19,'Botble\\Blog\\Models\\Post','2024-08-09 11:07:35','2024-08-09 11:07:35'),(42,'video_url','[\"https:\\/\\/www.youtube.com\\/watch?v=yCh9OVLI0SU\"]',20,'Botble\\Blog\\Models\\Post','2024-08-09 11:07:35','2024-08-09 11:07:35');
/*!40000 ALTER TABLE `meta_boxes` ENABLE KEYS */;
UNLOCK TABLES;

--
-- Table structure for table `migrations`
--

DROP TABLE IF EXISTS `migrations`;
/*!40101 SET @saved_cs_client     = @@character_set_client */;
/*!50503 SET character_set_client = utf8mb4 */;
CREATE TABLE `migrations` (
  `id` int unsigned NOT NULL AUTO_INCREMENT,
  `migration` varchar(191) COLLATE utf8mb4_unicode_ci NOT NULL,
  `batch` int NOT NULL,
  PRIMARY KEY (`id`)
) ENGINE=InnoDB AUTO_INCREMENT=76 DEFAULT CHARSET=utf8mb4 COLLATE=utf8mb4_unicode_ci;
/*!40101 SET character_set_client = @saved_cs_client */;

--
-- Dumping data for table `migrations`
--

LOCK TABLES `migrations` WRITE;
/*!40000 ALTER TABLE `migrations` DISABLE KEYS */;
INSERT INTO `migrations` VALUES (1,'2013_04_09_032329_create_base_tables',1),(2,'2013_04_09_062329_create_revisions_table',1),(3,'2014_10_12_000000_create_users_table',1),(4,'2014_10_12_100000_create_password_reset_tokens_table',1),(5,'2015_06_18_033822_create_blog_table',1),(6,'2015_06_29_025744_create_audit_history',1),(7,'2015_08_15_122343_create_notes_table',1),(8,'2016_05_28_112028_create_system_request_logs_table',1),(9,'2016_06_10_230148_create_acl_tables',1),(10,'2016_06_14_230857_create_menus_table',1),(11,'2016_06_17_091537_create_contacts_table',1),(12,'2016_06_28_221418_create_pages_table',1),(13,'2016_10_03_032336_create_languages_table',1),(14,'2016_10_05_074239_create_setting_table',1),(15,'2016_10_07_193005_create_translations_table',1),(16,'2016_10_13_150201_create_galleries_table',1),(17,'2016_11_28_032840_create_dashboard_widget_tables',1),(18,'2016_12_16_084601_create_widgets_table',1),(19,'2017_05_09_070343_create_media_tables',1),(20,'2017_10_04_140938_create_member_table',1),(21,'2017_10_24_154832_create_newsletter_table',1),(22,'2017_11_03_070450_create_slug_table',1),(23,'2019_01_05_053554_create_jobs_table',1),(24,'2019_08_19_000000_create_failed_jobs_table',1),(25,'2019_12_14_000001_create_personal_access_tokens_table',1),(26,'2020_11_18_150916_ads_create_ads_table',1),(27,'2021_02_16_092633_remove_default_value_for_author_type',1),(28,'2021_10_25_021023_fix-priority-load-for-language-advanced',1),(29,'2021_12_02_035301_add_ads_translations_table',1),(30,'2021_12_03_030600_create_blog_translations',1),(31,'2021_12_03_075608_create_page_translations',1),(32,'2021_12_03_082953_create_gallery_translations',1),(33,'2022_04_19_113923_add_index_to_table_posts',1),(34,'2022_04_20_100851_add_index_to_media_table',1),(35,'2022_04_20_101046_add_index_to_menu_table',1),(36,'2022_04_30_034048_create_gallery_meta_translations_table',1),(37,'2022_07_10_034813_move_lang_folder_to_root',1),(38,'2022_08_04_051940_add_missing_column_expires_at',1),(39,'2022_09_01_000001_create_admin_notifications_tables',1),(40,'2022_10_14_024629_drop_column_is_featured',1),(41,'2022_11_18_063357_add_missing_timestamp_in_table_settings',1),(42,'2022_12_02_093615_update_slug_index_columns',1),(43,'2023_01_30_024431_add_alt_to_media_table',1),(44,'2023_02_16_042611_drop_table_password_resets',1),(45,'2023_04_17_062645_add_open_in_new_tab',1),(46,'2023_04_23_005903_add_column_permissions_to_admin_notifications',1),(47,'2023_05_10_075124_drop_column_id_in_role_users_table',1),(48,'2023_07_06_011444_create_slug_translations_table',1),(49,'2023_08_11_060908_create_announcements_table',1),(50,'2023_08_21_090810_make_page_content_nullable',1),(51,'2023_08_29_074620_make_column_author_id_nullable',1),(52,'2023_08_29_075308_make_column_user_id_nullable',1),(53,'2023_09_14_021936_update_index_for_slugs_table',1),(54,'2023_09_14_022423_add_index_for_language_table',1),(55,'2023_10_16_075332_add_status_column',1),(56,'2023_11_07_023805_add_tablet_mobile_image',1),(57,'2023_11_10_080225_migrate_contact_blacklist_email_domains_to_core',1),(58,'2023_11_14_033417_change_request_column_in_table_audit_histories',1),(59,'2023_12_07_095130_add_color_column_to_media_folders_table',1),(60,'2023_12_12_105220_drop_translations_table',1),(61,'2023_12_17_162208_make_sure_column_color_in_media_folders_nullable',1),(62,'2024_01_16_050056_create_comments_table',1),(63,'2024_03_13_042350_migrate_newsletter_data',1),(64,'2024_03_20_080001_migrate_change_attribute_email_to_nullable_form_contacts_table',1),(65,'2024_03_25_000001_update_captcha_settings',1),(66,'2024_03_25_000001_update_captcha_settings_for_contact',1),(67,'2024_03_25_000001_update_captcha_settings_for_newsletter',1),(68,'2024_04_01_043317_add_google_adsense_slot_id_to_ads_table',1),(69,'2024_04_04_110758_update_value_column_in_user_meta_table',1),(70,'2024_04_19_063914_create_custom_fields_table',1),(71,'2024_04_27_100730_improve_analytics_setting',1),(72,'2024_05_12_091229_add_column_visibility_to_table_media_files',1),(73,'2024_07_07_091316_fix_column_url_in_menu_nodes_table',1),(74,'2024_07_12_100000_change_random_hash_for_media',1),(75,'2024_07_30_091615_fix_order_column_in_categories_table',1);
/*!40000 ALTER TABLE `migrations` ENABLE KEYS */;
UNLOCK TABLES;

--
-- Table structure for table `newsletters`
--

DROP TABLE IF EXISTS `newsletters`;
/*!40101 SET @saved_cs_client     = @@character_set_client */;
/*!50503 SET character_set_client = utf8mb4 */;
CREATE TABLE `newsletters` (
  `id` bigint unsigned NOT NULL AUTO_INCREMENT,
  `email` varchar(120) COLLATE utf8mb4_unicode_ci NOT NULL,
  `name` varchar(120) COLLATE utf8mb4_unicode_ci DEFAULT NULL,
  `status` varchar(60) COLLATE utf8mb4_unicode_ci NOT NULL DEFAULT 'subscribed',
  `created_at` timestamp NULL DEFAULT NULL,
  `updated_at` timestamp NULL DEFAULT NULL,
  PRIMARY KEY (`id`)
) ENGINE=InnoDB DEFAULT CHARSET=utf8mb4 COLLATE=utf8mb4_unicode_ci;
/*!40101 SET character_set_client = @saved_cs_client */;

--
-- Dumping data for table `newsletters`
--

LOCK TABLES `newsletters` WRITE;
/*!40000 ALTER TABLE `newsletters` DISABLE KEYS */;
/*!40000 ALTER TABLE `newsletters` ENABLE KEYS */;
UNLOCK TABLES;

--
-- Table structure for table `notes`
--

DROP TABLE IF EXISTS `notes`;
/*!40101 SET @saved_cs_client     = @@character_set_client */;
/*!50503 SET character_set_client = utf8mb4 */;
CREATE TABLE `notes` (
  `id` bigint unsigned NOT NULL AUTO_INCREMENT,
  `user_id` bigint unsigned NOT NULL,
  `reference_id` bigint unsigned NOT NULL,
  `reference_type` varchar(120) COLLATE utf8mb4_unicode_ci NOT NULL,
  `created_by` bigint unsigned NOT NULL,
  `note` text COLLATE utf8mb4_unicode_ci NOT NULL,
  `created_at` timestamp NULL DEFAULT NULL,
  `updated_at` timestamp NULL DEFAULT NULL,
  PRIMARY KEY (`id`),
  KEY `notes_user_id_index` (`user_id`),
  KEY `notes_reference_id_index` (`reference_id`),
  KEY `notes_created_by_index` (`created_by`)
) ENGINE=InnoDB DEFAULT CHARSET=utf8mb4 COLLATE=utf8mb4_unicode_ci;
/*!40101 SET character_set_client = @saved_cs_client */;

--
-- Dumping data for table `notes`
--

LOCK TABLES `notes` WRITE;
/*!40000 ALTER TABLE `notes` DISABLE KEYS */;
/*!40000 ALTER TABLE `notes` ENABLE KEYS */;
UNLOCK TABLES;

--
-- Table structure for table `pages`
--

DROP TABLE IF EXISTS `pages`;
/*!40101 SET @saved_cs_client     = @@character_set_client */;
/*!50503 SET character_set_client = utf8mb4 */;
CREATE TABLE `pages` (
  `id` bigint unsigned NOT NULL AUTO_INCREMENT,
  `name` varchar(120) COLLATE utf8mb4_unicode_ci NOT NULL,
  `content` longtext COLLATE utf8mb4_unicode_ci,
  `user_id` bigint unsigned DEFAULT NULL,
  `image` varchar(191) COLLATE utf8mb4_unicode_ci DEFAULT NULL,
  `template` varchar(60) COLLATE utf8mb4_unicode_ci DEFAULT NULL,
  `description` varchar(400) COLLATE utf8mb4_unicode_ci DEFAULT NULL,
  `status` varchar(60) COLLATE utf8mb4_unicode_ci NOT NULL DEFAULT 'published',
  `created_at` timestamp NULL DEFAULT NULL,
  `updated_at` timestamp NULL DEFAULT NULL,
  PRIMARY KEY (`id`),
  KEY `pages_user_id_index` (`user_id`)
) ENGINE=InnoDB AUTO_INCREMENT=11 DEFAULT CHARSET=utf8mb4 COLLATE=utf8mb4_unicode_ci;
/*!40101 SET character_set_client = @saved_cs_client */;

--
-- Dumping data for table `pages`
--

LOCK TABLES `pages` WRITE;
/*!40000 ALTER TABLE `pages` DISABLE KEYS */;
INSERT INTO `pages` VALUES (1,'Homepage','<div>[blog-posts style=\"style-11\" category_ids=\"5,6\" title=\"Top Stories\" limit=\"4\" title_align=\"start\" text_color=\"rgb(255, 255, 255)\" background_color=\"transparent\" background_image=\"technology/backgrounds/hero-background.png\"][/blog-posts]</div><div>[blog-posts enable_lazy_loading=\"yes\" style=\"style-2\" category_ids=\"2,4,6\" title=\"Latest News\" limit=\"3\" title_align=\"start\" text_color=\"transparent\" background_color=\"transparent\"][/blog-posts]</div><div>[blog-posts enable_lazy_loading=\"yes\" style=\"style-12\" category_ids=\"2,5\" title=\"EDITOR PICK\" limit=\"3\" title_align=\"start\" text_color=\"#ffffff\" background_color=\"rgb(120, 23, 242)\" background_image=\"technology/backgrounds/feature-bg-shape.png\" sidebar=\"custom_sidebar_1\"][/blog-posts]</div><div>[blog-categories enable_lazy_loading=\"yes\" style=\"style-3\" category_ids=\"2,3,4,5,6\" title=\"Discover Categories/\" number_of_post_per_category=\"3\" title_align=\"start\" text_color=\"#ffffff\" background_color=\"transparent\"][/blog-categories]</div><div>[blog-posts enable_lazy_loading=\"yes\" style=\"style-4\" category_ids=\"3,7\" title=\"Most Popular /\" limit=\"6\" title_align=\"center\" text_color=\"transparent\" background_color=\"rgb(249, 249, 249)\"][/blog-posts]</div><br><div>[ads key=\"UROL9F9ZZVAA\"][/ads]</div><br><div>[blog-categories enable_lazy_loading=\"yes\" style=\"style-1\" category_ids=\"2,4,6\" number_of_post_per_category=\"4\" text_color=\"#ffffff\" background_color=\"transparent\" background_image=\"technology/backgrounds/video-bg.png\"][/blog-categories]</div><div>[app-downloads title=\"Download Our Apps For Stay Update\" subtitle=\"Easy to update latest news, aily podcast and everything in your hand\" platform_google_label=\"Play Store\" platform_google_icon=\"ti ti-brand-google-play\" platform_google_url=\"https://play.google.com/\" platform_apple_label=\"Apple Store\" platform_apple_icon=\"ti ti-brand-apple\" platform_apple_url=\"https://www.apple.com/app-store/\" image=\"main/general/app-downloads.png\" background_color=\"#7817F2\"][/app-downloads]</div>',1,NULL,'homepage',NULL,'published','2024-08-09 11:07:35','2024-08-09 11:07:40'),(2,'About us','<div>[about-us title=\"Know our Publication Media & Vision.\" subtitle=\"Bring To The Table Win-Win Survival Strategies To Ensure Proactive Domination. At The End Of The Day Going.\" description=\"Leverage agile frameworks to provide a robust synopsis for high level overviews. Iterative approaches to corporate strategy foster collaborative thinking to further the overall value proposition. Organically grow the over holistic world view of disruptive innovation via workplace diversity and Bring to the table win-win survival strategies to ensure proactive fin domination. At the end of the day, going forward, a new normal.\" staff_name=\"Raihawly Williamson\" staff_description=\"CEO, Echo Publishing Inc.\" staff_signature=\"main/general/signature.png\" first_image=\"main/general/about-1.png\" second_image=\"main/general/about-2.png\"][/about-us]</div><div>[intro-video image=\"main/general/about-video-1.png\" video_url=\"https://www.youtube.com/watch?v=Y1t6rjWYNro\" play_icon=\"ti ti-player-play-filled\"][/intro-video]</div>',1,NULL,'full-width',NULL,'published','2024-08-09 11:07:35','2024-08-09 11:07:35'),(3,'Contact','<div>[contact-form title=\"General Customer Care & Technical Support\" description=\"Were here to assist you with any questions or technical issues you may have. Please fill out the form below, and our dedicated team will respond promptly to ensure you have a seamless experience with us.\" button_label=\"Send Message\" button_icon=\"ti ti-arrow-right\" quantity=\"3\" title_1=\"Location\" description_1=\"The Business Centre132, New York 12401. United States\" icon_1=\"ti ti-map-pin\" url_1=\"\" open_in_new_tab_1=\"yes\" title_2=\"Email Address\" description_2=\"info@yourmail.com\" icon_2=\"ti ti-mail\" url_2=\"mailto:info@yourmail.com\" open_in_new_tab_2=\"yes\" title_3=\"Phone\" description_3=\"(00) 123 456 789 99\" icon_3=\"ti ti-phone\" url_3=\"tel:(00) 123 456 789 99\" open_in_new_tab_3=\"yes\"  address=\"Fortis Downtown Resort\"][/contact-form]</div>',1,NULL,'full-width',NULL,'published','2024-08-09 11:07:35','2024-08-09 11:07:35'),(4,'Blog','---',1,NULL,'full-width',NULL,'published','2024-08-09 11:07:35','2024-08-09 11:07:35'),(5,'Team','<div>[members title=\"Meet Our Professional Team\" member_ids=\"1,2,3,4,5,6,7,8\"][/members]</div>',1,NULL,'full-width',NULL,'published','2024-08-09 11:07:35','2024-08-09 11:07:35'),(6,'Cookie Policy','<h3>EU Cookie Consent</h3><p>To use this website we are using Cookies and collecting some Data. To be compliant with the EU GDPR we give you to choose if you allow us to use certain Cookies and to collect some Data.</p><h4>Essential Data</h4><p>The Essential Data is needed to run the Site you are visiting technically. You can not deactivate them.</p><p>- Session Cookie: PHP uses a Cookie to identify user sessions. Without this Cookie the Website is not working.</p><p>- XSRF-Token Cookie: Laravel automatically generates a CSRF \"token\" for each active user session managed by the application. This token is used to verify that the authenticated user is the one actually making the requests to the application.</p>',1,NULL,'default',NULL,'published','2024-08-09 11:07:35','2024-08-09 11:07:35'),(7,'Terms Of Use','<h3>EU Cookie Consent</h3><p>To use this website we are using Cookies and collecting some Data. To be compliant with the EU GDPR we give you to choose if you allow us to use certain Cookies and to collect some Data.</p><h4>Essential Data</h4><p>The Essential Data is needed to run the Site you are visiting technically. You can not deactivate them.</p><p>- Session Cookie: PHP uses a Cookie to identify user sessions. Without this Cookie the Website is not working.</p><p>- XSRF-Token Cookie: Laravel automatically generates a CSRF \"token\" for each active user session managed by the application. This token is used to verify that the authenticated user is the one actually making the requests to the application.</p>',1,NULL,'default',NULL,'published','2024-08-09 11:07:35','2024-08-09 11:07:35'),(8,'Privacy Policy','<h3>EU Cookie Consent</h3><p>To use this website we are using Cookies and collecting some Data. To be compliant with the EU GDPR we give you to choose if you allow us to use certain Cookies and to collect some Data.</p><h4>Essential Data</h4><p>The Essential Data is needed to run the Site you are visiting technically. You can not deactivate them.</p><p>- Session Cookie: PHP uses a Cookie to identify user sessions. Without this Cookie the Website is not working.</p><p>- XSRF-Token Cookie: Laravel automatically generates a CSRF \"token\" for each active user session managed by the application. This token is used to verify that the authenticated user is the one actually making the requests to the application.</p>',1,NULL,'default',NULL,'published','2024-08-09 11:07:35','2024-08-09 11:07:35'),(9,'Advertise','<h3>Random Content</h3><p>This is a random content that will be displayed on the page.</p>',1,NULL,'default',NULL,'published','2024-08-09 11:07:35','2024-08-09 11:07:35'),(10,'FAQ','<h3>Random Content</h3><p>This is a random content that will be displayed on the page.</p>',1,NULL,'default',NULL,'published','2024-08-09 11:07:35','2024-08-09 11:07:35');
/*!40000 ALTER TABLE `pages` ENABLE KEYS */;
UNLOCK TABLES;

--
-- Table structure for table `pages_translations`
--

DROP TABLE IF EXISTS `pages_translations`;
/*!40101 SET @saved_cs_client     = @@character_set_client */;
/*!50503 SET character_set_client = utf8mb4 */;
CREATE TABLE `pages_translations` (
  `lang_code` varchar(20) COLLATE utf8mb4_unicode_ci NOT NULL,
  `pages_id` bigint unsigned NOT NULL,
  `name` varchar(191) COLLATE utf8mb4_unicode_ci DEFAULT NULL,
  `description` varchar(400) COLLATE utf8mb4_unicode_ci DEFAULT NULL,
  `content` longtext COLLATE utf8mb4_unicode_ci,
  PRIMARY KEY (`lang_code`,`pages_id`)
) ENGINE=InnoDB DEFAULT CHARSET=utf8mb4 COLLATE=utf8mb4_unicode_ci;
/*!40101 SET character_set_client = @saved_cs_client */;

--
-- Dumping data for table `pages_translations`
--

LOCK TABLES `pages_translations` WRITE;
/*!40000 ALTER TABLE `pages_translations` DISABLE KEYS */;
/*!40000 ALTER TABLE `pages_translations` ENABLE KEYS */;
UNLOCK TABLES;

--
-- Table structure for table `password_reset_tokens`
--

DROP TABLE IF EXISTS `password_reset_tokens`;
/*!40101 SET @saved_cs_client     = @@character_set_client */;
/*!50503 SET character_set_client = utf8mb4 */;
CREATE TABLE `password_reset_tokens` (
  `email` varchar(191) COLLATE utf8mb4_unicode_ci NOT NULL,
  `token` varchar(191) COLLATE utf8mb4_unicode_ci NOT NULL,
  `created_at` timestamp NULL DEFAULT NULL,
  PRIMARY KEY (`email`)
) ENGINE=InnoDB DEFAULT CHARSET=utf8mb4 COLLATE=utf8mb4_unicode_ci;
/*!40101 SET character_set_client = @saved_cs_client */;

--
-- Dumping data for table `password_reset_tokens`
--

LOCK TABLES `password_reset_tokens` WRITE;
/*!40000 ALTER TABLE `password_reset_tokens` DISABLE KEYS */;
/*!40000 ALTER TABLE `password_reset_tokens` ENABLE KEYS */;
UNLOCK TABLES;

--
-- Table structure for table `personal_access_tokens`
--

DROP TABLE IF EXISTS `personal_access_tokens`;
/*!40101 SET @saved_cs_client     = @@character_set_client */;
/*!50503 SET character_set_client = utf8mb4 */;
CREATE TABLE `personal_access_tokens` (
  `id` bigint unsigned NOT NULL AUTO_INCREMENT,
  `tokenable_type` varchar(191) COLLATE utf8mb4_unicode_ci NOT NULL,
  `tokenable_id` bigint unsigned NOT NULL,
  `name` varchar(191) COLLATE utf8mb4_unicode_ci NOT NULL,
  `token` varchar(64) COLLATE utf8mb4_unicode_ci NOT NULL,
  `abilities` text COLLATE utf8mb4_unicode_ci,
  `last_used_at` timestamp NULL DEFAULT NULL,
  `expires_at` timestamp NULL DEFAULT NULL,
  `created_at` timestamp NULL DEFAULT NULL,
  `updated_at` timestamp NULL DEFAULT NULL,
  PRIMARY KEY (`id`),
  UNIQUE KEY `personal_access_tokens_token_unique` (`token`),
  KEY `personal_access_tokens_tokenable_type_tokenable_id_index` (`tokenable_type`,`tokenable_id`)
) ENGINE=InnoDB DEFAULT CHARSET=utf8mb4 COLLATE=utf8mb4_unicode_ci;
/*!40101 SET character_set_client = @saved_cs_client */;

--
-- Dumping data for table `personal_access_tokens`
--

LOCK TABLES `personal_access_tokens` WRITE;
/*!40000 ALTER TABLE `personal_access_tokens` DISABLE KEYS */;
/*!40000 ALTER TABLE `personal_access_tokens` ENABLE KEYS */;
UNLOCK TABLES;

--
-- Table structure for table `post_categories`
--

DROP TABLE IF EXISTS `post_categories`;
/*!40101 SET @saved_cs_client     = @@character_set_client */;
/*!50503 SET character_set_client = utf8mb4 */;
CREATE TABLE `post_categories` (
  `category_id` bigint unsigned NOT NULL,
  `post_id` bigint unsigned NOT NULL,
  KEY `post_categories_category_id_index` (`category_id`),
  KEY `post_categories_post_id_index` (`post_id`)
) ENGINE=InnoDB DEFAULT CHARSET=utf8mb4 COLLATE=utf8mb4_unicode_ci;
/*!40101 SET character_set_client = @saved_cs_client */;

--
-- Dumping data for table `post_categories`
--

LOCK TABLES `post_categories` WRITE;
/*!40000 ALTER TABLE `post_categories` DISABLE KEYS */;
INSERT INTO `post_categories` VALUES (1,1),(7,1),(6,2),(1,2),(3,3),(2,3),(1,4),(2,4),(5,5),(1,5),(5,6),(8,6),(7,7),(1,7),(6,8),(7,8),(6,9),(4,9),(6,10),(7,10),(1,11),(5,11),(5,12),(4,12),(5,13),(4,13),(8,14),(7,14),(2,15),(6,15),(2,16),(5,16),(3,17),(5,17),(1,18),(6,18),(7,19),(8,19),(5,20),(2,20);
/*!40000 ALTER TABLE `post_categories` ENABLE KEYS */;
UNLOCK TABLES;

--
-- Table structure for table `post_tags`
--

DROP TABLE IF EXISTS `post_tags`;
/*!40101 SET @saved_cs_client     = @@character_set_client */;
/*!50503 SET character_set_client = utf8mb4 */;
CREATE TABLE `post_tags` (
  `tag_id` bigint unsigned NOT NULL,
  `post_id` bigint unsigned NOT NULL,
  KEY `post_tags_tag_id_index` (`tag_id`),
  KEY `post_tags_post_id_index` (`post_id`)
) ENGINE=InnoDB DEFAULT CHARSET=utf8mb4 COLLATE=utf8mb4_unicode_ci;
/*!40101 SET character_set_client = @saved_cs_client */;

--
-- Dumping data for table `post_tags`
--

LOCK TABLES `post_tags` WRITE;
/*!40000 ALTER TABLE `post_tags` DISABLE KEYS */;
INSERT INTO `post_tags` VALUES (8,1),(1,1),(7,2),(8,2),(1,3),(3,3),(4,3),(3,4),(4,4),(6,4),(8,5),(7,5),(4,5),(2,6),(5,6),(6,7),(5,7),(7,7),(8,8),(7,8),(3,8),(1,9),(8,9),(2,9),(7,10),(3,10),(6,10),(2,11),(4,11),(4,12),(3,12),(1,13),(7,13),(5,13),(8,14),(5,14),(7,15),(8,15),(5,15),(1,16),(8,16),(6,16),(4,17),(3,17),(8,17),(5,18),(6,18),(8,18),(6,19),(6,20),(8,20),(4,20);
/*!40000 ALTER TABLE `post_tags` ENABLE KEYS */;
UNLOCK TABLES;

--
-- Table structure for table `posts`
--

DROP TABLE IF EXISTS `posts`;
/*!40101 SET @saved_cs_client     = @@character_set_client */;
/*!50503 SET character_set_client = utf8mb4 */;
CREATE TABLE `posts` (
  `id` bigint unsigned NOT NULL AUTO_INCREMENT,
  `name` varchar(191) COLLATE utf8mb4_unicode_ci NOT NULL,
  `description` varchar(400) COLLATE utf8mb4_unicode_ci DEFAULT NULL,
  `content` longtext COLLATE utf8mb4_unicode_ci,
  `status` varchar(60) COLLATE utf8mb4_unicode_ci NOT NULL DEFAULT 'published',
  `author_id` bigint unsigned DEFAULT NULL,
  `author_type` varchar(191) COLLATE utf8mb4_unicode_ci NOT NULL DEFAULT 'Botble\\ACL\\Models\\User',
  `is_featured` tinyint unsigned NOT NULL DEFAULT '0',
  `image` varchar(191) COLLATE utf8mb4_unicode_ci DEFAULT NULL,
  `views` int unsigned NOT NULL DEFAULT '0',
  `format_type` varchar(30) COLLATE utf8mb4_unicode_ci DEFAULT NULL,
  `created_at` timestamp NULL DEFAULT NULL,
  `updated_at` timestamp NULL DEFAULT NULL,
  PRIMARY KEY (`id`),
  KEY `posts_status_index` (`status`),
  KEY `posts_author_id_index` (`author_id`),
  KEY `posts_author_type_index` (`author_type`),
  KEY `posts_created_at_index` (`created_at`)
) ENGINE=InnoDB AUTO_INCREMENT=21 DEFAULT CHARSET=utf8mb4 COLLATE=utf8mb4_unicode_ci;
/*!40101 SET character_set_client = @saved_cs_client */;

--
-- Dumping data for table `posts`
--

LOCK TABLES `posts` WRITE;
/*!40000 ALTER TABLE `posts` DISABLE KEYS */;
INSERT INTO `posts` VALUES (1,'Breakthrough in Quantum Computing: Computing Power Reaches Milestone','Researchers achieve a significant milestone in quantum computing, unlocking unprecedented computing power that has the potential to revolutionize various industries.','<p>Our mission is to assist you in achieving better financial shape, not just for today, but for the long term. We believe that financial security and freedom are within reach for everyone, and were dedicated to providing the guidance and support you need to get there.</p><div>[content-quote author=\"Celine Dion\" quote=\"Life Imposes Things On You That You Cant Control, But You Still Have The Choice Of How Youre Going To Live Through This.\"][/content-quote]</div><div>[content-image number_of_columns=\"col-2\" quantity=\"2\" image_1=\"main/news/6.jpg\" image_2=\"main/news/2.jpg\"][/content-image]</div><h3>Better financial shape</h3><p>Our comprehensive range of financial services and expert guidance are designed to empower individuals, families, and businesses to make informed financial decisions. Whether youre looking to manage debt, build savings, invest wisely, or plan for retirement, our team of seasoned financial professionals is committed to helping you reach your goals. We offer personalized financial assessments, tailored strategies, and cutting-edge tools to maximize your financial well-being. By partnering with us, you gain access to a wealth of knowledge and resources that can transform your financial future.</p><div>[content-listing-style style=\"style-1\" quantity=\"6\" item_1=\"Diverse Solutions Guidance.\" item_2=\"Professionals Assisting You.\" item_3=\"Tailored Strategies for Success.\" item_4=\"Informed Decisions with Technology.\" item_5=\"Health Assessments Provided.\" item_6=\"Strategies for Building Prosperity.\"][/content-listing-style]</div><p>Achieving financial stability and prosperity is a shared goal we all aspire to. At Echo, we understand the significance of being in better financial shape, and we are here to guide you on your journey.</p><br> </br><br> </br>','published',1,'Botble\\Member\\Models\\Member',1,'technology/news/1.jpg',256,NULL,'2024-08-09 11:07:34','2024-08-09 11:07:34'),(2,'5G Rollout Accelerates: Next-Gen Connectivity Transforms Communication','The global rollout of 5G technology gains momentum, promising faster and more reliable connectivity, paving the way for innovations in communication and IoT.','<p>The title conveys a sense of confidence that the economy will weather the banking crisis without suffering severe damage. The term \"banking crisis\" likely refers to a situation where financial institutions face significant challenges, such as insolvency, liquidity problems, or other issues that could affect the stability of the financial sector.</p><div>[content-quote style=\"style-2\" quote=\"Life Imposes Things On You That You Cant Control, But You Still Have The Choice Of How Youre Going To Live Through This\" author=\"Celine Dion\" description=\"Acknowledgment of Lifes Challenges: The quote recognizes that life can be unpredictable and present challenges, obstacles, and hardships that are beyond an individuals control. It emphasizes that adversity is a natural part of the human experience.\" top_left_image=\"main/general/blog-shape-image.png\"][/content-quote]</div><h3>I love how relaxed and flowy this dress is and that it has really delicate</h3><p>Indulge in the epitome of comfort and style with our \"Relaxed and Flowy\" dress, a masterpiece of delicate design and effortless elegance. This dress offers the perfect blend of comfort and sophistication, allowing you to move gracefully through any occasion. Crafted with meticulous attention to detail, its delicate fabric and relaxed silhouette make it a wardrobe essential for those who appreciate both style and comfort. Whether youre strolling through a garden party or enjoying a serene evening out, this dress will be your trusted companion. Discover the beauty of ease and elegance with this exquisite garment.</p><br> </br><div>[content-image number_of_columns=\"col-2\" quantity=\"2\" image_1=\"main/news/3.jpg\" image_2=\"main/news/7.jpg\"][/content-image]</div><div>[content-capitalize text=\"Step into the world of tranquility and charm with our Relaxed and Flowy dress. Its effortless design is a testament to the beauty of simplicity. The gentle, delicate fabric cascades with every movement, creating a mesmerizing dance of fabric and form. This dress embraces you in a feeling of relaxation and freedom, making it perfect for those serene, carefree moments you cherish\"][/content-capitalize]</div><div>[content-capitalize blog_content=\"This dress has a captivating allure with its relaxed and flowy silhouette that exudes a sense of effortlessness. What truly sets it apart are the exquisite, delicate details that adorn the fabric. The dress strikes a harmonious balance between comfort and sophistication, making it a perfect choice for those who value both the ease of relaxed attire and the subtle, intricate beauty that these delicate features bring to the overall design.\"][/content-capitalize]</div><p>It encourages taking personal responsibility for ones responses to lifes trials. Even when faced with difficult circumstances, individuals have the autonomy to choose their emotional and behavioral reactions.</p><br> </br><p>The subtle details and the relaxed fit come together to create an ensemble that effortlessly combines fashion and comfort. Whether youre attending a summer soire or savoring a quiet day by the beach, this dress will be your go-to choice for a look that is both relaxed and elegantly delicate. Elevate your style with this captivating dress that celebrates the beauty of flowy, effortless fashion.\"</p><br> </br><br> </br>','published',2,'Botble\\Member\\Models\\Member',1,'technology/news/2.jpg',2182,NULL,'2024-08-09 11:07:34','2024-08-09 11:07:34'),(3,'Tech Giants Collaborate on Open-Source AI Framework','Leading technology companies join forces to develop an open-source artificial intelligence framework, fostering collaboration and accelerating advancements in AI research.','<p>Introducing the Asus ROG Ally, your ultimate gaming companion that wont compromise your budget. Packed with the high-performance AMD Z1 processor, this gaming laptop redefines whats possible in the sub-$600 price range. Whether youre a casual gamer or a hardcore enthusiast, the Asus ROG Ally has you covered with its impressive hardware and affordability.</p><h3>Data Center Loading & Security</h3><p>The Asus ROG Ally: Unleash Gaming Power on a Budget! Starting at just $600, this gaming marvel is powered by the formidable AMD Z1 processor. Get ready for an immersive gaming experience that wont break the bank, as the Asus ROG Ally combines affordability with cutting-edge technology to ensure you conquer virtual worlds like a true champion.</p><h3>Advance Features</h3><div>[content-listing-style number_of_columns=\"col-2\" quantity=\"6\" item_1=\"Affordable Gaming Power\" item_2=\"AMD Z1 Processor\" item_3=\"Stylish Design\" item_4=\"High-Refresh-Rate Display\" item_5=\"Expandable Storage and Memory\" item_6=\"Gaming Excellence on a Budget\"][/content-listing-style]</div><p>The Asus ROG Ally also offers ample storage and memory options to keep all your games and files within easy reach. You can expand and customize it to meet your specific needs, ensuring youre always prepared for the latest gaming challenges.</p><br> </br><div>[content-image number_of_columns=\"col-2\" quantity=\"2\" image_1=\"main/general/blog-4.png\" image_2=\"main/general/blog-3.png\"][/content-image]</div><div>[content-image number_of_columns=\"col-1\" quantity=\"1\" image_1=\"main/general/blog-5.png\"][/content-image]</div><h3>Features & configurations</h3><div>[content-listing-style number_of_columns=\"col-1\" quantity=\"6\" item_1=\"350-mile range (the bar is 300 miles)\" item_2=\"Your smartphone can be your key to the vehicle\" item_3=\"Reverse charging, so your car can power your house during a power outage\" item_4=\"An impressive 0-60 time of around 3.6 seconds (I like performance)\" item_5=\"A solar panel roof to increase range and supply emergency power\" item_6=\"Convertible-like mode (which really opens the car up)\"][/content-listing-style]</div><p>Asus ROG Ally is your ticket to affordable gaming excellence. With a starting price of just $600, its a game-changer that will take your gaming adventures to the next level. Whether youre a student, a professional, or just someone looking for a fantastic gaming experience without breaking the bank, the Asus ROG Ally with AMD Z1 is your ideal companion. Grab yours now and prepare to dominate the gaming world!</p><br> </br>','published',2,'Botble\\Member\\Models\\Member',1,'technology/news/3.jpg',834,NULL,'2024-08-09 11:07:34','2024-08-09 11:07:34'),(4,'SpaceX Launches Mission to Establish First Human Colony on Mars','Elon Musk\'s SpaceX embarks on a historic mission to establish the first human colony on Mars, marking a significant step toward interplanetary exploration.','<p>Our mission is to assist you in achieving better financial shape, not just for today, but for the long term. We believe that financial security and freedom are within reach for everyone, and were dedicated to providing the guidance and support you need to get there.</p><div>[content-quote author=\"Celine Dion\" quote=\"Life Imposes Things On You That You Cant Control, But You Still Have The Choice Of How Youre Going To Live Through This.\"][/content-quote]</div><div>[content-image number_of_columns=\"col-2\" quantity=\"2\" image_1=\"main/news/6.jpg\" image_2=\"main/news/2.jpg\"][/content-image]</div><h3>Better financial shape</h3><p>Our comprehensive range of financial services and expert guidance are designed to empower individuals, families, and businesses to make informed financial decisions. Whether youre looking to manage debt, build savings, invest wisely, or plan for retirement, our team of seasoned financial professionals is committed to helping you reach your goals. We offer personalized financial assessments, tailored strategies, and cutting-edge tools to maximize your financial well-being. By partnering with us, you gain access to a wealth of knowledge and resources that can transform your financial future.</p><div>[content-listing-style style=\"style-1\" quantity=\"6\" item_1=\"Diverse Solutions Guidance.\" item_2=\"Professionals Assisting You.\" item_3=\"Tailored Strategies for Success.\" item_4=\"Informed Decisions with Technology.\" item_5=\"Health Assessments Provided.\" item_6=\"Strategies for Building Prosperity.\"][/content-listing-style]</div><p>Achieving financial stability and prosperity is a shared goal we all aspire to. At Echo, we understand the significance of being in better financial shape, and we are here to guide you on your journey.</p><br> </br><br> </br>','published',7,'Botble\\Member\\Models\\Member',1,'technology/news/4.jpg',1507,NULL,'2024-08-09 11:07:34','2024-08-09 11:07:34'),(5,'Cybersecurity Advances: New Protocols Bolster Digital Defense','In response to evolving cyber threats, advancements in cybersecurity protocols enhance digital defense measures, protecting individuals and organizations from online attacks.','<p>The title conveys a sense of confidence that the economy will weather the banking crisis without suffering severe damage. The term \"banking crisis\" likely refers to a situation where financial institutions face significant challenges, such as insolvency, liquidity problems, or other issues that could affect the stability of the financial sector.</p><div>[content-quote style=\"style-2\" quote=\"Life Imposes Things On You That You Cant Control, But You Still Have The Choice Of How Youre Going To Live Through This\" author=\"Celine Dion\" description=\"Acknowledgment of Lifes Challenges: The quote recognizes that life can be unpredictable and present challenges, obstacles, and hardships that are beyond an individuals control. It emphasizes that adversity is a natural part of the human experience.\" top_left_image=\"main/general/blog-shape-image.png\"][/content-quote]</div><h3>I love how relaxed and flowy this dress is and that it has really delicate</h3><p>Indulge in the epitome of comfort and style with our \"Relaxed and Flowy\" dress, a masterpiece of delicate design and effortless elegance. This dress offers the perfect blend of comfort and sophistication, allowing you to move gracefully through any occasion. Crafted with meticulous attention to detail, its delicate fabric and relaxed silhouette make it a wardrobe essential for those who appreciate both style and comfort. Whether youre strolling through a garden party or enjoying a serene evening out, this dress will be your trusted companion. Discover the beauty of ease and elegance with this exquisite garment.</p><br> </br><div>[content-image number_of_columns=\"col-2\" quantity=\"2\" image_1=\"main/news/3.jpg\" image_2=\"main/news/7.jpg\"][/content-image]</div><div>[content-capitalize text=\"Step into the world of tranquility and charm with our Relaxed and Flowy dress. Its effortless design is a testament to the beauty of simplicity. The gentle, delicate fabric cascades with every movement, creating a mesmerizing dance of fabric and form. This dress embraces you in a feeling of relaxation and freedom, making it perfect for those serene, carefree moments you cherish\"][/content-capitalize]</div><div>[content-capitalize blog_content=\"This dress has a captivating allure with its relaxed and flowy silhouette that exudes a sense of effortlessness. What truly sets it apart are the exquisite, delicate details that adorn the fabric. The dress strikes a harmonious balance between comfort and sophistication, making it a perfect choice for those who value both the ease of relaxed attire and the subtle, intricate beauty that these delicate features bring to the overall design.\"][/content-capitalize]</div><p>It encourages taking personal responsibility for ones responses to lifes trials. Even when faced with difficult circumstances, individuals have the autonomy to choose their emotional and behavioral reactions.</p><br> </br><p>The subtle details and the relaxed fit come together to create an ensemble that effortlessly combines fashion and comfort. Whether youre attending a summer soire or savoring a quiet day by the beach, this dress will be your go-to choice for a look that is both relaxed and elegantly delicate. Elevate your style with this captivating dress that celebrates the beauty of flowy, effortless fashion.\"</p><br> </br><br> </br>','published',2,'Botble\\Member\\Models\\Member',1,'technology/news/5.jpg',704,NULL,'2024-08-09 11:07:34','2024-08-09 11:07:34'),(6,'Artificial Intelligence in Healthcare: Transformative Solutions for Patient Care','AI technologies continue to revolutionize healthcare, offering transformative solutions for patient care, diagnosis, and personalized treatment plans.','<p>Our mission is to assist you in achieving better financial shape, not just for today, but for the long term. We believe that financial security and freedom are within reach for everyone, and were dedicated to providing the guidance and support you need to get there.</p><div>[content-quote author=\"Celine Dion\" quote=\"Life Imposes Things On You That You Cant Control, But You Still Have The Choice Of How Youre Going To Live Through This.\"][/content-quote]</div><div>[content-image number_of_columns=\"col-2\" quantity=\"2\" image_1=\"main/news/6.jpg\" image_2=\"main/news/2.jpg\"][/content-image]</div><h3>Better financial shape</h3><p>Our comprehensive range of financial services and expert guidance are designed to empower individuals, families, and businesses to make informed financial decisions. Whether youre looking to manage debt, build savings, invest wisely, or plan for retirement, our team of seasoned financial professionals is committed to helping you reach your goals. We offer personalized financial assessments, tailored strategies, and cutting-edge tools to maximize your financial well-being. By partnering with us, you gain access to a wealth of knowledge and resources that can transform your financial future.</p><div>[content-listing-style style=\"style-1\" quantity=\"6\" item_1=\"Diverse Solutions Guidance.\" item_2=\"Professionals Assisting You.\" item_3=\"Tailored Strategies for Success.\" item_4=\"Informed Decisions with Technology.\" item_5=\"Health Assessments Provided.\" item_6=\"Strategies for Building Prosperity.\"][/content-listing-style]</div><p>Achieving financial stability and prosperity is a shared goal we all aspire to. At Echo, we understand the significance of being in better financial shape, and we are here to guide you on your journey.</p><br> </br><br> </br>','published',8,'Botble\\Member\\Models\\Member',1,'technology/news/6.jpg',1552,NULL,'2024-08-09 11:07:34','2024-08-09 11:07:34'),(7,'Robotic Innovations: Autonomous Systems Reshape Industries','Autonomous robotic systems redefine industries as they are increasingly adopted for tasks ranging from manufacturing and logistics to healthcare and agriculture.','<p>The title conveys a sense of confidence that the economy will weather the banking crisis without suffering severe damage. The term \"banking crisis\" likely refers to a situation where financial institutions face significant challenges, such as insolvency, liquidity problems, or other issues that could affect the stability of the financial sector.</p><div>[content-quote style=\"style-2\" quote=\"Life Imposes Things On You That You Cant Control, But You Still Have The Choice Of How Youre Going To Live Through This\" author=\"Celine Dion\" description=\"Acknowledgment of Lifes Challenges: The quote recognizes that life can be unpredictable and present challenges, obstacles, and hardships that are beyond an individuals control. It emphasizes that adversity is a natural part of the human experience.\" top_left_image=\"main/general/blog-shape-image.png\"][/content-quote]</div><h3>I love how relaxed and flowy this dress is and that it has really delicate</h3><p>Indulge in the epitome of comfort and style with our \"Relaxed and Flowy\" dress, a masterpiece of delicate design and effortless elegance. This dress offers the perfect blend of comfort and sophistication, allowing you to move gracefully through any occasion. Crafted with meticulous attention to detail, its delicate fabric and relaxed silhouette make it a wardrobe essential for those who appreciate both style and comfort. Whether youre strolling through a garden party or enjoying a serene evening out, this dress will be your trusted companion. Discover the beauty of ease and elegance with this exquisite garment.</p><br> </br><div>[content-image number_of_columns=\"col-2\" quantity=\"2\" image_1=\"main/news/3.jpg\" image_2=\"main/news/7.jpg\"][/content-image]</div><div>[content-capitalize text=\"Step into the world of tranquility and charm with our Relaxed and Flowy dress. Its effortless design is a testament to the beauty of simplicity. The gentle, delicate fabric cascades with every movement, creating a mesmerizing dance of fabric and form. This dress embraces you in a feeling of relaxation and freedom, making it perfect for those serene, carefree moments you cherish\"][/content-capitalize]</div><div>[content-capitalize blog_content=\"This dress has a captivating allure with its relaxed and flowy silhouette that exudes a sense of effortlessness. What truly sets it apart are the exquisite, delicate details that adorn the fabric. The dress strikes a harmonious balance between comfort and sophistication, making it a perfect choice for those who value both the ease of relaxed attire and the subtle, intricate beauty that these delicate features bring to the overall design.\"][/content-capitalize]</div><p>It encourages taking personal responsibility for ones responses to lifes trials. Even when faced with difficult circumstances, individuals have the autonomy to choose their emotional and behavioral reactions.</p><br> </br><p>The subtle details and the relaxed fit come together to create an ensemble that effortlessly combines fashion and comfort. Whether youre attending a summer soire or savoring a quiet day by the beach, this dress will be your go-to choice for a look that is both relaxed and elegantly delicate. Elevate your style with this captivating dress that celebrates the beauty of flowy, effortless fashion.\"</p><br> </br><br> </br>','published',1,'Botble\\Member\\Models\\Member',1,'technology/news/7.jpg',171,NULL,'2024-08-09 11:07:34','2024-08-09 11:07:34'),(8,'Virtual Reality Breakthrough: Immersive Experiences Redefine Entertainment','Advancements in virtual reality technology lead to immersive experiences that redefine entertainment, gaming, and interactive storytelling.','<p>The title conveys a sense of confidence that the economy will weather the banking crisis without suffering severe damage. The term \"banking crisis\" likely refers to a situation where financial institutions face significant challenges, such as insolvency, liquidity problems, or other issues that could affect the stability of the financial sector.</p><div>[content-quote style=\"style-2\" quote=\"Life Imposes Things On You That You Cant Control, But You Still Have The Choice Of How Youre Going To Live Through This\" author=\"Celine Dion\" description=\"Acknowledgment of Lifes Challenges: The quote recognizes that life can be unpredictable and present challenges, obstacles, and hardships that are beyond an individuals control. It emphasizes that adversity is a natural part of the human experience.\" top_left_image=\"main/general/blog-shape-image.png\"][/content-quote]</div><h3>I love how relaxed and flowy this dress is and that it has really delicate</h3><p>Indulge in the epitome of comfort and style with our \"Relaxed and Flowy\" dress, a masterpiece of delicate design and effortless elegance. This dress offers the perfect blend of comfort and sophistication, allowing you to move gracefully through any occasion. Crafted with meticulous attention to detail, its delicate fabric and relaxed silhouette make it a wardrobe essential for those who appreciate both style and comfort. Whether youre strolling through a garden party or enjoying a serene evening out, this dress will be your trusted companion. Discover the beauty of ease and elegance with this exquisite garment.</p><br> </br><div>[content-image number_of_columns=\"col-2\" quantity=\"2\" image_1=\"main/news/3.jpg\" image_2=\"main/news/7.jpg\"][/content-image]</div><div>[content-capitalize text=\"Step into the world of tranquility and charm with our Relaxed and Flowy dress. Its effortless design is a testament to the beauty of simplicity. The gentle, delicate fabric cascades with every movement, creating a mesmerizing dance of fabric and form. This dress embraces you in a feeling of relaxation and freedom, making it perfect for those serene, carefree moments you cherish\"][/content-capitalize]</div><div>[content-capitalize blog_content=\"This dress has a captivating allure with its relaxed and flowy silhouette that exudes a sense of effortlessness. What truly sets it apart are the exquisite, delicate details that adorn the fabric. The dress strikes a harmonious balance between comfort and sophistication, making it a perfect choice for those who value both the ease of relaxed attire and the subtle, intricate beauty that these delicate features bring to the overall design.\"][/content-capitalize]</div><p>It encourages taking personal responsibility for ones responses to lifes trials. Even when faced with difficult circumstances, individuals have the autonomy to choose their emotional and behavioral reactions.</p><br> </br><p>The subtle details and the relaxed fit come together to create an ensemble that effortlessly combines fashion and comfort. Whether youre attending a summer soire or savoring a quiet day by the beach, this dress will be your go-to choice for a look that is both relaxed and elegantly delicate. Elevate your style with this captivating dress that celebrates the beauty of flowy, effortless fashion.\"</p><br> </br><br> </br>','published',1,'Botble\\Member\\Models\\Member',1,'technology/news/8.jpg',909,NULL,'2024-08-09 11:07:34','2024-08-09 11:07:34'),(9,'Innovative Wearables Track Health Metrics and Enhance Well-Being','Smart wearables with advanced health-tracking features gain popularity, empowering individuals to monitor and improve their well-being through personalized data insights.','<p>Introducing the Asus ROG Ally, your ultimate gaming companion that wont compromise your budget. Packed with the high-performance AMD Z1 processor, this gaming laptop redefines whats possible in the sub-$600 price range. Whether youre a casual gamer or a hardcore enthusiast, the Asus ROG Ally has you covered with its impressive hardware and affordability.</p><h3>Data Center Loading & Security</h3><p>The Asus ROG Ally: Unleash Gaming Power on a Budget! Starting at just $600, this gaming marvel is powered by the formidable AMD Z1 processor. Get ready for an immersive gaming experience that wont break the bank, as the Asus ROG Ally combines affordability with cutting-edge technology to ensure you conquer virtual worlds like a true champion.</p><h3>Advance Features</h3><div>[content-listing-style number_of_columns=\"col-2\" quantity=\"6\" item_1=\"Affordable Gaming Power\" item_2=\"AMD Z1 Processor\" item_3=\"Stylish Design\" item_4=\"High-Refresh-Rate Display\" item_5=\"Expandable Storage and Memory\" item_6=\"Gaming Excellence on a Budget\"][/content-listing-style]</div><p>The Asus ROG Ally also offers ample storage and memory options to keep all your games and files within easy reach. You can expand and customize it to meet your specific needs, ensuring youre always prepared for the latest gaming challenges.</p><br> </br><div>[content-image number_of_columns=\"col-2\" quantity=\"2\" image_1=\"main/general/blog-4.png\" image_2=\"main/general/blog-3.png\"][/content-image]</div><div>[content-image number_of_columns=\"col-1\" quantity=\"1\" image_1=\"main/general/blog-5.png\"][/content-image]</div><h3>Features & configurations</h3><div>[content-listing-style number_of_columns=\"col-1\" quantity=\"6\" item_1=\"350-mile range (the bar is 300 miles)\" item_2=\"Your smartphone can be your key to the vehicle\" item_3=\"Reverse charging, so your car can power your house during a power outage\" item_4=\"An impressive 0-60 time of around 3.6 seconds (I like performance)\" item_5=\"A solar panel roof to increase range and supply emergency power\" item_6=\"Convertible-like mode (which really opens the car up)\"][/content-listing-style]</div><p>Asus ROG Ally is your ticket to affordable gaming excellence. With a starting price of just $600, its a game-changer that will take your gaming adventures to the next level. Whether youre a student, a professional, or just someone looking for a fantastic gaming experience without breaking the bank, the Asus ROG Ally with AMD Z1 is your ideal companion. Grab yours now and prepare to dominate the gaming world!</p><br> </br>','published',2,'Botble\\Member\\Models\\Member',1,'technology/news/9.jpg',1758,NULL,'2024-08-09 11:07:35','2024-08-09 11:07:35'),(10,'Tech for Good: Startups Develop Solutions for Social and Environmental Issues','Tech startups focus on developing innovative solutions to address social and environmental challenges, demonstrating the positive impact of technology on global issues.','<p>Our mission is to assist you in achieving better financial shape, not just for today, but for the long term. We believe that financial security and freedom are within reach for everyone, and were dedicated to providing the guidance and support you need to get there.</p><div>[content-quote author=\"Celine Dion\" quote=\"Life Imposes Things On You That You Cant Control, But You Still Have The Choice Of How Youre Going To Live Through This.\"][/content-quote]</div><div>[content-image number_of_columns=\"col-2\" quantity=\"2\" image_1=\"main/news/6.jpg\" image_2=\"main/news/2.jpg\"][/content-image]</div><h3>Better financial shape</h3><p>Our comprehensive range of financial services and expert guidance are designed to empower individuals, families, and businesses to make informed financial decisions. Whether youre looking to manage debt, build savings, invest wisely, or plan for retirement, our team of seasoned financial professionals is committed to helping you reach your goals. We offer personalized financial assessments, tailored strategies, and cutting-edge tools to maximize your financial well-being. By partnering with us, you gain access to a wealth of knowledge and resources that can transform your financial future.</p><div>[content-listing-style style=\"style-1\" quantity=\"6\" item_1=\"Diverse Solutions Guidance.\" item_2=\"Professionals Assisting You.\" item_3=\"Tailored Strategies for Success.\" item_4=\"Informed Decisions with Technology.\" item_5=\"Health Assessments Provided.\" item_6=\"Strategies for Building Prosperity.\"][/content-listing-style]</div><p>Achieving financial stability and prosperity is a shared goal we all aspire to. At Echo, we understand the significance of being in better financial shape, and we are here to guide you on your journey.</p><br> </br><br> </br>','published',7,'Botble\\Member\\Models\\Member',1,'technology/news/10.jpg',857,NULL,'2024-08-09 11:07:35','2024-08-09 11:07:35'),(11,'AI-Powered Personal Assistants Evolve: Enhancing Productivity and Convenience','AI-powered personal assistants undergo significant advancements, becoming more intuitive and capable of enhancing productivity and convenience in users\' daily lives.','<p>Our mission is to assist you in achieving better financial shape, not just for today, but for the long term. We believe that financial security and freedom are within reach for everyone, and were dedicated to providing the guidance and support you need to get there.</p><div>[content-quote author=\"Celine Dion\" quote=\"Life Imposes Things On You That You Cant Control, But You Still Have The Choice Of How Youre Going To Live Through This.\"][/content-quote]</div><div>[content-image number_of_columns=\"col-2\" quantity=\"2\" image_1=\"main/news/6.jpg\" image_2=\"main/news/2.jpg\"][/content-image]</div><h3>Better financial shape</h3><p>Our comprehensive range of financial services and expert guidance are designed to empower individuals, families, and businesses to make informed financial decisions. Whether youre looking to manage debt, build savings, invest wisely, or plan for retirement, our team of seasoned financial professionals is committed to helping you reach your goals. We offer personalized financial assessments, tailored strategies, and cutting-edge tools to maximize your financial well-being. By partnering with us, you gain access to a wealth of knowledge and resources that can transform your financial future.</p><div>[content-listing-style style=\"style-1\" quantity=\"6\" item_1=\"Diverse Solutions Guidance.\" item_2=\"Professionals Assisting You.\" item_3=\"Tailored Strategies for Success.\" item_4=\"Informed Decisions with Technology.\" item_5=\"Health Assessments Provided.\" item_6=\"Strategies for Building Prosperity.\"][/content-listing-style]</div><p>Achieving financial stability and prosperity is a shared goal we all aspire to. At Echo, we understand the significance of being in better financial shape, and we are here to guide you on your journey.</p><br> </br><br> </br>','published',6,'Botble\\Member\\Models\\Member',0,'technology/news/11.jpg',1124,NULL,'2024-08-09 11:07:35','2024-08-09 11:07:35'),(12,'Blockchain Innovation: Decentralized Finance (DeFi) Reshapes Finance Industry','Blockchain technology drives the rise of decentralized finance (DeFi), reshaping traditional financial systems and offering new possibilities for secure and transparent transactions.','<p>Introducing the Asus ROG Ally, your ultimate gaming companion that wont compromise your budget. Packed with the high-performance AMD Z1 processor, this gaming laptop redefines whats possible in the sub-$600 price range. Whether youre a casual gamer or a hardcore enthusiast, the Asus ROG Ally has you covered with its impressive hardware and affordability.</p><h3>Data Center Loading & Security</h3><p>The Asus ROG Ally: Unleash Gaming Power on a Budget! Starting at just $600, this gaming marvel is powered by the formidable AMD Z1 processor. Get ready for an immersive gaming experience that wont break the bank, as the Asus ROG Ally combines affordability with cutting-edge technology to ensure you conquer virtual worlds like a true champion.</p><h3>Advance Features</h3><div>[content-listing-style number_of_columns=\"col-2\" quantity=\"6\" item_1=\"Affordable Gaming Power\" item_2=\"AMD Z1 Processor\" item_3=\"Stylish Design\" item_4=\"High-Refresh-Rate Display\" item_5=\"Expandable Storage and Memory\" item_6=\"Gaming Excellence on a Budget\"][/content-listing-style]</div><p>The Asus ROG Ally also offers ample storage and memory options to keep all your games and files within easy reach. You can expand and customize it to meet your specific needs, ensuring youre always prepared for the latest gaming challenges.</p><br> </br><div>[content-image number_of_columns=\"col-2\" quantity=\"2\" image_1=\"main/general/blog-4.png\" image_2=\"main/general/blog-3.png\"][/content-image]</div><div>[content-image number_of_columns=\"col-1\" quantity=\"1\" image_1=\"main/general/blog-5.png\"][/content-image]</div><h3>Features & configurations</h3><div>[content-listing-style number_of_columns=\"col-1\" quantity=\"6\" item_1=\"350-mile range (the bar is 300 miles)\" item_2=\"Your smartphone can be your key to the vehicle\" item_3=\"Reverse charging, so your car can power your house during a power outage\" item_4=\"An impressive 0-60 time of around 3.6 seconds (I like performance)\" item_5=\"A solar panel roof to increase range and supply emergency power\" item_6=\"Convertible-like mode (which really opens the car up)\"][/content-listing-style]</div><p>Asus ROG Ally is your ticket to affordable gaming excellence. With a starting price of just $600, its a game-changer that will take your gaming adventures to the next level. Whether youre a student, a professional, or just someone looking for a fantastic gaming experience without breaking the bank, the Asus ROG Ally with AMD Z1 is your ideal companion. Grab yours now and prepare to dominate the gaming world!</p><br> </br>','published',8,'Botble\\Member\\Models\\Member',0,'technology/news/12.jpg',2039,NULL,'2024-08-09 11:07:35','2024-08-09 11:07:35'),(13,'Quantum Internet: Secure Communication Enters a New Era','The development of a quantum internet marks a new era in secure communication, leveraging quantum entanglement for virtually unhackable data transmission.','<p>Our mission is to assist you in achieving better financial shape, not just for today, but for the long term. We believe that financial security and freedom are within reach for everyone, and were dedicated to providing the guidance and support you need to get there.</p><div>[content-quote author=\"Celine Dion\" quote=\"Life Imposes Things On You That You Cant Control, But You Still Have The Choice Of How Youre Going To Live Through This.\"][/content-quote]</div><div>[content-image number_of_columns=\"col-2\" quantity=\"2\" image_1=\"main/news/6.jpg\" image_2=\"main/news/2.jpg\"][/content-image]</div><h3>Better financial shape</h3><p>Our comprehensive range of financial services and expert guidance are designed to empower individuals, families, and businesses to make informed financial decisions. Whether youre looking to manage debt, build savings, invest wisely, or plan for retirement, our team of seasoned financial professionals is committed to helping you reach your goals. We offer personalized financial assessments, tailored strategies, and cutting-edge tools to maximize your financial well-being. By partnering with us, you gain access to a wealth of knowledge and resources that can transform your financial future.</p><div>[content-listing-style style=\"style-1\" quantity=\"6\" item_1=\"Diverse Solutions Guidance.\" item_2=\"Professionals Assisting You.\" item_3=\"Tailored Strategies for Success.\" item_4=\"Informed Decisions with Technology.\" item_5=\"Health Assessments Provided.\" item_6=\"Strategies for Building Prosperity.\"][/content-listing-style]</div><p>Achieving financial stability and prosperity is a shared goal we all aspire to. At Echo, we understand the significance of being in better financial shape, and we are here to guide you on your journey.</p><br> </br><br> </br>','published',4,'Botble\\Member\\Models\\Member',0,'technology/news/13.jpg',1007,NULL,'2024-08-09 11:07:35','2024-08-09 11:07:35'),(14,'Drone Technology Advances: Applications Expand Across Industries','Drone technology continues to advance, expanding its applications across industries such as agriculture, construction, surveillance, and delivery services.','<p>Introducing the Asus ROG Ally, your ultimate gaming companion that wont compromise your budget. Packed with the high-performance AMD Z1 processor, this gaming laptop redefines whats possible in the sub-$600 price range. Whether youre a casual gamer or a hardcore enthusiast, the Asus ROG Ally has you covered with its impressive hardware and affordability.</p><h3>Data Center Loading & Security</h3><p>The Asus ROG Ally: Unleash Gaming Power on a Budget! Starting at just $600, this gaming marvel is powered by the formidable AMD Z1 processor. Get ready for an immersive gaming experience that wont break the bank, as the Asus ROG Ally combines affordability with cutting-edge technology to ensure you conquer virtual worlds like a true champion.</p><h3>Advance Features</h3><div>[content-listing-style number_of_columns=\"col-2\" quantity=\"6\" item_1=\"Affordable Gaming Power\" item_2=\"AMD Z1 Processor\" item_3=\"Stylish Design\" item_4=\"High-Refresh-Rate Display\" item_5=\"Expandable Storage and Memory\" item_6=\"Gaming Excellence on a Budget\"][/content-listing-style]</div><p>The Asus ROG Ally also offers ample storage and memory options to keep all your games and files within easy reach. You can expand and customize it to meet your specific needs, ensuring youre always prepared for the latest gaming challenges.</p><br> </br><div>[content-image number_of_columns=\"col-2\" quantity=\"2\" image_1=\"main/general/blog-4.png\" image_2=\"main/general/blog-3.png\"][/content-image]</div><div>[content-image number_of_columns=\"col-1\" quantity=\"1\" image_1=\"main/general/blog-5.png\"][/content-image]</div><h3>Features & configurations</h3><div>[content-listing-style number_of_columns=\"col-1\" quantity=\"6\" item_1=\"350-mile range (the bar is 300 miles)\" item_2=\"Your smartphone can be your key to the vehicle\" item_3=\"Reverse charging, so your car can power your house during a power outage\" item_4=\"An impressive 0-60 time of around 3.6 seconds (I like performance)\" item_5=\"A solar panel roof to increase range and supply emergency power\" item_6=\"Convertible-like mode (which really opens the car up)\"][/content-listing-style]</div><p>Asus ROG Ally is your ticket to affordable gaming excellence. With a starting price of just $600, its a game-changer that will take your gaming adventures to the next level. Whether youre a student, a professional, or just someone looking for a fantastic gaming experience without breaking the bank, the Asus ROG Ally with AMD Z1 is your ideal companion. Grab yours now and prepare to dominate the gaming world!</p><br> </br>','published',3,'Botble\\Member\\Models\\Member',0,'technology/news/14.jpg',1932,NULL,'2024-08-09 11:07:35','2024-08-09 11:07:35'),(15,'Biotechnology Breakthrough: CRISPR-Cas9 Enables Precision Gene Editing','The CRISPR-Cas9 gene-editing technology reaches new heights, enabling precise and targeted modifications in the genetic code with profound implications for medicine and biotechnology.','<p>Our mission is to assist you in achieving better financial shape, not just for today, but for the long term. We believe that financial security and freedom are within reach for everyone, and were dedicated to providing the guidance and support you need to get there.</p><div>[content-quote author=\"Celine Dion\" quote=\"Life Imposes Things On You That You Cant Control, But You Still Have The Choice Of How Youre Going To Live Through This.\"][/content-quote]</div><div>[content-image number_of_columns=\"col-2\" quantity=\"2\" image_1=\"main/news/6.jpg\" image_2=\"main/news/2.jpg\"][/content-image]</div><h3>Better financial shape</h3><p>Our comprehensive range of financial services and expert guidance are designed to empower individuals, families, and businesses to make informed financial decisions. Whether youre looking to manage debt, build savings, invest wisely, or plan for retirement, our team of seasoned financial professionals is committed to helping you reach your goals. We offer personalized financial assessments, tailored strategies, and cutting-edge tools to maximize your financial well-being. By partnering with us, you gain access to a wealth of knowledge and resources that can transform your financial future.</p><div>[content-listing-style style=\"style-1\" quantity=\"6\" item_1=\"Diverse Solutions Guidance.\" item_2=\"Professionals Assisting You.\" item_3=\"Tailored Strategies for Success.\" item_4=\"Informed Decisions with Technology.\" item_5=\"Health Assessments Provided.\" item_6=\"Strategies for Building Prosperity.\"][/content-listing-style]</div><p>Achieving financial stability and prosperity is a shared goal we all aspire to. At Echo, we understand the significance of being in better financial shape, and we are here to guide you on your journey.</p><br> </br><br> </br>','published',2,'Botble\\Member\\Models\\Member',0,'technology/news/15.jpg',2047,NULL,'2024-08-09 11:07:35','2024-08-09 11:07:35'),(16,'Augmented Reality in Education: Interactive Learning Experiences for Students','Augmented reality transforms education, providing students with interactive and immersive learning experiences that enhance engagement and comprehension.','<p>Our mission is to assist you in achieving better financial shape, not just for today, but for the long term. We believe that financial security and freedom are within reach for everyone, and were dedicated to providing the guidance and support you need to get there.</p><div>[content-quote author=\"Celine Dion\" quote=\"Life Imposes Things On You That You Cant Control, But You Still Have The Choice Of How Youre Going To Live Through This.\"][/content-quote]</div><div>[content-image number_of_columns=\"col-2\" quantity=\"2\" image_1=\"main/news/6.jpg\" image_2=\"main/news/2.jpg\"][/content-image]</div><h3>Better financial shape</h3><p>Our comprehensive range of financial services and expert guidance are designed to empower individuals, families, and businesses to make informed financial decisions. Whether youre looking to manage debt, build savings, invest wisely, or plan for retirement, our team of seasoned financial professionals is committed to helping you reach your goals. We offer personalized financial assessments, tailored strategies, and cutting-edge tools to maximize your financial well-being. By partnering with us, you gain access to a wealth of knowledge and resources that can transform your financial future.</p><div>[content-listing-style style=\"style-1\" quantity=\"6\" item_1=\"Diverse Solutions Guidance.\" item_2=\"Professionals Assisting You.\" item_3=\"Tailored Strategies for Success.\" item_4=\"Informed Decisions with Technology.\" item_5=\"Health Assessments Provided.\" item_6=\"Strategies for Building Prosperity.\"][/content-listing-style]</div><p>Achieving financial stability and prosperity is a shared goal we all aspire to. At Echo, we understand the significance of being in better financial shape, and we are here to guide you on your journey.</p><br> </br><br> </br>','published',5,'Botble\\Member\\Models\\Member',0,'technology/news/16.jpg',199,NULL,'2024-08-09 11:07:35','2024-08-09 11:07:35'),(17,'AI in Autonomous Vehicles: Advancements in Self-Driving Car Technology','AI algorithms and sensors in autonomous vehicles continue to advance, bringing us closer to widespread adoption of self-driving cars with improved safety features.','<p>Introducing the Asus ROG Ally, your ultimate gaming companion that wont compromise your budget. Packed with the high-performance AMD Z1 processor, this gaming laptop redefines whats possible in the sub-$600 price range. Whether youre a casual gamer or a hardcore enthusiast, the Asus ROG Ally has you covered with its impressive hardware and affordability.</p><h3>Data Center Loading & Security</h3><p>The Asus ROG Ally: Unleash Gaming Power on a Budget! Starting at just $600, this gaming marvel is powered by the formidable AMD Z1 processor. Get ready for an immersive gaming experience that wont break the bank, as the Asus ROG Ally combines affordability with cutting-edge technology to ensure you conquer virtual worlds like a true champion.</p><h3>Advance Features</h3><div>[content-listing-style number_of_columns=\"col-2\" quantity=\"6\" item_1=\"Affordable Gaming Power\" item_2=\"AMD Z1 Processor\" item_3=\"Stylish Design\" item_4=\"High-Refresh-Rate Display\" item_5=\"Expandable Storage and Memory\" item_6=\"Gaming Excellence on a Budget\"][/content-listing-style]</div><p>The Asus ROG Ally also offers ample storage and memory options to keep all your games and files within easy reach. You can expand and customize it to meet your specific needs, ensuring youre always prepared for the latest gaming challenges.</p><br> </br><div>[content-image number_of_columns=\"col-2\" quantity=\"2\" image_1=\"main/general/blog-4.png\" image_2=\"main/general/blog-3.png\"][/content-image]</div><div>[content-image number_of_columns=\"col-1\" quantity=\"1\" image_1=\"main/general/blog-5.png\"][/content-image]</div><h3>Features & configurations</h3><div>[content-listing-style number_of_columns=\"col-1\" quantity=\"6\" item_1=\"350-mile range (the bar is 300 miles)\" item_2=\"Your smartphone can be your key to the vehicle\" item_3=\"Reverse charging, so your car can power your house during a power outage\" item_4=\"An impressive 0-60 time of around 3.6 seconds (I like performance)\" item_5=\"A solar panel roof to increase range and supply emergency power\" item_6=\"Convertible-like mode (which really opens the car up)\"][/content-listing-style]</div><p>Asus ROG Ally is your ticket to affordable gaming excellence. With a starting price of just $600, its a game-changer that will take your gaming adventures to the next level. Whether youre a student, a professional, or just someone looking for a fantastic gaming experience without breaking the bank, the Asus ROG Ally with AMD Z1 is your ideal companion. Grab yours now and prepare to dominate the gaming world!</p><br> </br>','published',5,'Botble\\Member\\Models\\Member',0,'technology/news/17.jpg',1046,NULL,'2024-08-09 11:07:35','2024-08-09 11:07:35'),(18,'Green Tech Innovations: Sustainable Solutions for a Greener Future','Green technology innovations focus on sustainable solutions, ranging from renewable energy sources to eco-friendly manufacturing practices, contributing to a greener future.','<p>Our mission is to assist you in achieving better financial shape, not just for today, but for the long term. We believe that financial security and freedom are within reach for everyone, and were dedicated to providing the guidance and support you need to get there.</p><div>[content-quote author=\"Celine Dion\" quote=\"Life Imposes Things On You That You Cant Control, But You Still Have The Choice Of How Youre Going To Live Through This.\"][/content-quote]</div><div>[content-image number_of_columns=\"col-2\" quantity=\"2\" image_1=\"main/news/6.jpg\" image_2=\"main/news/2.jpg\"][/content-image]</div><h3>Better financial shape</h3><p>Our comprehensive range of financial services and expert guidance are designed to empower individuals, families, and businesses to make informed financial decisions. Whether youre looking to manage debt, build savings, invest wisely, or plan for retirement, our team of seasoned financial professionals is committed to helping you reach your goals. We offer personalized financial assessments, tailored strategies, and cutting-edge tools to maximize your financial well-being. By partnering with us, you gain access to a wealth of knowledge and resources that can transform your financial future.</p><div>[content-listing-style style=\"style-1\" quantity=\"6\" item_1=\"Diverse Solutions Guidance.\" item_2=\"Professionals Assisting You.\" item_3=\"Tailored Strategies for Success.\" item_4=\"Informed Decisions with Technology.\" item_5=\"Health Assessments Provided.\" item_6=\"Strategies for Building Prosperity.\"][/content-listing-style]</div><p>Achieving financial stability and prosperity is a shared goal we all aspire to. At Echo, we understand the significance of being in better financial shape, and we are here to guide you on your journey.</p><br> </br><br> </br>','published',7,'Botble\\Member\\Models\\Member',0,'technology/news/18.jpg',1975,NULL,'2024-08-09 11:07:35','2024-08-09 11:07:35'),(19,'Space Tourism Soars: Commercial Companies Make Strides in Space Travel','Commercial space travel gains momentum as private companies make significant strides in offering space tourism experiences, opening up new frontiers for adventurous individuals.','<p>Our mission is to assist you in achieving better financial shape, not just for today, but for the long term. We believe that financial security and freedom are within reach for everyone, and were dedicated to providing the guidance and support you need to get there.</p><div>[content-quote author=\"Celine Dion\" quote=\"Life Imposes Things On You That You Cant Control, But You Still Have The Choice Of How Youre Going To Live Through This.\"][/content-quote]</div><div>[content-image number_of_columns=\"col-2\" quantity=\"2\" image_1=\"main/news/6.jpg\" image_2=\"main/news/2.jpg\"][/content-image]</div><h3>Better financial shape</h3><p>Our comprehensive range of financial services and expert guidance are designed to empower individuals, families, and businesses to make informed financial decisions. Whether youre looking to manage debt, build savings, invest wisely, or plan for retirement, our team of seasoned financial professionals is committed to helping you reach your goals. We offer personalized financial assessments, tailored strategies, and cutting-edge tools to maximize your financial well-being. By partnering with us, you gain access to a wealth of knowledge and resources that can transform your financial future.</p><div>[content-listing-style style=\"style-1\" quantity=\"6\" item_1=\"Diverse Solutions Guidance.\" item_2=\"Professionals Assisting You.\" item_3=\"Tailored Strategies for Success.\" item_4=\"Informed Decisions with Technology.\" item_5=\"Health Assessments Provided.\" item_6=\"Strategies for Building Prosperity.\"][/content-listing-style]</div><p>Achieving financial stability and prosperity is a shared goal we all aspire to. At Echo, we understand the significance of being in better financial shape, and we are here to guide you on your journey.</p><br> </br><br> </br>','published',4,'Botble\\Member\\Models\\Member',0,'technology/news/19.jpg',334,NULL,'2024-08-09 11:07:35','2024-08-09 11:07:35'),(20,'Humanoid Robots in Everyday Life: AI Companions and Assistants','Humanoid robots equipped with advanced artificial intelligence become more integrated into everyday life, serving as companions and assistants in various settings.','<p>The title conveys a sense of confidence that the economy will weather the banking crisis without suffering severe damage. The term \"banking crisis\" likely refers to a situation where financial institutions face significant challenges, such as insolvency, liquidity problems, or other issues that could affect the stability of the financial sector.</p><div>[content-quote style=\"style-2\" quote=\"Life Imposes Things On You That You Cant Control, But You Still Have The Choice Of How Youre Going To Live Through This\" author=\"Celine Dion\" description=\"Acknowledgment of Lifes Challenges: The quote recognizes that life can be unpredictable and present challenges, obstacles, and hardships that are beyond an individuals control. It emphasizes that adversity is a natural part of the human experience.\" top_left_image=\"main/general/blog-shape-image.png\"][/content-quote]</div><h3>I love how relaxed and flowy this dress is and that it has really delicate</h3><p>Indulge in the epitome of comfort and style with our \"Relaxed and Flowy\" dress, a masterpiece of delicate design and effortless elegance. This dress offers the perfect blend of comfort and sophistication, allowing you to move gracefully through any occasion. Crafted with meticulous attention to detail, its delicate fabric and relaxed silhouette make it a wardrobe essential for those who appreciate both style and comfort. Whether youre strolling through a garden party or enjoying a serene evening out, this dress will be your trusted companion. Discover the beauty of ease and elegance with this exquisite garment.</p><br> </br><div>[content-image number_of_columns=\"col-2\" quantity=\"2\" image_1=\"main/news/3.jpg\" image_2=\"main/news/7.jpg\"][/content-image]</div><div>[content-capitalize text=\"Step into the world of tranquility and charm with our Relaxed and Flowy dress. Its effortless design is a testament to the beauty of simplicity. The gentle, delicate fabric cascades with every movement, creating a mesmerizing dance of fabric and form. This dress embraces you in a feeling of relaxation and freedom, making it perfect for those serene, carefree moments you cherish\"][/content-capitalize]</div><div>[content-capitalize blog_content=\"This dress has a captivating allure with its relaxed and flowy silhouette that exudes a sense of effortlessness. What truly sets it apart are the exquisite, delicate details that adorn the fabric. The dress strikes a harmonious balance between comfort and sophistication, making it a perfect choice for those who value both the ease of relaxed attire and the subtle, intricate beauty that these delicate features bring to the overall design.\"][/content-capitalize]</div><p>It encourages taking personal responsibility for ones responses to lifes trials. Even when faced with difficult circumstances, individuals have the autonomy to choose their emotional and behavioral reactions.</p><br> </br><p>The subtle details and the relaxed fit come together to create an ensemble that effortlessly combines fashion and comfort. Whether youre attending a summer soire or savoring a quiet day by the beach, this dress will be your go-to choice for a look that is both relaxed and elegantly delicate. Elevate your style with this captivating dress that celebrates the beauty of flowy, effortless fashion.\"</p><br> </br><br> </br>','published',3,'Botble\\Member\\Models\\Member',0,'technology/news/20.jpg',879,NULL,'2024-08-09 11:07:35','2024-08-09 11:07:35');
/*!40000 ALTER TABLE `posts` ENABLE KEYS */;
UNLOCK TABLES;

--
-- Table structure for table `posts_translations`
--

DROP TABLE IF EXISTS `posts_translations`;
/*!40101 SET @saved_cs_client     = @@character_set_client */;
/*!50503 SET character_set_client = utf8mb4 */;
CREATE TABLE `posts_translations` (
  `lang_code` varchar(20) COLLATE utf8mb4_unicode_ci NOT NULL,
  `posts_id` bigint unsigned NOT NULL,
  `name` varchar(191) COLLATE utf8mb4_unicode_ci DEFAULT NULL,
  `description` varchar(400) COLLATE utf8mb4_unicode_ci DEFAULT NULL,
  `content` longtext COLLATE utf8mb4_unicode_ci,
  PRIMARY KEY (`lang_code`,`posts_id`)
) ENGINE=InnoDB DEFAULT CHARSET=utf8mb4 COLLATE=utf8mb4_unicode_ci;
/*!40101 SET character_set_client = @saved_cs_client */;

--
-- Dumping data for table `posts_translations`
--

LOCK TABLES `posts_translations` WRITE;
/*!40000 ALTER TABLE `posts_translations` DISABLE KEYS */;
/*!40000 ALTER TABLE `posts_translations` ENABLE KEYS */;
UNLOCK TABLES;

--
-- Table structure for table `request_logs`
--

DROP TABLE IF EXISTS `request_logs`;
/*!40101 SET @saved_cs_client     = @@character_set_client */;
/*!50503 SET character_set_client = utf8mb4 */;
CREATE TABLE `request_logs` (
  `id` bigint unsigned NOT NULL AUTO_INCREMENT,
  `status_code` int DEFAULT NULL,
  `url` varchar(191) COLLATE utf8mb4_unicode_ci DEFAULT NULL,
  `count` int unsigned NOT NULL DEFAULT '0',
  `user_id` varchar(191) COLLATE utf8mb4_unicode_ci DEFAULT NULL,
  `referrer` text COLLATE utf8mb4_unicode_ci,
  `created_at` timestamp NULL DEFAULT NULL,
  `updated_at` timestamp NULL DEFAULT NULL,
  PRIMARY KEY (`id`)
) ENGINE=InnoDB DEFAULT CHARSET=utf8mb4 COLLATE=utf8mb4_unicode_ci;
/*!40101 SET character_set_client = @saved_cs_client */;

--
-- Dumping data for table `request_logs`
--

LOCK TABLES `request_logs` WRITE;
/*!40000 ALTER TABLE `request_logs` DISABLE KEYS */;
/*!40000 ALTER TABLE `request_logs` ENABLE KEYS */;
UNLOCK TABLES;

--
-- Table structure for table `revisions`
--

DROP TABLE IF EXISTS `revisions`;
/*!40101 SET @saved_cs_client     = @@character_set_client */;
/*!50503 SET character_set_client = utf8mb4 */;
CREATE TABLE `revisions` (
  `id` bigint unsigned NOT NULL AUTO_INCREMENT,
  `revisionable_type` varchar(191) COLLATE utf8mb4_unicode_ci NOT NULL,
  `revisionable_id` bigint unsigned NOT NULL,
  `user_id` bigint unsigned DEFAULT NULL,
  `key` varchar(120) COLLATE utf8mb4_unicode_ci NOT NULL,
  `old_value` text COLLATE utf8mb4_unicode_ci,
  `new_value` text COLLATE utf8mb4_unicode_ci,
  `created_at` timestamp NULL DEFAULT NULL,
  `updated_at` timestamp NULL DEFAULT NULL,
  PRIMARY KEY (`id`),
  KEY `revisions_revisionable_id_revisionable_type_index` (`revisionable_id`,`revisionable_type`)
) ENGINE=InnoDB DEFAULT CHARSET=utf8mb4 COLLATE=utf8mb4_unicode_ci;
/*!40101 SET character_set_client = @saved_cs_client */;

--
-- Dumping data for table `revisions`
--

LOCK TABLES `revisions` WRITE;
/*!40000 ALTER TABLE `revisions` DISABLE KEYS */;
/*!40000 ALTER TABLE `revisions` ENABLE KEYS */;
UNLOCK TABLES;

--
-- Table structure for table `role_users`
--

DROP TABLE IF EXISTS `role_users`;
/*!40101 SET @saved_cs_client     = @@character_set_client */;
/*!50503 SET character_set_client = utf8mb4 */;
CREATE TABLE `role_users` (
  `user_id` bigint unsigned NOT NULL,
  `role_id` bigint unsigned NOT NULL,
  `created_at` timestamp NULL DEFAULT NULL,
  `updated_at` timestamp NULL DEFAULT NULL,
  PRIMARY KEY (`user_id`,`role_id`),
  KEY `role_users_user_id_index` (`user_id`),
  KEY `role_users_role_id_index` (`role_id`)
) ENGINE=InnoDB DEFAULT CHARSET=utf8mb4 COLLATE=utf8mb4_unicode_ci;
/*!40101 SET character_set_client = @saved_cs_client */;

--
-- Dumping data for table `role_users`
--

LOCK TABLES `role_users` WRITE;
/*!40000 ALTER TABLE `role_users` DISABLE KEYS */;
/*!40000 ALTER TABLE `role_users` ENABLE KEYS */;
UNLOCK TABLES;

--
-- Table structure for table `roles`
--

DROP TABLE IF EXISTS `roles`;
/*!40101 SET @saved_cs_client     = @@character_set_client */;
/*!50503 SET character_set_client = utf8mb4 */;
CREATE TABLE `roles` (
  `id` bigint unsigned NOT NULL AUTO_INCREMENT,
  `slug` varchar(120) COLLATE utf8mb4_unicode_ci NOT NULL,
  `name` varchar(120) COLLATE utf8mb4_unicode_ci NOT NULL,
  `permissions` text COLLATE utf8mb4_unicode_ci,
  `description` varchar(400) COLLATE utf8mb4_unicode_ci DEFAULT NULL,
  `is_default` tinyint unsigned NOT NULL DEFAULT '0',
  `created_by` bigint unsigned NOT NULL,
  `updated_by` bigint unsigned NOT NULL,
  `created_at` timestamp NULL DEFAULT NULL,
  `updated_at` timestamp NULL DEFAULT NULL,
  PRIMARY KEY (`id`),
  UNIQUE KEY `roles_slug_unique` (`slug`),
  KEY `roles_created_by_index` (`created_by`),
  KEY `roles_updated_by_index` (`updated_by`)
) ENGINE=InnoDB AUTO_INCREMENT=2 DEFAULT CHARSET=utf8mb4 COLLATE=utf8mb4_unicode_ci;
/*!40101 SET character_set_client = @saved_cs_client */;

--
-- Dumping data for table `roles`
--

LOCK TABLES `roles` WRITE;
/*!40000 ALTER TABLE `roles` DISABLE KEYS */;
INSERT INTO `roles` VALUES (1,'admin','Admin','{\"users.index\":true,\"users.create\":true,\"users.edit\":true,\"users.destroy\":true,\"roles.index\":true,\"roles.create\":true,\"roles.edit\":true,\"roles.destroy\":true,\"core.system\":true,\"core.cms\":true,\"core.manage.license\":true,\"systems.cronjob\":true,\"core.tools\":true,\"tools.data-synchronize\":true,\"media.index\":true,\"files.index\":true,\"files.create\":true,\"files.edit\":true,\"files.trash\":true,\"files.destroy\":true,\"folders.index\":true,\"folders.create\":true,\"folders.edit\":true,\"folders.trash\":true,\"folders.destroy\":true,\"settings.index\":true,\"settings.common\":true,\"settings.options\":true,\"settings.email\":true,\"settings.media\":true,\"settings.admin-appearance\":true,\"settings.cache\":true,\"settings.datatables\":true,\"settings.email.rules\":true,\"settings.others\":true,\"menus.index\":true,\"menus.create\":true,\"menus.edit\":true,\"menus.destroy\":true,\"optimize.settings\":true,\"pages.index\":true,\"pages.create\":true,\"pages.edit\":true,\"pages.destroy\":true,\"plugins.index\":true,\"plugins.edit\":true,\"plugins.remove\":true,\"plugins.marketplace\":true,\"core.appearance\":true,\"theme.index\":true,\"theme.activate\":true,\"theme.remove\":true,\"theme.options\":true,\"theme.custom-css\":true,\"theme.custom-js\":true,\"theme.custom-html\":true,\"theme.robots-txt\":true,\"settings.website-tracking\":true,\"widgets.index\":true,\"ads.index\":true,\"ads.create\":true,\"ads.edit\":true,\"ads.destroy\":true,\"ads.settings\":true,\"analytics.general\":true,\"analytics.page\":true,\"analytics.browser\":true,\"analytics.referrer\":true,\"analytics.settings\":true,\"announcements.index\":true,\"announcements.create\":true,\"announcements.edit\":true,\"announcements.destroy\":true,\"announcements.settings\":true,\"audit-log.index\":true,\"audit-log.destroy\":true,\"backups.index\":true,\"backups.create\":true,\"backups.restore\":true,\"backups.destroy\":true,\"plugins.blog\":true,\"posts.index\":true,\"posts.create\":true,\"posts.edit\":true,\"posts.destroy\":true,\"categories.index\":true,\"categories.create\":true,\"categories.edit\":true,\"categories.destroy\":true,\"tags.index\":true,\"tags.create\":true,\"tags.edit\":true,\"tags.destroy\":true,\"blog.settings\":true,\"posts.export\":true,\"posts.import\":true,\"captcha.settings\":true,\"contacts.index\":true,\"contacts.edit\":true,\"contacts.destroy\":true,\"contact.settings\":true,\"fob-comment.index\":true,\"fob-comment.comments.index\":true,\"fob-comment.comments.edit\":true,\"fob-comment.comments.destroy\":true,\"fob-comment.comments.reply\":true,\"fob-comment.settings\":true,\"galleries.index\":true,\"galleries.create\":true,\"galleries.edit\":true,\"galleries.destroy\":true,\"languages.index\":true,\"languages.create\":true,\"languages.edit\":true,\"languages.destroy\":true,\"member.index\":true,\"member.create\":true,\"member.edit\":true,\"member.destroy\":true,\"member.settings\":true,\"newsletter.index\":true,\"newsletter.destroy\":true,\"newsletter.settings\":true,\"request-log.index\":true,\"request-log.destroy\":true,\"social-login.settings\":true,\"plugins.translation\":true,\"translations.locales\":true,\"translations.theme-translations\":true,\"translations.index\":true,\"theme-translations.export\":true,\"other-translations.export\":true,\"theme-translations.import\":true,\"other-translations.import\":true}','Admin users role',1,1,1,'2024-08-09 11:07:09','2024-08-09 11:07:09');
/*!40000 ALTER TABLE `roles` ENABLE KEYS */;
UNLOCK TABLES;

--
-- Table structure for table `settings`
--

DROP TABLE IF EXISTS `settings`;
/*!40101 SET @saved_cs_client     = @@character_set_client */;
/*!50503 SET character_set_client = utf8mb4 */;
CREATE TABLE `settings` (
  `id` bigint unsigned NOT NULL AUTO_INCREMENT,
  `key` varchar(191) COLLATE utf8mb4_unicode_ci NOT NULL,
  `value` text COLLATE utf8mb4_unicode_ci,
  `created_at` timestamp NULL DEFAULT NULL,
  `updated_at` timestamp NULL DEFAULT NULL,
  PRIMARY KEY (`id`),
  UNIQUE KEY `settings_key_unique` (`key`)
) ENGINE=InnoDB AUTO_INCREMENT=67 DEFAULT CHARSET=utf8mb4 COLLATE=utf8mb4_unicode_ci;
/*!40101 SET character_set_client = @saved_cs_client */;

--
-- Dumping data for table `settings`
--

LOCK TABLES `settings` WRITE;
/*!40000 ALTER TABLE `settings` DISABLE KEYS */;
INSERT INTO `settings` VALUES (2,'api_enabled','0',NULL,'2024-08-09 11:07:41'),(3,'activated_plugins','[\"language\",\"language-advanced\",\"ads\",\"ai-writer\",\"analytics\",\"announcement\",\"audit-log\",\"backup\",\"blog\",\"captcha\",\"contact\",\"cookie-consent\",\"fob-comment\",\"gallery\",\"member\",\"newsletter\",\"note\",\"request-log\",\"rss-feed\",\"social-login\",\"translation\"]',NULL,'2024-08-09 11:07:41'),(4,'ai_writer_proxy_enable','0',NULL,'2024-08-09 11:07:41'),(5,'ai_writer_proxy_protocol',NULL,NULL,'2024-08-09 11:07:41'),(6,'ai_writer_proxy_ip',NULL,NULL,'2024-08-09 11:07:41'),(7,'ai_writer_proxy_port',NULL,NULL,'2024-08-09 11:07:41'),(8,'ai_writer_proxy_username',NULL,NULL,'2024-08-09 11:07:41'),(9,'ai_writer_proxy_password',NULL,NULL,'2024-08-09 11:07:41'),(10,'ai_writer_prompt_template','[{\"title\":\"Product Content\",\"content\":\"You will be a marketer. I will give the information of the product, you will write an introductory article about that product, the article requires google seo standards and is highly persuasive to increase the rate of users closing orders.\\nParameters product:\"},{\"title\":\"Post Content\",\"content\":\"You will be a marketer. Articles about:\"}]',NULL,'2024-08-09 11:07:41'),(11,'ai_writer_openai_key',NULL,NULL,'2024-08-09 11:07:41'),(12,'ai_writer_openai_temperature','1',NULL,'2024-08-09 11:07:41'),(13,'ai_writer_openai_max_tokens','2000',NULL,'2024-08-09 11:07:41'),(14,'ai_writer_openai_frequency_penalty','0',NULL,'2024-08-09 11:07:41'),(15,'ai_writer_openai_presence_penalty','0',NULL,'2024-08-09 11:07:41'),(16,'ai_writer_openai_models','[\"gpt-3.5-turbo\"]',NULL,'2024-08-09 11:07:41'),(17,'ai_writer_openai_default_model','gpt-3.5-turbo',NULL,'2024-08-09 11:07:41'),(18,'ai_writer_spin_template','[]',NULL,'2024-08-09 11:07:41'),(21,'language_hide_default','1',NULL,'2024-08-09 11:07:41'),(22,'language_switcher_display','dropdown',NULL,'2024-08-09 11:07:41'),(23,'language_display','all',NULL,'2024-08-09 11:07:41'),(24,'language_hide_languages','[]',NULL,'2024-08-09 11:07:41'),(25,'media_random_hash','4763c230dfe0c74fe8c7a14151df0fa0',NULL,'2024-08-09 11:07:41'),(26,'theme','echo-technology',NULL,'2024-08-09 11:07:41'),(27,'show_admin_bar','1',NULL,'2024-08-09 11:07:41'),(28,'admin_favicon','main/general/favicon.png',NULL,'2024-08-09 11:07:41'),(29,'admin_logo','main/general/logo-dark.png',NULL,'2024-08-09 11:07:41'),(30,'permalink-botble-blog-models-post','blog',NULL,'2024-08-09 11:07:41'),(31,'permalink-botble-blog-models-category','blog',NULL,'2024-08-09 11:07:41'),(32,'theme-echo-technology-site_name','Echo - Technology',NULL,'2024-08-09 11:07:41'),(33,'theme-echo-technology-site_title','News & Magazine Laravel Script.',NULL,'2024-08-09 11:07:41'),(34,'theme-echo-technology-seo_description','Echo is a modern, clean, and professional Laravel script that is suitable for news, magazine, blog, and any kind of website.',NULL,'2024-08-09 11:07:41'),(35,'theme-echo-technology-homepage_id','1',NULL,'2024-08-09 11:07:41'),(36,'theme-echo-technology-logo','technology/general/logo.png',NULL,'2024-08-09 11:07:41'),(37,'theme-echo-technology-logo_dark','main/general/logo-dark.png',NULL,'2024-08-09 11:07:41'),(38,'theme-echo-technology-favicon','technology/general/favicon.png',NULL,'2024-08-09 11:07:41'),(39,'theme-echo-technology-blog_page_id','4',NULL,'2024-08-09 11:07:41'),(40,'theme-echo-technology-primary_font','Inter',NULL,'2024-08-09 11:07:41'),(41,'theme-echo-technology-heading_font','Bona Nova',NULL,'2024-08-09 11:07:41'),(42,'theme-echo-technology-theme_style','auto',NULL,'2024-08-09 11:07:41'),(43,'theme-echo-technology-secondary_color','#191A23',NULL,'2024-08-09 11:07:41'),(44,'theme-echo-technology-breadcrumb_background_image','main/backgrounds/breadcrumb.png',NULL,'2024-08-09 11:07:41'),(45,'theme-echo-technology-breadcrumb_background_color','transparent',NULL,'2024-08-09 11:07:41'),(46,'theme-echo-technology-breadcrumb_text_color','',NULL,'2024-08-09 11:07:41'),(47,'theme-echo-technology-blog_author_style','avatar_start',NULL,'2024-08-09 11:07:41'),(48,'theme-echo-technology-blog_description_style','normal',NULL,'2024-08-09 11:07:41'),(49,'theme-echo-technology-copyright','%Y Archi Elite JSC. All Rights Reserved.',NULL,'2024-08-09 11:07:41'),(50,'theme-echo-technology-language_switcher_enabled','1',NULL,'2024-08-09 11:07:41'),(51,'theme-echo-technology-newsletter_popup_enable','1',NULL,'2024-08-09 11:07:41'),(52,'theme-echo-technology-newsletter_popup_image','main/general/newsletter-popup.png',NULL,'2024-08-09 11:07:41'),(53,'theme-echo-technology-newsletter_popup_title','Lets join our newsletter!',NULL,'2024-08-09 11:07:41'),(54,'theme-echo-technology-newsletter_popup_subtitle','Weekly Updates',NULL,'2024-08-09 11:07:41'),(55,'theme-echo-technology-newsletter_popup_description','Do not worry we dont spam!',NULL,'2024-08-09 11:07:41'),(56,'theme-echo-technology-social_links','[[{\"key\":\"name\",\"value\":\"Facebook\"},{\"key\":\"icon\",\"value\":\"ti ti-brand-facebook\"},{\"key\":\"url\",\"value\":\"https:\\/\\/www.facebook.com\\/\"}],[{\"key\":\"name\",\"value\":\"Instagram\"},{\"key\":\"icon\",\"value\":\"ti ti-brand-instagram\"},{\"key\":\"url\",\"value\":\"https:\\/\\/www.instagram.com\\/\"}],[{\"key\":\"name\",\"value\":\"Twitter\"},{\"key\":\"icon\",\"value\":\"ti ti-brand-x\"},{\"key\":\"url\",\"value\":\"https:\\/\\/www.twitter.com\\/\"}],[{\"key\":\"name\",\"value\":\"YouTube\"},{\"key\":\"icon\",\"value\":\"ti ti-brand-youtube\"},{\"key\":\"url\",\"value\":\"https:\\/\\/www.youtube.com\\/\"}],[{\"key\":\"name\",\"value\":\"Pinterest\"},{\"key\":\"icon\",\"value\":\"ti ti-brand-pinterest\"},{\"key\":\"url\",\"value\":\"https:\\/\\/www.pinterest.com\\/\"}]]',NULL,'2024-08-09 11:07:41'),(57,'theme-echo-technology-social_sharing','[[{\"key\":\"social\",\"value\":\"facebook\"},{\"key\":\"icon\",\"value\":\"ti ti-brand-facebook\"}],[{\"key\":\"social\",\"value\":\"x\"},{\"key\":\"icon\",\"value\":\"ti ti-brand-x\"}],[{\"key\":\"social\",\"value\":\"pinterest\"},{\"key\":\"icon\",\"value\":\"ti ti-brand-pinterest\"}],[{\"key\":\"social\",\"value\":\"linkedin\"},{\"key\":\"icon\",\"value\":\"ti ti-brand-linkedin\"}],[{\"key\":\"social\",\"value\":\"whatsapp\"},{\"key\":\"icon\",\"value\":\"ti ti-brand-whatsapp\"}],[{\"key\":\"social\",\"value\":\"email\"},{\"key\":\"icon\",\"value\":\"ti ti-mail\"}]]',NULL,'2024-08-09 11:07:41'),(58,'theme-echo-technology-primary_color','#924FFF',NULL,'2024-08-09 11:07:41'),(59,'theme-echo-technology-tertiary_color','#f05600',NULL,'2024-08-09 11:07:41'),(60,'announcement_max_width','1390',NULL,NULL),(61,'announcement_text_color','#fefefe',NULL,NULL),(62,'announcement_background_color','#924FFF',NULL,NULL),(63,'announcement_text_alignment','center',NULL,NULL),(64,'announcement_dismissible','1',NULL,NULL),(65,'announcement_font_size','14',NULL,NULL),(66,'announcement_font_size_unit','px',NULL,NULL);
/*!40000 ALTER TABLE `settings` ENABLE KEYS */;
UNLOCK TABLES;

--
-- Table structure for table `slugs`
--

DROP TABLE IF EXISTS `slugs`;
/*!40101 SET @saved_cs_client     = @@character_set_client */;
/*!50503 SET character_set_client = utf8mb4 */;
CREATE TABLE `slugs` (
  `id` bigint unsigned NOT NULL AUTO_INCREMENT,
  `key` varchar(191) COLLATE utf8mb4_unicode_ci NOT NULL,
  `reference_id` bigint unsigned NOT NULL,
  `reference_type` varchar(191) COLLATE utf8mb4_unicode_ci NOT NULL,
  `prefix` varchar(120) COLLATE utf8mb4_unicode_ci DEFAULT '',
  `created_at` timestamp NULL DEFAULT NULL,
  `updated_at` timestamp NULL DEFAULT NULL,
  PRIMARY KEY (`id`),
  KEY `slugs_reference_id_index` (`reference_id`),
  KEY `slugs_key_index` (`key`),
  KEY `slugs_prefix_index` (`prefix`),
  KEY `slugs_reference_index` (`reference_id`,`reference_type`)
) ENGINE=InnoDB AUTO_INCREMENT=75 DEFAULT CHARSET=utf8mb4 COLLATE=utf8mb4_unicode_ci;
/*!40101 SET character_set_client = @saved_cs_client */;

--
-- Dumping data for table `slugs`
--

LOCK TABLES `slugs` WRITE;
/*!40000 ALTER TABLE `slugs` DISABLE KEYS */;
INSERT INTO `slugs` VALUES (1,'smith',1,'Botble\\Member\\Models\\Member','author','2024-08-09 11:07:13','2024-08-09 11:07:42'),(2,'hansen',2,'Botble\\Member\\Models\\Member','author','2024-08-09 11:07:13','2024-08-09 11:07:42'),(3,'durgan',3,'Botble\\Member\\Models\\Member','author','2024-08-09 11:07:13','2024-08-09 11:07:42'),(4,'marks',4,'Botble\\Member\\Models\\Member','author','2024-08-09 11:07:13','2024-08-09 11:07:42'),(5,'toy',5,'Botble\\Member\\Models\\Member','author','2024-08-09 11:07:13','2024-08-09 11:07:42'),(6,'swift',6,'Botble\\Member\\Models\\Member','author','2024-08-09 11:07:13','2024-08-09 11:07:42'),(7,'tillman',7,'Botble\\Member\\Models\\Member','author','2024-08-09 11:07:13','2024-08-09 11:07:42'),(8,'kuphal',8,'Botble\\Member\\Models\\Member','author','2024-08-09 11:07:13','2024-08-09 11:07:42'),(9,'artificial-intelligence',1,'Botble\\Blog\\Models\\Category','blog','2024-08-09 11:07:26','2024-08-09 11:07:35'),(10,'cybersecurity',2,'Botble\\Blog\\Models\\Category','blog','2024-08-09 11:07:26','2024-08-09 11:07:35'),(11,'blockchain-technology',3,'Botble\\Blog\\Models\\Category','blog','2024-08-09 11:07:26','2024-08-09 11:07:35'),(12,'5g-and-connectivity',4,'Botble\\Blog\\Models\\Category','blog','2024-08-09 11:07:26','2024-08-09 11:07:35'),(13,'augmented-reality-ar',5,'Botble\\Blog\\Models\\Category','blog','2024-08-09 11:07:26','2024-08-09 11:07:35'),(14,'green-technology',6,'Botble\\Blog\\Models\\Category','blog','2024-08-09 11:07:26','2024-08-09 11:07:35'),(15,'quantum-computing',7,'Botble\\Blog\\Models\\Category','blog','2024-08-09 11:07:26','2024-08-09 11:07:35'),(16,'edge-computing',8,'Botble\\Blog\\Models\\Category','blog','2024-08-09 11:07:26','2024-08-09 11:07:35'),(17,'ai',1,'Botble\\Blog\\Models\\Tag','tag','2024-08-09 11:07:26','2024-08-09 11:07:26'),(18,'machine-learning',2,'Botble\\Blog\\Models\\Tag','tag','2024-08-09 11:07:26','2024-08-09 11:07:26'),(19,'neural-networks',3,'Botble\\Blog\\Models\\Tag','tag','2024-08-09 11:07:26','2024-08-09 11:07:26'),(20,'data-security',4,'Botble\\Blog\\Models\\Tag','tag','2024-08-09 11:07:26','2024-08-09 11:07:26'),(21,'blockchain',5,'Botble\\Blog\\Models\\Tag','tag','2024-08-09 11:07:26','2024-08-09 11:07:26'),(22,'cryptocurrency',6,'Botble\\Blog\\Models\\Tag','tag','2024-08-09 11:07:26','2024-08-09 11:07:26'),(23,'iot',7,'Botble\\Blog\\Models\\Tag','tag','2024-08-09 11:07:26','2024-08-09 11:07:26'),(24,'ar-gaming',8,'Botble\\Blog\\Models\\Tag','tag','2024-08-09 11:07:26','2024-08-09 11:07:26'),(25,'breakthrough-in-quantum-computing-computing-power-reaches-milestone',1,'Botble\\Blog\\Models\\Post','blog','2024-08-09 11:07:34','2024-08-09 11:07:35'),(26,'5g-rollout-accelerates-next-gen-connectivity-transforms-communication',2,'Botble\\Blog\\Models\\Post','blog','2024-08-09 11:07:34','2024-08-09 11:07:35'),(27,'tech-giants-collaborate-on-open-source-ai-framework',3,'Botble\\Blog\\Models\\Post','blog','2024-08-09 11:07:34','2024-08-09 11:07:35'),(28,'spacex-launches-mission-to-establish-first-human-colony-on-mars',4,'Botble\\Blog\\Models\\Post','blog','2024-08-09 11:07:34','2024-08-09 11:07:35'),(29,'cybersecurity-advances-new-protocols-bolster-digital-defense',5,'Botble\\Blog\\Models\\Post','blog','2024-08-09 11:07:34','2024-08-09 11:07:35'),(30,'artificial-intelligence-in-healthcare-transformative-solutions-for-patient-care',6,'Botble\\Blog\\Models\\Post','blog','2024-08-09 11:07:34','2024-08-09 11:07:35'),(31,'robotic-innovations-autonomous-systems-reshape-industries',7,'Botble\\Blog\\Models\\Post','blog','2024-08-09 11:07:34','2024-08-09 11:07:35'),(32,'virtual-reality-breakthrough-immersive-experiences-redefine-entertainment',8,'Botble\\Blog\\Models\\Post','blog','2024-08-09 11:07:35','2024-08-09 11:07:35'),(33,'innovative-wearables-track-health-metrics-and-enhance-well-being',9,'Botble\\Blog\\Models\\Post','blog','2024-08-09 11:07:35','2024-08-09 11:07:35'),(34,'tech-for-good-startups-develop-solutions-for-social-and-environmental-issues',10,'Botble\\Blog\\Models\\Post','blog','2024-08-09 11:07:35','2024-08-09 11:07:35'),(35,'ai-powered-personal-assistants-evolve-enhancing-productivity-and-convenience',11,'Botble\\Blog\\Models\\Post','blog','2024-08-09 11:07:35','2024-08-09 11:07:35'),(36,'blockchain-innovation-decentralized-finance-defi-reshapes-finance-industry',12,'Botble\\Blog\\Models\\Post','blog','2024-08-09 11:07:35','2024-08-09 11:07:35'),(37,'quantum-internet-secure-communication-enters-a-new-era',13,'Botble\\Blog\\Models\\Post','blog','2024-08-09 11:07:35','2024-08-09 11:07:35'),(38,'drone-technology-advances-applications-expand-across-industries',14,'Botble\\Blog\\Models\\Post','blog','2024-08-09 11:07:35','2024-08-09 11:07:35'),(39,'biotechnology-breakthrough-crispr-cas9-enables-precision-gene-editing',15,'Botble\\Blog\\Models\\Post','blog','2024-08-09 11:07:35','2024-08-09 11:07:35'),(40,'augmented-reality-in-education-interactive-learning-experiences-for-students',16,'Botble\\Blog\\Models\\Post','blog','2024-08-09 11:07:35','2024-08-09 11:07:35'),(41,'ai-in-autonomous-vehicles-advancements-in-self-driving-car-technology',17,'Botble\\Blog\\Models\\Post','blog','2024-08-09 11:07:35','2024-08-09 11:07:35'),(42,'green-tech-innovations-sustainable-solutions-for-a-greener-future',18,'Botble\\Blog\\Models\\Post','blog','2024-08-09 11:07:35','2024-08-09 11:07:35'),(43,'space-tourism-soars-commercial-companies-make-strides-in-space-travel',19,'Botble\\Blog\\Models\\Post','blog','2024-08-09 11:07:35','2024-08-09 11:07:35'),(44,'humanoid-robots-in-everyday-life-ai-companions-and-assistants',20,'Botble\\Blog\\Models\\Post','blog','2024-08-09 11:07:35','2024-08-09 11:07:35'),(45,'perfect',1,'Botble\\Gallery\\Models\\Gallery','galleries','2024-08-09 11:07:35','2024-08-09 11:07:35'),(46,'new-day',2,'Botble\\Gallery\\Models\\Gallery','galleries','2024-08-09 11:07:35','2024-08-09 11:07:35'),(47,'happy-day',3,'Botble\\Gallery\\Models\\Gallery','galleries','2024-08-09 11:07:35','2024-08-09 11:07:35'),(48,'nature',4,'Botble\\Gallery\\Models\\Gallery','galleries','2024-08-09 11:07:35','2024-08-09 11:07:35'),(49,'morning',5,'Botble\\Gallery\\Models\\Gallery','galleries','2024-08-09 11:07:35','2024-08-09 11:07:35'),(50,'sunset',6,'Botble\\Gallery\\Models\\Gallery','galleries','2024-08-09 11:07:35','2024-08-09 11:07:35'),(51,'ocean-views',7,'Botble\\Gallery\\Models\\Gallery','galleries','2024-08-09 11:07:35','2024-08-09 11:07:35'),(52,'adventure-time',8,'Botble\\Gallery\\Models\\Gallery','galleries','2024-08-09 11:07:35','2024-08-09 11:07:35'),(53,'city-lights',9,'Botble\\Gallery\\Models\\Gallery','galleries','2024-08-09 11:07:35','2024-08-09 11:07:35'),(54,'dreamscape',10,'Botble\\Gallery\\Models\\Gallery','galleries','2024-08-09 11:07:35','2024-08-09 11:07:35'),(55,'enchanted-forest',11,'Botble\\Gallery\\Models\\Gallery','galleries','2024-08-09 11:07:35','2024-08-09 11:07:35'),(56,'golden-hour',12,'Botble\\Gallery\\Models\\Gallery','galleries','2024-08-09 11:07:35','2024-08-09 11:07:35'),(57,'serenity',13,'Botble\\Gallery\\Models\\Gallery','galleries','2024-08-09 11:07:35','2024-08-09 11:07:35'),(58,'eternal-beauty',14,'Botble\\Gallery\\Models\\Gallery','galleries','2024-08-09 11:07:35','2024-08-09 11:07:35'),(59,'moonlight-magic',15,'Botble\\Gallery\\Models\\Gallery','galleries','2024-08-09 11:07:35','2024-08-09 11:07:35'),(60,'starry-night',16,'Botble\\Gallery\\Models\\Gallery','galleries','2024-08-09 11:07:35','2024-08-09 11:07:35'),(61,'hidden-gems',17,'Botble\\Gallery\\Models\\Gallery','galleries','2024-08-09 11:07:35','2024-08-09 11:07:35'),(62,'tranquil-waters',18,'Botble\\Gallery\\Models\\Gallery','galleries','2024-08-09 11:07:35','2024-08-09 11:07:35'),(63,'urban-escape',19,'Botble\\Gallery\\Models\\Gallery','galleries','2024-08-09 11:07:35','2024-08-09 11:07:35'),(64,'twilight-zone',20,'Botble\\Gallery\\Models\\Gallery','galleries','2024-08-09 11:07:35','2024-08-09 11:07:35'),(65,'homepage',1,'Botble\\Page\\Models\\Page','','2024-08-09 11:07:35','2024-08-09 11:07:35'),(66,'about-us',2,'Botble\\Page\\Models\\Page','','2024-08-09 11:07:35','2024-08-09 11:07:35'),(67,'contact',3,'Botble\\Page\\Models\\Page','','2024-08-09 11:07:35','2024-08-09 11:07:35'),(68,'blog',4,'Botble\\Page\\Models\\Page','','2024-08-09 11:07:35','2024-08-09 11:07:35'),(69,'team',5,'Botble\\Page\\Models\\Page','','2024-08-09 11:07:35','2024-08-09 11:07:35'),(70,'cookie-policy',6,'Botble\\Page\\Models\\Page','','2024-08-09 11:07:35','2024-08-09 11:07:35'),(71,'terms-of-use',7,'Botble\\Page\\Models\\Page','','2024-08-09 11:07:35','2024-08-09 11:07:35'),(72,'privacy-policy',8,'Botble\\Page\\Models\\Page','','2024-08-09 11:07:35','2024-08-09 11:07:35'),(73,'advertise',9,'Botble\\Page\\Models\\Page','','2024-08-09 11:07:35','2024-08-09 11:07:35'),(74,'faq',10,'Botble\\Page\\Models\\Page','','2024-08-09 11:07:35','2024-08-09 11:07:35');
/*!40000 ALTER TABLE `slugs` ENABLE KEYS */;
UNLOCK TABLES;

--
-- Table structure for table `slugs_translations`
--

DROP TABLE IF EXISTS `slugs_translations`;
/*!40101 SET @saved_cs_client     = @@character_set_client */;
/*!50503 SET character_set_client = utf8mb4 */;
CREATE TABLE `slugs_translations` (
  `lang_code` varchar(20) COLLATE utf8mb4_unicode_ci NOT NULL,
  `slugs_id` bigint unsigned NOT NULL,
  `key` varchar(191) COLLATE utf8mb4_unicode_ci DEFAULT NULL,
  `prefix` varchar(120) COLLATE utf8mb4_unicode_ci DEFAULT '',
  PRIMARY KEY (`lang_code`,`slugs_id`)
) ENGINE=InnoDB DEFAULT CHARSET=utf8mb4 COLLATE=utf8mb4_unicode_ci;
/*!40101 SET character_set_client = @saved_cs_client */;

--
-- Dumping data for table `slugs_translations`
--

LOCK TABLES `slugs_translations` WRITE;
/*!40000 ALTER TABLE `slugs_translations` DISABLE KEYS */;
/*!40000 ALTER TABLE `slugs_translations` ENABLE KEYS */;
UNLOCK TABLES;

--
-- Table structure for table `tags`
--

DROP TABLE IF EXISTS `tags`;
/*!40101 SET @saved_cs_client     = @@character_set_client */;
/*!50503 SET character_set_client = utf8mb4 */;
CREATE TABLE `tags` (
  `id` bigint unsigned NOT NULL AUTO_INCREMENT,
  `name` varchar(120) COLLATE utf8mb4_unicode_ci NOT NULL,
  `author_id` bigint unsigned DEFAULT NULL,
  `author_type` varchar(191) COLLATE utf8mb4_unicode_ci NOT NULL DEFAULT 'Botble\\ACL\\Models\\User',
  `description` varchar(400) COLLATE utf8mb4_unicode_ci DEFAULT NULL,
  `status` varchar(60) COLLATE utf8mb4_unicode_ci NOT NULL DEFAULT 'published',
  `created_at` timestamp NULL DEFAULT NULL,
  `updated_at` timestamp NULL DEFAULT NULL,
  PRIMARY KEY (`id`)
) ENGINE=InnoDB AUTO_INCREMENT=9 DEFAULT CHARSET=utf8mb4 COLLATE=utf8mb4_unicode_ci;
/*!40101 SET character_set_client = @saved_cs_client */;

--
-- Dumping data for table `tags`
--

LOCK TABLES `tags` WRITE;
/*!40000 ALTER TABLE `tags` DISABLE KEYS */;
INSERT INTO `tags` VALUES (1,'AI',NULL,'Botble\\ACL\\Models\\User',NULL,'published','2024-08-09 11:07:26','2024-08-09 11:07:26'),(2,'Machine Learning',NULL,'Botble\\ACL\\Models\\User',NULL,'published','2024-08-09 11:07:26','2024-08-09 11:07:26'),(3,'Neural Networks',NULL,'Botble\\ACL\\Models\\User',NULL,'published','2024-08-09 11:07:26','2024-08-09 11:07:26'),(4,'Data Security',NULL,'Botble\\ACL\\Models\\User',NULL,'published','2024-08-09 11:07:26','2024-08-09 11:07:26'),(5,'Blockchain',NULL,'Botble\\ACL\\Models\\User',NULL,'published','2024-08-09 11:07:26','2024-08-09 11:07:26'),(6,'Cryptocurrency',NULL,'Botble\\ACL\\Models\\User',NULL,'published','2024-08-09 11:07:26','2024-08-09 11:07:26'),(7,'IoT',NULL,'Botble\\ACL\\Models\\User',NULL,'published','2024-08-09 11:07:26','2024-08-09 11:07:26'),(8,'AR Gaming',NULL,'Botble\\ACL\\Models\\User',NULL,'published','2024-08-09 11:07:26','2024-08-09 11:07:26');
/*!40000 ALTER TABLE `tags` ENABLE KEYS */;
UNLOCK TABLES;

--
-- Table structure for table `tags_translations`
--

DROP TABLE IF EXISTS `tags_translations`;
/*!40101 SET @saved_cs_client     = @@character_set_client */;
/*!50503 SET character_set_client = utf8mb4 */;
CREATE TABLE `tags_translations` (
  `lang_code` varchar(20) COLLATE utf8mb4_unicode_ci NOT NULL,
  `tags_id` bigint unsigned NOT NULL,
  `name` varchar(191) COLLATE utf8mb4_unicode_ci DEFAULT NULL,
  `description` varchar(400) COLLATE utf8mb4_unicode_ci DEFAULT NULL,
  PRIMARY KEY (`lang_code`,`tags_id`)
) ENGINE=InnoDB DEFAULT CHARSET=utf8mb4 COLLATE=utf8mb4_unicode_ci;
/*!40101 SET character_set_client = @saved_cs_client */;

--
-- Dumping data for table `tags_translations`
--

LOCK TABLES `tags_translations` WRITE;
/*!40000 ALTER TABLE `tags_translations` DISABLE KEYS */;
/*!40000 ALTER TABLE `tags_translations` ENABLE KEYS */;
UNLOCK TABLES;

--
-- Table structure for table `user_meta`
--

DROP TABLE IF EXISTS `user_meta`;
/*!40101 SET @saved_cs_client     = @@character_set_client */;
/*!50503 SET character_set_client = utf8mb4 */;
CREATE TABLE `user_meta` (
  `id` bigint unsigned NOT NULL AUTO_INCREMENT,
  `key` varchar(120) COLLATE utf8mb4_unicode_ci DEFAULT NULL,
  `value` text COLLATE utf8mb4_unicode_ci,
  `user_id` bigint unsigned NOT NULL,
  `created_at` timestamp NULL DEFAULT NULL,
  `updated_at` timestamp NULL DEFAULT NULL,
  PRIMARY KEY (`id`),
  KEY `user_meta_user_id_index` (`user_id`)
) ENGINE=InnoDB DEFAULT CHARSET=utf8mb4 COLLATE=utf8mb4_unicode_ci;
/*!40101 SET character_set_client = @saved_cs_client */;

--
-- Dumping data for table `user_meta`
--

LOCK TABLES `user_meta` WRITE;
/*!40000 ALTER TABLE `user_meta` DISABLE KEYS */;
/*!40000 ALTER TABLE `user_meta` ENABLE KEYS */;
UNLOCK TABLES;

--
-- Table structure for table `users`
--

DROP TABLE IF EXISTS `users`;
/*!40101 SET @saved_cs_client     = @@character_set_client */;
/*!50503 SET character_set_client = utf8mb4 */;
CREATE TABLE `users` (
  `id` bigint unsigned NOT NULL AUTO_INCREMENT,
  `email` varchar(191) COLLATE utf8mb4_unicode_ci NOT NULL,
  `email_verified_at` timestamp NULL DEFAULT NULL,
  `password` varchar(120) COLLATE utf8mb4_unicode_ci DEFAULT NULL,
  `remember_token` varchar(100) COLLATE utf8mb4_unicode_ci DEFAULT NULL,
  `created_at` timestamp NULL DEFAULT NULL,
  `updated_at` timestamp NULL DEFAULT NULL,
  `first_name` varchar(120) COLLATE utf8mb4_unicode_ci DEFAULT NULL,
  `last_name` varchar(120) COLLATE utf8mb4_unicode_ci DEFAULT NULL,
  `username` varchar(60) COLLATE utf8mb4_unicode_ci DEFAULT NULL,
  `avatar_id` bigint unsigned DEFAULT NULL,
  `super_user` tinyint(1) NOT NULL DEFAULT '0',
  `manage_supers` tinyint(1) NOT NULL DEFAULT '0',
  `permissions` text COLLATE utf8mb4_unicode_ci,
  `last_login` timestamp NULL DEFAULT NULL,
  PRIMARY KEY (`id`),
  UNIQUE KEY `users_email_unique` (`email`),
  UNIQUE KEY `users_username_unique` (`username`)
) ENGINE=InnoDB AUTO_INCREMENT=2 DEFAULT CHARSET=utf8mb4 COLLATE=utf8mb4_unicode_ci;
/*!40101 SET character_set_client = @saved_cs_client */;

--
-- Dumping data for table `users`
--

LOCK TABLES `users` WRITE;
/*!40000 ALTER TABLE `users` DISABLE KEYS */;
INSERT INTO `users` VALUES (1,'einar94@balistreri.com',NULL,'$2y$12$71LdXUz0aSUXsetCVucv7ev1H0Ja49GqYUVjFycPMYz8y8A7oY2mW',NULL,'2024-08-09 11:07:09','2024-08-09 11:07:09','Lorenza','Lynch','admin',NULL,1,1,NULL,NULL);
/*!40000 ALTER TABLE `users` ENABLE KEYS */;
UNLOCK TABLES;

--
-- Table structure for table `widgets`
--

DROP TABLE IF EXISTS `widgets`;
/*!40101 SET @saved_cs_client     = @@character_set_client */;
/*!50503 SET character_set_client = utf8mb4 */;
CREATE TABLE `widgets` (
  `id` bigint unsigned NOT NULL AUTO_INCREMENT,
  `widget_id` varchar(120) COLLATE utf8mb4_unicode_ci NOT NULL,
  `sidebar_id` varchar(120) COLLATE utf8mb4_unicode_ci NOT NULL,
  `theme` varchar(120) COLLATE utf8mb4_unicode_ci NOT NULL,
  `position` tinyint unsigned NOT NULL DEFAULT '0',
  `data` text COLLATE utf8mb4_unicode_ci,
  `created_at` timestamp NULL DEFAULT NULL,
  `updated_at` timestamp NULL DEFAULT NULL,
  PRIMARY KEY (`id`)
) ENGINE=InnoDB AUTO_INCREMENT=13 DEFAULT CHARSET=utf8mb4 COLLATE=utf8mb4_unicode_ci;
/*!40101 SET character_set_client = @saved_cs_client */;

--
-- Dumping data for table `widgets`
--

LOCK TABLES `widgets` WRITE;
/*!40000 ALTER TABLE `widgets` DISABLE KEYS */;
INSERT INTO `widgets` VALUES (1,'BlogPostsWidget','menu_sidebar','echo-technology',1,'{\"type\":\"recent\",\"category_ids\":[1,2,3],\"limit\":3}','2024-08-09 11:07:42','2024-08-09 11:07:42'),(2,'SocialLinksWidget','menu_sidebar','echo-technology',2,'[]','2024-08-09 11:07:42','2024-08-09 11:07:42'),(3,'BlogCategoriesWidget','primary_sidebar','echo-technology',1,'{\"title\":\"Popular Categories\",\"id\":\"BlogCategoriesWidget\",\"enable_lazy_loading\":\"yes\",\"quantity\":\"5\",\"category_id_1\":\"1\",\"background_image_1\":\"main\\/blog-categories\\/1.png\",\"background_color_1\":\"rgb(174 81 43)\",\"category_id_2\":\"2\",\"background_image_2\":\"main\\/blog-categories\\/2.png\",\"background_color_2\":\"rgb(102 64 165)\",\"category_id_3\":\"3\",\"background_image_3\":\"main\\/blog-categories\\/3.png\",\"background_color_3\":\"rgb(85 163 168)\",\"category_id_4\":\"4\",\"background_image_4\":\"main\\/blog-categories\\/4.png\",\"background_color_4\":\"rgb(83 39 21)\",\"category_id_5\":\"5\",\"background_image_5\":\"main\\/blog-categories\\/5.png\",\"background_color_5\":\"rgb(85 163 168)\"}','2024-08-09 11:07:42','2024-08-09 11:07:42'),(4,'BlogPostsWidget','primary_sidebar','echo-technology',2,'{\"type\":\"popular\",\"card_style\":\"default-card\",\"shape\":\"square\",\"category_ids\":[1,3,4],\"title\":\"Top Story\",\"limit\":4,\"enable_lazy_loading\":\"yes\"}','2024-08-09 11:07:42','2024-08-09 11:07:42'),(5,'FollowUsWidget','primary_sidebar','echo-technology',3,'{\"id\":\"FollowUsWidget\",\"items\":[[{\"key\":\"title\",\"value\":\"20K Fans\"},{\"key\":\"icon\",\"value\":\"ti ti-brand-facebook\"},{\"key\":\"url\",\"value\":\"https:\\/\\/facebook.com\"}],[{\"key\":\"title\",\"value\":\"10K Followers\"},{\"key\":\"icon\",\"value\":\"ti ti-brand-x\"},{\"key\":\"url\",\"value\":\"https:\\/\\/twitter.com\"}],[{\"key\":\"title\",\"value\":\"50K Followers\"},{\"key\":\"icon\",\"value\":\"ti ti-brand-instagram\"},{\"key\":\"url\",\"value\":\"https:\\/\\/instagram.com\"}],[{\"key\":\"title\",\"value\":\"30K Followers\"},{\"key\":\"icon\",\"value\":\"ti ti-brand-linkedin\"},{\"key\":\"url\",\"value\":\"https:\\/\\/linkedin.com\"}],[{\"key\":\"title\",\"value\":\"30K Followers\"},{\"key\":\"icon\",\"value\":\"ti ti-brand-pinterest\"},{\"key\":\"url\",\"value\":\"https:\\/\\/pinterest.com\"}],[{\"key\":\"title\",\"value\":\"04K Subscribers\"},{\"key\":\"icon\",\"value\":\"ti ti-brand-youtube\"},{\"key\":\"url\",\"value\":\"https:\\/\\/youtube.com\"}]]}','2024-08-09 11:07:42','2024-08-09 11:07:42'),(6,'FollowUsWidget','custom_sidebar_1','echo-technology',1,'{\"id\":\"FollowUsWidget\",\"items\":[[{\"key\":\"title\",\"value\":\"20K Fans\"},{\"key\":\"icon\",\"value\":\"ti ti-brand-facebook\"},{\"key\":\"url\",\"value\":\"https:\\/\\/facebook.com\"}],[{\"key\":\"title\",\"value\":\"10K Followers\"},{\"key\":\"icon\",\"value\":\"ti ti-brand-x\"},{\"key\":\"url\",\"value\":\"https:\\/\\/twitter.com\"}],[{\"key\":\"title\",\"value\":\"50K Followers\"},{\"key\":\"icon\",\"value\":\"ti ti-brand-instagram\"},{\"key\":\"url\",\"value\":\"https:\\/\\/instagram.com\"}],[{\"key\":\"title\",\"value\":\"30K Followers\"},{\"key\":\"icon\",\"value\":\"ti ti-brand-linkedin\"},{\"key\":\"url\",\"value\":\"https:\\/\\/linkedin.com\"}],[{\"key\":\"title\",\"value\":\"30K Followers\"},{\"key\":\"icon\",\"value\":\"ti ti-brand-pinterest\"},{\"key\":\"url\",\"value\":\"https:\\/\\/pinterest.com\"}],[{\"key\":\"title\",\"value\":\"04K Subscribers\"},{\"key\":\"icon\",\"value\":\"ti ti-brand-youtube\"},{\"key\":\"url\",\"value\":\"https:\\/\\/youtube.com\"}]]}','2024-08-09 11:07:42','2024-08-09 11:07:42'),(7,'BlogPostsWidget','custom_sidebar_1','echo-technology',2,'{\"id\":\"BlogPostsWidget\",\"title\":\"New Podcasts\",\"style\":\"default-card\",\"shape\":\"circle\",\"category_ids\":[2,3]}','2024-08-09 11:07:42','2024-08-09 11:07:42'),(8,'ActionButtonsWidget','header_sidebar','echo-technology',1,'{\"id\":\"ActionButtonsWidget\",\"enable_search_button\":false,\"enable_dark_light_switcher_button\":true,\"enable_toggle_side_menu_button\":false,\"enable_newsletter_button\":false}','2024-08-09 11:07:42','2024-08-09 11:07:42'),(9,'SiteInformationWidget','footer_sidebar','echo-technology',1,'{\"id\":\"SiteInformationWidget\",\"title\":\"Get In Touch\",\"email\":\"Info@Demomail.Com\",\"hotline\":\"(00) 236 123 456 88\",\"address\":\"255 Sheet, New Avanew, NY\"}','2024-08-09 11:07:42','2024-08-09 11:07:42'),(10,'Botble\\Widget\\Widgets\\CoreSimpleMenu','footer_sidebar','echo-technology',2,'{\"id\":\"Botble\\\\Widget\\\\Widgets\\\\CoreSimpleMenu\",\"name\":\"Most Popular\",\"style\":\"2-column\",\"items\":[[{\"key\":\"label\",\"value\":\"Artificial Intelligence\"},{\"key\":\"url\",\"value\":\"http:\\/\\/localhost\\/blog\\/artificial-intelligence\"}],[{\"key\":\"label\",\"value\":\"Cybersecurity\"},{\"key\":\"url\",\"value\":\"http:\\/\\/localhost\\/blog\\/cybersecurity\"}],[{\"key\":\"label\",\"value\":\"Blockchain Technology\"},{\"key\":\"url\",\"value\":\"http:\\/\\/localhost\\/blog\\/blockchain-technology\"}],[{\"key\":\"label\",\"value\":\"5G and Connectivity\"},{\"key\":\"url\",\"value\":\"http:\\/\\/localhost\\/blog\\/5g-and-connectivity\"}],[{\"key\":\"label\",\"value\":\"Augmented Reality (AR)\"},{\"key\":\"url\",\"value\":\"http:\\/\\/localhost\\/blog\\/augmented-reality-ar\"}]]}','2024-08-09 11:07:42','2024-08-09 11:07:42'),(11,'Botble\\Widget\\Widgets\\CoreSimpleMenu','footer_sidebar','echo-technology',3,'{\"id\":\"Botble\\\\Widget\\\\Widgets\\\\CoreSimpleMenu\",\"name\":\"Help\",\"items\":[[{\"key\":\"label\",\"value\":\"About\"},{\"key\":\"url\",\"value\":\"about-us\"}],[{\"key\":\"label\",\"value\":\"Terms of Use\"},{\"key\":\"url\",\"value\":\"terms-of-use\"}],[{\"key\":\"label\",\"value\":\"Advertise\"},{\"key\":\"url\",\"value\":\"advertise\"}],[{\"key\":\"label\",\"value\":\"Privacy Policy\"},{\"key\":\"url\",\"value\":\"privacy-policy\"}],[{\"key\":\"label\",\"value\":\"FAQ\"},{\"key\":\"url\",\"value\":\"faq\"}]]}','2024-08-09 11:07:42','2024-08-09 11:07:42'),(12,'NewsletterWidget','footer_sidebar','echo-technology',4,'{\"id\":\"NewsletterWidget\",\"title\":\"Newsletter\",\"description\":\"Register now to get latest updates on promotion & coupons.\"}','2024-08-09 11:07:42','2024-08-09 11:07:42');
/*!40000 ALTER TABLE `widgets` ENABLE KEYS */;
UNLOCK TABLES;
/*!40103 SET TIME_ZONE=@OLD_TIME_ZONE */;

/*!40101 SET SQL_MODE=@OLD_SQL_MODE */;
/*!40014 SET FOREIGN_KEY_CHECKS=@OLD_FOREIGN_KEY_CHECKS */;
/*!40014 SET UNIQUE_CHECKS=@OLD_UNIQUE_CHECKS */;
/*!40101 SET CHARACTER_SET_CLIENT=@OLD_CHARACTER_SET_CLIENT */;
/*!40101 SET CHARACTER_SET_RESULTS=@OLD_CHARACTER_SET_RESULTS */;
/*!40101 SET COLLATION_CONNECTION=@OLD_COLLATION_CONNECTION */;
/*!40111 SET SQL_NOTES=@OLD_SQL_NOTES */;

-- Dump completed on 2024-08-10  1:07:44
