-- MySQL dump 10.13  Distrib 8.0.36, for macos14 (arm64)
--
-- Host: 127.0.0.1    Database: archielite_echo
-- ------------------------------------------------------
-- Server version	8.0.36

/*!40101 SET @OLD_CHARACTER_SET_CLIENT=@@CHARACTER_SET_CLIENT */;
/*!40101 SET @OLD_CHARACTER_SET_RESULTS=@@CHARACTER_SET_RESULTS */;
/*!40101 SET @OLD_COLLATION_CONNECTION=@@COLLATION_CONNECTION */;
/*!50503 SET NAMES utf8mb4 */;
/*!40103 SET @OLD_TIME_ZONE=@@TIME_ZONE */;
/*!40103 SET TIME_ZONE='+00:00' */;
/*!40014 SET @OLD_UNIQUE_CHECKS=@@UNIQUE_CHECKS, UNIQUE_CHECKS=0 */;
/*!40014 SET @OLD_FOREIGN_KEY_CHECKS=@@FOREIGN_KEY_CHECKS, FOREIGN_KEY_CHECKS=0 */;
/*!40101 SET @OLD_SQL_MODE=@@SQL_MODE, SQL_MODE='NO_AUTO_VALUE_ON_ZERO' */;
/*!40111 SET @OLD_SQL_NOTES=@@SQL_NOTES, SQL_NOTES=0 */;

--
-- Table structure for table `activations`
--

DROP TABLE IF EXISTS `activations`;
/*!40101 SET @saved_cs_client     = @@character_set_client */;
/*!50503 SET character_set_client = utf8mb4 */;
CREATE TABLE `activations` (
  `id` bigint unsigned NOT NULL AUTO_INCREMENT,
  `user_id` bigint unsigned NOT NULL,
  `code` varchar(120) COLLATE utf8mb4_unicode_ci NOT NULL,
  `completed` tinyint(1) NOT NULL DEFAULT '0',
  `completed_at` timestamp NULL DEFAULT NULL,
  `created_at` timestamp NULL DEFAULT NULL,
  `updated_at` timestamp NULL DEFAULT NULL,
  PRIMARY KEY (`id`),
  KEY `activations_user_id_index` (`user_id`)
) ENGINE=InnoDB AUTO_INCREMENT=2 DEFAULT CHARSET=utf8mb4 COLLATE=utf8mb4_unicode_ci;
/*!40101 SET character_set_client = @saved_cs_client */;

--
-- Dumping data for table `activations`
--

LOCK TABLES `activations` WRITE;
/*!40000 ALTER TABLE `activations` DISABLE KEYS */;
INSERT INTO `activations` VALUES (1,1,'eEV9vO4fteaOGIg7DCitTrsZSRMGJybr',1,'2024-08-09 11:04:03','2024-08-09 11:04:03','2024-08-09 11:04:03');
/*!40000 ALTER TABLE `activations` ENABLE KEYS */;
UNLOCK TABLES;

--
-- Table structure for table `admin_notifications`
--

DROP TABLE IF EXISTS `admin_notifications`;
/*!40101 SET @saved_cs_client     = @@character_set_client */;
/*!50503 SET character_set_client = utf8mb4 */;
CREATE TABLE `admin_notifications` (
  `id` bigint unsigned NOT NULL AUTO_INCREMENT,
  `title` varchar(191) COLLATE utf8mb4_unicode_ci NOT NULL,
  `action_label` varchar(191) COLLATE utf8mb4_unicode_ci DEFAULT NULL,
  `action_url` varchar(191) COLLATE utf8mb4_unicode_ci DEFAULT NULL,
  `description` varchar(400) COLLATE utf8mb4_unicode_ci DEFAULT NULL,
  `read_at` timestamp NULL DEFAULT NULL,
  `created_at` timestamp NULL DEFAULT NULL,
  `updated_at` timestamp NULL DEFAULT NULL,
  `permission` varchar(191) COLLATE utf8mb4_unicode_ci DEFAULT NULL,
  PRIMARY KEY (`id`)
) ENGINE=InnoDB DEFAULT CHARSET=utf8mb4 COLLATE=utf8mb4_unicode_ci;
/*!40101 SET character_set_client = @saved_cs_client */;

--
-- Dumping data for table `admin_notifications`
--

LOCK TABLES `admin_notifications` WRITE;
/*!40000 ALTER TABLE `admin_notifications` DISABLE KEYS */;
/*!40000 ALTER TABLE `admin_notifications` ENABLE KEYS */;
UNLOCK TABLES;

--
-- Table structure for table `ads`
--

DROP TABLE IF EXISTS `ads`;
/*!40101 SET @saved_cs_client     = @@character_set_client */;
/*!50503 SET character_set_client = utf8mb4 */;
CREATE TABLE `ads` (
  `id` bigint unsigned NOT NULL AUTO_INCREMENT,
  `name` varchar(191) COLLATE utf8mb4_unicode_ci NOT NULL,
  `expired_at` datetime DEFAULT NULL,
  `location` varchar(120) COLLATE utf8mb4_unicode_ci DEFAULT NULL,
  `key` varchar(120) COLLATE utf8mb4_unicode_ci NOT NULL,
  `image` varchar(191) COLLATE utf8mb4_unicode_ci DEFAULT NULL,
  `url` varchar(191) COLLATE utf8mb4_unicode_ci DEFAULT NULL,
  `clicked` bigint NOT NULL DEFAULT '0',
  `order` int DEFAULT '0',
  `status` varchar(60) COLLATE utf8mb4_unicode_ci NOT NULL DEFAULT 'published',
  `created_at` timestamp NULL DEFAULT NULL,
  `updated_at` timestamp NULL DEFAULT NULL,
  `open_in_new_tab` tinyint(1) NOT NULL DEFAULT '1',
  `tablet_image` varchar(191) COLLATE utf8mb4_unicode_ci DEFAULT NULL,
  `mobile_image` varchar(191) COLLATE utf8mb4_unicode_ci DEFAULT NULL,
  `ads_type` varchar(191) COLLATE utf8mb4_unicode_ci DEFAULT NULL,
  `google_adsense_slot_id` varchar(191) COLLATE utf8mb4_unicode_ci DEFAULT NULL,
  PRIMARY KEY (`id`),
  UNIQUE KEY `ads_key_unique` (`key`)
) ENGINE=InnoDB AUTO_INCREMENT=2 DEFAULT CHARSET=utf8mb4 COLLATE=utf8mb4_unicode_ci;
/*!40101 SET character_set_client = @saved_cs_client */;

--
-- Dumping data for table `ads`
--

LOCK TABLES `ads` WRITE;
/*!40000 ALTER TABLE `ads` DISABLE KEYS */;
INSERT INTO `ads` VALUES (1,'Ads 1','2029-08-09 00:00:00','not_set','UROL9F9ZZVAA','fashion/banner/1.png','/',0,1,'published','2024-08-09 11:04:26','2024-08-09 11:04:26',1,NULL,NULL,NULL,NULL);
/*!40000 ALTER TABLE `ads` ENABLE KEYS */;
UNLOCK TABLES;

--
-- Table structure for table `ads_translations`
--

DROP TABLE IF EXISTS `ads_translations`;
/*!40101 SET @saved_cs_client     = @@character_set_client */;
/*!50503 SET character_set_client = utf8mb4 */;
CREATE TABLE `ads_translations` (
  `lang_code` varchar(191) COLLATE utf8mb4_unicode_ci NOT NULL,
  `ads_id` bigint unsigned NOT NULL,
  `name` varchar(191) COLLATE utf8mb4_unicode_ci DEFAULT NULL,
  `image` varchar(191) COLLATE utf8mb4_unicode_ci DEFAULT NULL,
  `url` varchar(191) COLLATE utf8mb4_unicode_ci DEFAULT NULL,
  PRIMARY KEY (`lang_code`,`ads_id`)
) ENGINE=InnoDB DEFAULT CHARSET=utf8mb4 COLLATE=utf8mb4_unicode_ci;
/*!40101 SET character_set_client = @saved_cs_client */;

--
-- Dumping data for table `ads_translations`
--

LOCK TABLES `ads_translations` WRITE;
/*!40000 ALTER TABLE `ads_translations` DISABLE KEYS */;
/*!40000 ALTER TABLE `ads_translations` ENABLE KEYS */;
UNLOCK TABLES;

--
-- Table structure for table `announcements`
--

DROP TABLE IF EXISTS `announcements`;
/*!40101 SET @saved_cs_client     = @@character_set_client */;
/*!50503 SET character_set_client = utf8mb4 */;
CREATE TABLE `announcements` (
  `id` bigint unsigned NOT NULL AUTO_INCREMENT,
  `name` varchar(191) COLLATE utf8mb4_unicode_ci NOT NULL,
  `content` text COLLATE utf8mb4_unicode_ci NOT NULL,
  `has_action` tinyint(1) NOT NULL DEFAULT '0',
  `action_label` varchar(60) COLLATE utf8mb4_unicode_ci DEFAULT NULL,
  `action_url` varchar(400) COLLATE utf8mb4_unicode_ci DEFAULT NULL,
  `action_open_new_tab` tinyint(1) NOT NULL DEFAULT '0',
  `dismissible` tinyint(1) NOT NULL DEFAULT '0',
  `start_date` datetime DEFAULT NULL,
  `end_date` datetime DEFAULT NULL,
  `is_active` tinyint(1) NOT NULL DEFAULT '1',
  `created_at` timestamp NULL DEFAULT NULL,
  `updated_at` timestamp NULL DEFAULT NULL,
  PRIMARY KEY (`id`)
) ENGINE=InnoDB AUTO_INCREMENT=4 DEFAULT CHARSET=utf8mb4 COLLATE=utf8mb4_unicode_ci;
/*!40101 SET character_set_client = @saved_cs_client */;

--
-- Dumping data for table `announcements`
--

LOCK TABLES `announcements` WRITE;
/*!40000 ALTER TABLE `announcements` DISABLE KEYS */;
INSERT INTO `announcements` VALUES (1,'Announcement 1','Cyber Monday: Save big on the Creative Cloud All Apps plan for individuals through 2 Dec',0,NULL,NULL,0,1,'2024-08-09 18:04:25',NULL,1,'2024-08-09 11:04:25','2024-08-09 11:04:25'),(2,'Announcement 2','Students and teachers save a massive 71% on Creative Cloud All Apps',0,NULL,NULL,0,1,'2024-08-09 18:04:25',NULL,1,'2024-08-09 11:04:25','2024-08-09 11:04:25'),(3,'Announcement 3','Black Friday and Cyber Monday 2023 Deals for Motion Designers, grab it now!',0,NULL,NULL,0,1,'2024-08-09 18:04:25',NULL,1,'2024-08-09 11:04:25','2024-08-09 11:04:25');
/*!40000 ALTER TABLE `announcements` ENABLE KEYS */;
UNLOCK TABLES;

--
-- Table structure for table `announcements_translations`
--

DROP TABLE IF EXISTS `announcements_translations`;
/*!40101 SET @saved_cs_client     = @@character_set_client */;
/*!50503 SET character_set_client = utf8mb4 */;
CREATE TABLE `announcements_translations` (
  `lang_code` varchar(191) COLLATE utf8mb4_unicode_ci NOT NULL,
  `announcements_id` bigint unsigned NOT NULL,
  `content` text COLLATE utf8mb4_unicode_ci,
  PRIMARY KEY (`lang_code`,`announcements_id`)
) ENGINE=InnoDB DEFAULT CHARSET=utf8mb4 COLLATE=utf8mb4_unicode_ci;
/*!40101 SET character_set_client = @saved_cs_client */;

--
-- Dumping data for table `announcements_translations`
--

LOCK TABLES `announcements_translations` WRITE;
/*!40000 ALTER TABLE `announcements_translations` DISABLE KEYS */;
/*!40000 ALTER TABLE `announcements_translations` ENABLE KEYS */;
UNLOCK TABLES;

--
-- Table structure for table `audit_histories`
--

DROP TABLE IF EXISTS `audit_histories`;
/*!40101 SET @saved_cs_client     = @@character_set_client */;
/*!50503 SET character_set_client = utf8mb4 */;
CREATE TABLE `audit_histories` (
  `id` bigint unsigned NOT NULL AUTO_INCREMENT,
  `user_id` bigint unsigned NOT NULL,
  `module` varchar(60) COLLATE utf8mb4_unicode_ci NOT NULL,
  `request` longtext COLLATE utf8mb4_unicode_ci,
  `action` varchar(120) COLLATE utf8mb4_unicode_ci NOT NULL,
  `user_agent` text COLLATE utf8mb4_unicode_ci,
  `ip_address` varchar(45) COLLATE utf8mb4_unicode_ci DEFAULT NULL,
  `reference_user` bigint unsigned NOT NULL,
  `reference_id` bigint unsigned NOT NULL,
  `reference_name` varchar(191) COLLATE utf8mb4_unicode_ci NOT NULL,
  `type` varchar(20) COLLATE utf8mb4_unicode_ci NOT NULL,
  `created_at` timestamp NULL DEFAULT NULL,
  `updated_at` timestamp NULL DEFAULT NULL,
  PRIMARY KEY (`id`),
  KEY `audit_histories_user_id_index` (`user_id`),
  KEY `audit_histories_module_index` (`module`)
) ENGINE=InnoDB DEFAULT CHARSET=utf8mb4 COLLATE=utf8mb4_unicode_ci;
/*!40101 SET character_set_client = @saved_cs_client */;

--
-- Dumping data for table `audit_histories`
--

LOCK TABLES `audit_histories` WRITE;
/*!40000 ALTER TABLE `audit_histories` DISABLE KEYS */;
/*!40000 ALTER TABLE `audit_histories` ENABLE KEYS */;
UNLOCK TABLES;

--
-- Table structure for table `categories`
--

DROP TABLE IF EXISTS `categories`;
/*!40101 SET @saved_cs_client     = @@character_set_client */;
/*!50503 SET character_set_client = utf8mb4 */;
CREATE TABLE `categories` (
  `id` bigint unsigned NOT NULL AUTO_INCREMENT,
  `name` varchar(120) COLLATE utf8mb4_unicode_ci NOT NULL,
  `parent_id` bigint unsigned NOT NULL DEFAULT '0',
  `description` varchar(400) COLLATE utf8mb4_unicode_ci DEFAULT NULL,
  `status` varchar(60) COLLATE utf8mb4_unicode_ci NOT NULL DEFAULT 'published',
  `author_id` bigint unsigned DEFAULT NULL,
  `author_type` varchar(191) COLLATE utf8mb4_unicode_ci NOT NULL DEFAULT 'Botble\\ACL\\Models\\User',
  `icon` varchar(60) COLLATE utf8mb4_unicode_ci DEFAULT NULL,
  `order` int unsigned NOT NULL DEFAULT '0',
  `is_featured` tinyint NOT NULL DEFAULT '0',
  `is_default` tinyint unsigned NOT NULL DEFAULT '0',
  `created_at` timestamp NULL DEFAULT NULL,
  `updated_at` timestamp NULL DEFAULT NULL,
  PRIMARY KEY (`id`),
  KEY `categories_parent_id_index` (`parent_id`),
  KEY `categories_status_index` (`status`),
  KEY `categories_created_at_index` (`created_at`)
) ENGINE=InnoDB AUTO_INCREMENT=9 DEFAULT CHARSET=utf8mb4 COLLATE=utf8mb4_unicode_ci;
/*!40101 SET character_set_client = @saved_cs_client */;

--
-- Dumping data for table `categories`
--

LOCK TABLES `categories` WRITE;
/*!40000 ALTER TABLE `categories` DISABLE KEYS */;
INSERT INTO `categories` VALUES (1,'Uncategorized',0,'Esse voluptatibus debitis velit voluptatem. Mollitia ratione inventore ad.','published',1,'Botble\\ACL\\Models\\User',NULL,0,0,0,'2024-08-09 11:04:23','2024-08-09 11:04:23'),(2,'Videos',0,'Magni fugiat cupiditate recusandae molestiae quo voluptates. Maxime excepturi animi possimus fuga nam animi est.','published',1,'Botble\\ACL\\Models\\User',NULL,0,1,0,'2024-08-09 11:04:23','2024-08-09 11:04:23'),(3,'Business',0,'Iste mollitia quasi consequatur excepturi iure. Vel velit saepe rerum quam consequatur ut. Vel fuga provident nobis qui itaque. Et quae adipisci eaque quia repudiandae ipsa accusamus id.','published',1,'Botble\\ACL\\Models\\User',NULL,0,1,0,'2024-08-09 11:04:23','2024-08-09 11:04:23'),(4,'Entertainment',0,'Quo distinctio veritatis doloribus. Eligendi numquam nam est occaecati accusamus fuga. Eaque ut id repellendus et.','published',1,'Botble\\ACL\\Models\\User',NULL,0,1,0,'2024-08-09 11:04:23','2024-08-09 11:04:23'),(5,'Travel',0,'Veniam iusto deserunt magnam neque itaque sunt aut. Voluptas ad qui in. Unde eaque consequuntur exercitationem facilis rerum saepe repudiandae. Quia rerum soluta ipsam cupiditate.','published',1,'Botble\\ACL\\Models\\User',NULL,0,1,0,'2024-08-09 11:04:23','2024-08-09 11:04:23'),(6,'Podcasts',0,'Labore possimus perferendis qui est id eum. Ullam quas aut vitae similique itaque tempora maiores. Officia qui qui dolorem consequatur consectetur aut ut.','published',1,'Botble\\ACL\\Models\\User',NULL,0,1,0,'2024-08-09 11:04:23','2024-08-09 11:04:23'),(7,'Healthy',0,'Pariatur eius delectus unde in et tempora rerum. Facere aut quam quia consequuntur natus odit. Commodi amet id quaerat in quia qui.','published',1,'Botble\\ACL\\Models\\User',NULL,0,1,0,'2024-08-09 11:04:23','2024-08-09 11:04:23'),(8,'Sport',0,'Commodi ut sint ad impedit vero alias repellendus quia. Temporibus eveniet praesentium dicta voluptatum. Veniam harum ipsa quasi nostrum eum. Saepe voluptatum ut dolores.','published',1,'Botble\\ACL\\Models\\User',NULL,0,1,0,'2024-08-09 11:04:23','2024-08-09 11:04:23');
/*!40000 ALTER TABLE `categories` ENABLE KEYS */;
UNLOCK TABLES;

--
-- Table structure for table `categories_translations`
--

DROP TABLE IF EXISTS `categories_translations`;
/*!40101 SET @saved_cs_client     = @@character_set_client */;
/*!50503 SET character_set_client = utf8mb4 */;
CREATE TABLE `categories_translations` (
  `lang_code` varchar(20) COLLATE utf8mb4_unicode_ci NOT NULL,
  `categories_id` bigint unsigned NOT NULL,
  `name` varchar(191) COLLATE utf8mb4_unicode_ci DEFAULT NULL,
  `description` varchar(400) COLLATE utf8mb4_unicode_ci DEFAULT NULL,
  PRIMARY KEY (`lang_code`,`categories_id`)
) ENGINE=InnoDB DEFAULT CHARSET=utf8mb4 COLLATE=utf8mb4_unicode_ci;
/*!40101 SET character_set_client = @saved_cs_client */;

--
-- Dumping data for table `categories_translations`
--

LOCK TABLES `categories_translations` WRITE;
/*!40000 ALTER TABLE `categories_translations` DISABLE KEYS */;
/*!40000 ALTER TABLE `categories_translations` ENABLE KEYS */;
UNLOCK TABLES;

--
-- Table structure for table `contact_custom_field_options`
--

DROP TABLE IF EXISTS `contact_custom_field_options`;
/*!40101 SET @saved_cs_client     = @@character_set_client */;
/*!50503 SET character_set_client = utf8mb4 */;
CREATE TABLE `contact_custom_field_options` (
  `id` bigint unsigned NOT NULL AUTO_INCREMENT,
  `custom_field_id` bigint unsigned NOT NULL,
  `label` varchar(191) COLLATE utf8mb4_unicode_ci DEFAULT NULL,
  `value` varchar(191) COLLATE utf8mb4_unicode_ci NOT NULL,
  `order` int NOT NULL DEFAULT '999',
  `created_at` timestamp NULL DEFAULT NULL,
  `updated_at` timestamp NULL DEFAULT NULL,
  PRIMARY KEY (`id`)
) ENGINE=InnoDB DEFAULT CHARSET=utf8mb4 COLLATE=utf8mb4_unicode_ci;
/*!40101 SET character_set_client = @saved_cs_client */;

--
-- Dumping data for table `contact_custom_field_options`
--

LOCK TABLES `contact_custom_field_options` WRITE;
/*!40000 ALTER TABLE `contact_custom_field_options` DISABLE KEYS */;
/*!40000 ALTER TABLE `contact_custom_field_options` ENABLE KEYS */;
UNLOCK TABLES;

--
-- Table structure for table `contact_custom_field_options_translations`
--

DROP TABLE IF EXISTS `contact_custom_field_options_translations`;
/*!40101 SET @saved_cs_client     = @@character_set_client */;
/*!50503 SET character_set_client = utf8mb4 */;
CREATE TABLE `contact_custom_field_options_translations` (
  `contact_custom_field_options_id` bigint unsigned NOT NULL,
  `lang_code` varchar(191) COLLATE utf8mb4_unicode_ci NOT NULL,
  `label` varchar(191) COLLATE utf8mb4_unicode_ci DEFAULT NULL,
  `value` varchar(191) COLLATE utf8mb4_unicode_ci DEFAULT NULL,
  PRIMARY KEY (`lang_code`,`contact_custom_field_options_id`)
) ENGINE=InnoDB DEFAULT CHARSET=utf8mb4 COLLATE=utf8mb4_unicode_ci;
/*!40101 SET character_set_client = @saved_cs_client */;

--
-- Dumping data for table `contact_custom_field_options_translations`
--

LOCK TABLES `contact_custom_field_options_translations` WRITE;
/*!40000 ALTER TABLE `contact_custom_field_options_translations` DISABLE KEYS */;
/*!40000 ALTER TABLE `contact_custom_field_options_translations` ENABLE KEYS */;
UNLOCK TABLES;

--
-- Table structure for table `contact_custom_fields`
--

DROP TABLE IF EXISTS `contact_custom_fields`;
/*!40101 SET @saved_cs_client     = @@character_set_client */;
/*!50503 SET character_set_client = utf8mb4 */;
CREATE TABLE `contact_custom_fields` (
  `id` bigint unsigned NOT NULL AUTO_INCREMENT,
  `type` varchar(191) COLLATE utf8mb4_unicode_ci NOT NULL,
  `required` tinyint(1) NOT NULL DEFAULT '0',
  `name` varchar(191) COLLATE utf8mb4_unicode_ci NOT NULL,
  `placeholder` varchar(191) COLLATE utf8mb4_unicode_ci DEFAULT NULL,
  `order` int NOT NULL DEFAULT '999',
  `status` varchar(191) COLLATE utf8mb4_unicode_ci NOT NULL DEFAULT 'published',
  `created_at` timestamp NULL DEFAULT NULL,
  `updated_at` timestamp NULL DEFAULT NULL,
  PRIMARY KEY (`id`)
) ENGINE=InnoDB DEFAULT CHARSET=utf8mb4 COLLATE=utf8mb4_unicode_ci;
/*!40101 SET character_set_client = @saved_cs_client */;

--
-- Dumping data for table `contact_custom_fields`
--

LOCK TABLES `contact_custom_fields` WRITE;
/*!40000 ALTER TABLE `contact_custom_fields` DISABLE KEYS */;
/*!40000 ALTER TABLE `contact_custom_fields` ENABLE KEYS */;
UNLOCK TABLES;

--
-- Table structure for table `contact_custom_fields_translations`
--

DROP TABLE IF EXISTS `contact_custom_fields_translations`;
/*!40101 SET @saved_cs_client     = @@character_set_client */;
/*!50503 SET character_set_client = utf8mb4 */;
CREATE TABLE `contact_custom_fields_translations` (
  `contact_custom_fields_id` bigint unsigned NOT NULL,
  `lang_code` varchar(191) COLLATE utf8mb4_unicode_ci NOT NULL,
  `name` varchar(191) COLLATE utf8mb4_unicode_ci DEFAULT NULL,
  `placeholder` varchar(191) COLLATE utf8mb4_unicode_ci DEFAULT NULL,
  PRIMARY KEY (`lang_code`,`contact_custom_fields_id`)
) ENGINE=InnoDB DEFAULT CHARSET=utf8mb4 COLLATE=utf8mb4_unicode_ci;
/*!40101 SET character_set_client = @saved_cs_client */;

--
-- Dumping data for table `contact_custom_fields_translations`
--

LOCK TABLES `contact_custom_fields_translations` WRITE;
/*!40000 ALTER TABLE `contact_custom_fields_translations` DISABLE KEYS */;
/*!40000 ALTER TABLE `contact_custom_fields_translations` ENABLE KEYS */;
UNLOCK TABLES;

--
-- Table structure for table `contact_replies`
--

DROP TABLE IF EXISTS `contact_replies`;
/*!40101 SET @saved_cs_client     = @@character_set_client */;
/*!50503 SET character_set_client = utf8mb4 */;
CREATE TABLE `contact_replies` (
  `id` bigint unsigned NOT NULL AUTO_INCREMENT,
  `message` longtext COLLATE utf8mb4_unicode_ci NOT NULL,
  `contact_id` bigint unsigned NOT NULL,
  `created_at` timestamp NULL DEFAULT NULL,
  `updated_at` timestamp NULL DEFAULT NULL,
  PRIMARY KEY (`id`)
) ENGINE=InnoDB DEFAULT CHARSET=utf8mb4 COLLATE=utf8mb4_unicode_ci;
/*!40101 SET character_set_client = @saved_cs_client */;

--
-- Dumping data for table `contact_replies`
--

LOCK TABLES `contact_replies` WRITE;
/*!40000 ALTER TABLE `contact_replies` DISABLE KEYS */;
/*!40000 ALTER TABLE `contact_replies` ENABLE KEYS */;
UNLOCK TABLES;

--
-- Table structure for table `contacts`
--

DROP TABLE IF EXISTS `contacts`;
/*!40101 SET @saved_cs_client     = @@character_set_client */;
/*!50503 SET character_set_client = utf8mb4 */;
CREATE TABLE `contacts` (
  `id` bigint unsigned NOT NULL AUTO_INCREMENT,
  `name` varchar(60) COLLATE utf8mb4_unicode_ci NOT NULL,
  `email` varchar(60) COLLATE utf8mb4_unicode_ci DEFAULT NULL,
  `phone` varchar(60) COLLATE utf8mb4_unicode_ci DEFAULT NULL,
  `address` varchar(120) COLLATE utf8mb4_unicode_ci DEFAULT NULL,
  `subject` varchar(120) COLLATE utf8mb4_unicode_ci DEFAULT NULL,
  `content` longtext COLLATE utf8mb4_unicode_ci NOT NULL,
  `custom_fields` text COLLATE utf8mb4_unicode_ci,
  `status` varchar(60) COLLATE utf8mb4_unicode_ci NOT NULL DEFAULT 'unread',
  `created_at` timestamp NULL DEFAULT NULL,
  `updated_at` timestamp NULL DEFAULT NULL,
  PRIMARY KEY (`id`)
) ENGINE=InnoDB AUTO_INCREMENT=11 DEFAULT CHARSET=utf8mb4 COLLATE=utf8mb4_unicode_ci;
/*!40101 SET character_set_client = @saved_cs_client */;

--
-- Dumping data for table `contacts`
--

LOCK TABLES `contacts` WRITE;
/*!40000 ALTER TABLE `contacts` DISABLE KEYS */;
INSERT INTO `contacts` VALUES (1,'Sonya Kling','jody.howe@example.net','952.327.3584','57903 Parker View\nWalshport, HI 96759','Placeat ex corrupti voluptas ut.','Vero atque et delectus enim quia tenetur accusamus. Voluptatem illum ex quis hic soluta. Consequatur voluptatem veniam qui autem quo ullam cumque. Molestiae distinctio natus provident sunt. Soluta et sed sit aspernatur cum nihil nihil. Autem et ipsa quia expedita blanditiis ut. Et nostrum impedit ut rerum. Id nulla ullam nesciunt laudantium a rerum. Eveniet veritatis quis exercitationem qui autem animi. Enim reiciendis quasi veniam.',NULL,'read','2024-08-09 11:04:03','2024-08-09 11:04:03'),(2,'Muhammad Bins','ddurgan@example.net','+1 (469) 668-7768','9271 Beer Garden Apt. 112\nLake Joel, AK 48308','Ab non voluptas et.','Saepe non repellat quia nemo. Consequuntur vero pariatur eveniet repellendus. Enim est expedita ex iure. Quia aut quidem consectetur provident eius. Rerum a placeat libero similique sit doloremque. Dolores aspernatur eaque ex esse nisi sunt autem necessitatibus. Vel repellat eos cum. In itaque velit cumque corporis ullam veritatis. Quos aut et ea expedita. Corporis voluptatem assumenda aut et hic modi. Debitis minus recusandae cum atque voluptas aut. Eos incidunt velit ut ut ut unde.',NULL,'read','2024-08-09 11:04:03','2024-08-09 11:04:03'),(3,'Afton Stamm I','antonetta.mohr@example.org','+1 (815) 732-8008','82611 Tatum Loaf\nKulasside, MO 41208','Cum quidem necessitatibus molestiae et.','Aut et necessitatibus quo id pariatur perspiciatis voluptatem. Animi ab eum temporibus quos ut magni. In ut consequatur culpa repellat sint qui. Voluptatum harum similique recusandae consequatur. Neque voluptas aut natus nihil explicabo iusto recusandae. In illo qui est autem vero iure in repellendus. Sunt earum perferendis aut accusantium optio aut. Occaecati ratione consequuntur aut recusandae architecto eveniet consequatur. Iusto dolorem aut hic.',NULL,'read','2024-08-09 11:04:03','2024-08-09 11:04:03'),(4,'Keegan Doyle','margarett.predovic@example.net','586-769-1279','73251 Elias Orchard\nOlenberg, MI 07051-5723','Sequi illo et repellat autem ea ut sequi.','Eum eius ipsam rem cumque quidem ut sapiente. Itaque nesciunt laudantium reprehenderit. Quam doloribus voluptatem et delectus id non. Placeat et voluptatum id fugiat. Est inventore cumque dolore pariatur nihil. Facere atque architecto qui dicta. Repellendus et fugiat numquam neque omnis ex. Enim necessitatibus facilis unde.',NULL,'read','2024-08-09 11:04:03','2024-08-09 11:04:03'),(5,'Prof. Sharon Blanda MD','yschumm@example.org','(947) 471-6182','880 Deckow Estates\nKesslerborough, MN 66318-3938','Quia nobis voluptatem et saepe sit natus unde.','Harum consequuntur exercitationem ipsa eaque deserunt qui rerum nihil. Pariatur magni et provident laborum est. Sit qui consequatur sint aperiam sunt alias. Inventore dolorum qui vel aut illo. Quidem qui veritatis nihil. Provident est quas est explicabo autem ut. Odio non repellendus impedit consequatur. Deleniti reiciendis modi et repellat. Sunt sapiente repellendus alias architecto perferendis. Repudiandae quae blanditiis ab consectetur laborum minus velit tempore.',NULL,'unread','2024-08-09 11:04:03','2024-08-09 11:04:03'),(6,'Aric Reinger IV','spencer.verlie@example.net','1-401-229-1941','97305 Roman Row Suite 443\nTrantowside, DE 65615','Qui sit animi in soluta iure.','Vitae tenetur mollitia veritatis animi tenetur modi. Consequatur voluptatem sequi et et. Doloremque consequatur impedit ut aliquam in repellat. Inventore doloribus dolorem rerum dicta et velit sit. Necessitatibus vel maxime impedit vitae sint. Sunt dignissimos officia consequatur et. Cupiditate beatae nihil et voluptas quae nisi voluptatem. Porro ut quo eos dolores tempore. Voluptas saepe consequatur et est magni qui sequi. Voluptatem et incidunt sit veniam. Incidunt non vel et ipsa at rem et.',NULL,'unread','2024-08-09 11:04:03','2024-08-09 11:04:03'),(7,'Mrs. Emely D\'Amore','dillan.kunde@example.net','1-469-369-7940','90902 Bahringer Villages\nNitzscheland, RI 58170-0020','Natus dolorem eos laudantium.','Debitis soluta enim dolorem omnis placeat aut quo. Autem numquam quam deleniti deleniti consequatur. Et quae dolorem dolores sapiente voluptatem quas aut. Sed quia delectus reiciendis rerum et minima. Qui nulla voluptas quis laboriosam modi et voluptas. Est reiciendis vel sapiente et asperiores nihil in. Dolores ducimus blanditiis et laudantium.',NULL,'unread','2024-08-09 11:04:03','2024-08-09 11:04:03'),(8,'Alene Cummerata Sr.','lonzo.heathcote@example.org','+1 (772) 517-4251','1677 Kolby Village Apt. 177\nNorth Ruben, NY 60834-5803','Dignissimos fugit quia vel beatae.','Neque voluptatem omnis veniam laboriosam aut aut. Voluptatum aut voluptate blanditiis est. Similique enim ex ipsam est. Et temporibus architecto nulla perspiciatis. Perferendis sit voluptas nihil sed nihil in laborum animi. Debitis tempora deleniti odit molestiae aut. Sed sed et deleniti qui. Explicabo magni odio aut. Quis exercitationem in iusto deleniti vel officia. Consectetur illum odit tempora provident et.',NULL,'read','2024-08-09 11:04:03','2024-08-09 11:04:03'),(9,'Kirsten Treutel DVM','iconsidine@example.com','1-762-844-7297','4792 Amina Place\nWalterchester, WI 74564-6567','Rem alias sit sed.','Qui totam sed labore iste eos. Est corporis saepe facilis dolorem. A voluptatem occaecati consequatur aut eos maiores. Corporis qui alias delectus. Sed et est omnis impedit. Nisi quisquam at aliquam rerum iste iusto eius. Velit ea repellat corrupti totam doloribus repellendus. Sequi maiores rerum voluptatem ut quidem qui. Sit dolor iusto molestiae illum. Et quis ducimus in omnis assumenda. Maxime exercitationem voluptate perferendis ab.',NULL,'read','2024-08-09 11:04:03','2024-08-09 11:04:03'),(10,'Dr. Kellen Reinger MD','gislason.kristoffer@example.org','425.500.3507','59834 Cyril Spring\nCroninmouth, KY 08091','Qui labore hic consectetur labore.','Nisi vitae fugiat ipsam rerum sed architecto earum. Et sunt iure sed laborum occaecati et. Sint accusantium aut quod eum. Et cumque sapiente fuga omnis nemo. Placeat quisquam sequi non dolore incidunt. Enim aspernatur quae repellat explicabo. Et cum error temporibus qui quia illum et. Est in expedita deleniti debitis ut occaecati unde. Quia rem provident corrupti molestias. Perspiciatis temporibus atque pariatur.',NULL,'unread','2024-08-09 11:04:03','2024-08-09 11:04:03');
/*!40000 ALTER TABLE `contacts` ENABLE KEYS */;
UNLOCK TABLES;

--
-- Table structure for table `dashboard_widget_settings`
--

DROP TABLE IF EXISTS `dashboard_widget_settings`;
/*!40101 SET @saved_cs_client     = @@character_set_client */;
/*!50503 SET character_set_client = utf8mb4 */;
CREATE TABLE `dashboard_widget_settings` (
  `id` bigint unsigned NOT NULL AUTO_INCREMENT,
  `settings` text COLLATE utf8mb4_unicode_ci,
  `user_id` bigint unsigned NOT NULL,
  `widget_id` bigint unsigned NOT NULL,
  `order` tinyint unsigned NOT NULL DEFAULT '0',
  `status` tinyint unsigned NOT NULL DEFAULT '1',
  `created_at` timestamp NULL DEFAULT NULL,
  `updated_at` timestamp NULL DEFAULT NULL,
  PRIMARY KEY (`id`),
  KEY `dashboard_widget_settings_user_id_index` (`user_id`),
  KEY `dashboard_widget_settings_widget_id_index` (`widget_id`)
) ENGINE=InnoDB DEFAULT CHARSET=utf8mb4 COLLATE=utf8mb4_unicode_ci;
/*!40101 SET character_set_client = @saved_cs_client */;

--
-- Dumping data for table `dashboard_widget_settings`
--

LOCK TABLES `dashboard_widget_settings` WRITE;
/*!40000 ALTER TABLE `dashboard_widget_settings` DISABLE KEYS */;
/*!40000 ALTER TABLE `dashboard_widget_settings` ENABLE KEYS */;
UNLOCK TABLES;

--
-- Table structure for table `dashboard_widgets`
--

DROP TABLE IF EXISTS `dashboard_widgets`;
/*!40101 SET @saved_cs_client     = @@character_set_client */;
/*!50503 SET character_set_client = utf8mb4 */;
CREATE TABLE `dashboard_widgets` (
  `id` bigint unsigned NOT NULL AUTO_INCREMENT,
  `name` varchar(120) COLLATE utf8mb4_unicode_ci NOT NULL,
  `created_at` timestamp NULL DEFAULT NULL,
  `updated_at` timestamp NULL DEFAULT NULL,
  PRIMARY KEY (`id`)
) ENGINE=InnoDB DEFAULT CHARSET=utf8mb4 COLLATE=utf8mb4_unicode_ci;
/*!40101 SET character_set_client = @saved_cs_client */;

--
-- Dumping data for table `dashboard_widgets`
--

LOCK TABLES `dashboard_widgets` WRITE;
/*!40000 ALTER TABLE `dashboard_widgets` DISABLE KEYS */;
/*!40000 ALTER TABLE `dashboard_widgets` ENABLE KEYS */;
UNLOCK TABLES;

--
-- Table structure for table `failed_jobs`
--

DROP TABLE IF EXISTS `failed_jobs`;
/*!40101 SET @saved_cs_client     = @@character_set_client */;
/*!50503 SET character_set_client = utf8mb4 */;
CREATE TABLE `failed_jobs` (
  `id` bigint unsigned NOT NULL AUTO_INCREMENT,
  `uuid` varchar(191) COLLATE utf8mb4_unicode_ci NOT NULL,
  `connection` text COLLATE utf8mb4_unicode_ci NOT NULL,
  `queue` text COLLATE utf8mb4_unicode_ci NOT NULL,
  `payload` longtext COLLATE utf8mb4_unicode_ci NOT NULL,
  `exception` longtext COLLATE utf8mb4_unicode_ci NOT NULL,
  `failed_at` timestamp NOT NULL DEFAULT CURRENT_TIMESTAMP,
  PRIMARY KEY (`id`),
  UNIQUE KEY `failed_jobs_uuid_unique` (`uuid`)
) ENGINE=InnoDB DEFAULT CHARSET=utf8mb4 COLLATE=utf8mb4_unicode_ci;
/*!40101 SET character_set_client = @saved_cs_client */;

--
-- Dumping data for table `failed_jobs`
--

LOCK TABLES `failed_jobs` WRITE;
/*!40000 ALTER TABLE `failed_jobs` DISABLE KEYS */;
/*!40000 ALTER TABLE `failed_jobs` ENABLE KEYS */;
UNLOCK TABLES;

--
-- Table structure for table `fob_comments`
--

DROP TABLE IF EXISTS `fob_comments`;
/*!40101 SET @saved_cs_client     = @@character_set_client */;
/*!50503 SET character_set_client = utf8mb4 */;
CREATE TABLE `fob_comments` (
  `id` bigint unsigned NOT NULL AUTO_INCREMENT,
  `reply_to` bigint unsigned DEFAULT NULL,
  `author_type` varchar(191) COLLATE utf8mb4_unicode_ci DEFAULT NULL,
  `author_id` bigint unsigned DEFAULT NULL,
  `reference_type` varchar(191) COLLATE utf8mb4_unicode_ci DEFAULT NULL,
  `reference_id` bigint unsigned DEFAULT NULL,
  `reference_url` varchar(255) COLLATE utf8mb4_unicode_ci DEFAULT NULL,
  `name` varchar(120) COLLATE utf8mb4_unicode_ci NOT NULL,
  `email` varchar(120) COLLATE utf8mb4_unicode_ci DEFAULT NULL,
  `website` varchar(255) COLLATE utf8mb4_unicode_ci DEFAULT NULL,
  `content` longtext COLLATE utf8mb4_unicode_ci NOT NULL,
  `status` varchar(60) COLLATE utf8mb4_unicode_ci NOT NULL DEFAULT 'pending',
  `ip_address` varchar(45) COLLATE utf8mb4_unicode_ci NOT NULL,
  `user_agent` text COLLATE utf8mb4_unicode_ci,
  `created_at` timestamp NULL DEFAULT NULL,
  `updated_at` timestamp NULL DEFAULT NULL,
  PRIMARY KEY (`id`),
  KEY `fob_comments_author_type_author_id_index` (`author_type`,`author_id`),
  KEY `fob_comments_reference_type_reference_id_index` (`reference_type`,`reference_id`),
  KEY `fob_comments_reply_to_index` (`reply_to`),
  KEY `fob_comments_reference_url_index` (`reference_url`),
  KEY `fob_comments_status_index` (`status`)
) ENGINE=InnoDB AUTO_INCREMENT=48 DEFAULT CHARSET=utf8mb4 COLLATE=utf8mb4_unicode_ci;
/*!40101 SET character_set_client = @saved_cs_client */;

--
-- Dumping data for table `fob_comments`
--

LOCK TABLES `fob_comments` WRITE;
/*!40000 ALTER TABLE `fob_comments` DISABLE KEYS */;
INSERT INTO `fob_comments` VALUES (1,NULL,'Botble\\Member\\Models\\Member',5,'Botble\\Blog\\Models\\Post',8,'http://localhost','Alvera Miller','roberts.dominic@stehr.com','https://friendsofbotble.com','This is really helpful, thank you!','approved','89.143.194.81','Mozilla/5.0 (Macintosh; Intel Mac OS X 10_5_5 rv:3.0) Gecko/20171006 Firefox/36.0','2024-07-16 07:03:12','2024-08-09 11:04:25'),(2,NULL,'Botble\\Member\\Models\\Member',4,'Botble\\Blog\\Models\\Post',13,'http://localhost','Conrad Beier','mittie.crooks@hotmail.com','https://friendsofbotble.com','I found this article to be quite informative.','approved','65.247.15.249','Mozilla/5.0 (compatible; MSIE 6.0; Windows 98; Trident/4.1)','2024-08-01 01:42:21','2024-08-09 11:04:25'),(3,NULL,'Botble\\Member\\Models\\Member',6,'Botble\\Blog\\Models\\Post',20,'http://localhost','Miss Opal Tromp','leanna69@huel.com','https://friendsofbotble.com','Wow, I never knew about this before!','approved','255.221.176.1','Mozilla/5.0 (iPad; CPU OS 7_1_2 like Mac OS X; nl-NL) AppleWebKit/532.14.1 (KHTML, like Gecko) Version/4.0.5 Mobile/8B115 Safari/6532.14.1','2024-08-05 22:58:53','2024-08-09 11:04:25'),(4,NULL,'Botble\\Member\\Models\\Member',4,'Botble\\Blog\\Models\\Post',16,'http://localhost','Abagail Windler','wking@kilback.com','https://friendsofbotble.com','Great job on explaining such a complex topic.','approved','87.41.20.43','Mozilla/5.0 (Macintosh; PPC Mac OS X 10_5_9 rv:2.0; en-US) AppleWebKit/531.1.4 (KHTML, like Gecko) Version/4.1 Safari/531.1.4','2024-07-20 23:37:18','2024-08-09 11:04:25'),(5,NULL,'Botble\\Member\\Models\\Member',3,'Botble\\Blog\\Models\\Post',3,'http://localhost','Dr. Maymie Emard','glover.shaniya@gmail.com','https://friendsofbotble.com','I have a question about the third paragraph.','approved','161.156.137.255','Mozilla/5.0 (Windows NT 5.2) AppleWebKit/534.0 (KHTML, like Gecko) Chrome/91.0.4447.29 Safari/534.0 Edg/91.01090.22','2024-07-11 22:56:48','2024-08-09 11:04:25'),(6,NULL,'Botble\\Member\\Models\\Member',6,'Botble\\Blog\\Models\\Post',3,'http://localhost','Darron Stoltenberg','wunsch.webster@grady.info','https://friendsofbotble.com','This article changed my perspective entirely.','approved','218.119.182.1','Opera/8.35 (X11; Linux i686; nl-NL) Presto/2.8.283 Version/10.00','2024-07-10 20:47:57','2024-08-09 11:04:25'),(7,NULL,'Botble\\Member\\Models\\Member',0,'Botble\\Blog\\Models\\Post',19,'http://localhost','Karolann Crist MD','becker.caitlyn@hotmail.com','https://friendsofbotble.com','I appreciate the effort you put into this.','approved','37.207.157.40','Mozilla/5.0 (X11; Linux x86_64; rv:5.0) Gecko/20120926 Firefox/37.0','2024-07-09 19:43:19','2024-08-09 11:04:25'),(8,NULL,'Botble\\Member\\Models\\Member',3,'Botble\\Blog\\Models\\Post',17,'http://localhost','Marguerite Hintz MD','davis.sofia@yahoo.com','https://friendsofbotble.com','This is exactly what I was looking for, thank you!','approved','69.2.105.50','Mozilla/5.0 (Windows CE) AppleWebKit/5322 (KHTML, like Gecko) Chrome/39.0.826.0 Mobile Safari/5322','2024-07-27 11:41:14','2024-08-09 11:04:25'),(9,NULL,'Botble\\Member\\Models\\Member',2,'Botble\\Blog\\Models\\Post',15,'http://localhost','Ms. Melody Kiehn MD','anabel.casper@hotmail.com','https://friendsofbotble.com','I disagree with some points mentioned here, though.','approved','115.140.43.129','Mozilla/5.0 (Windows; U; Windows NT 5.1) AppleWebKit/534.42.1 (KHTML, like Gecko) Version/4.1 Safari/534.42.1','2024-07-16 11:56:57','2024-08-09 11:04:25'),(10,NULL,'Botble\\Member\\Models\\Member',4,'Botble\\Blog\\Models\\Post',5,'http://localhost','Ms. Helen Pacocha','werner68@zemlak.net','https://friendsofbotble.com','Could you provide more examples to illustrate your point?','approved','215.249.247.243','Mozilla/5.0 (Macintosh; PPC Mac OS X 10_8_3 rv:6.0; nl-NL) AppleWebKit/531.35.4 (KHTML, like Gecko) Version/5.0.5 Safari/531.35.4','2024-08-09 07:57:03','2024-08-09 11:04:25'),(11,NULL,'Botble\\Member\\Models\\Member',4,'Botble\\Blog\\Models\\Post',7,'http://localhost','Nayeli Mayert','karson42@yahoo.com','https://friendsofbotble.com','I wish there were more articles like this out there.','approved','52.219.90.27','Opera/8.80 (Windows 95; nl-NL) Presto/2.12.234 Version/10.00','2024-08-02 17:19:42','2024-08-09 11:04:25'),(12,NULL,'Botble\\Member\\Models\\Member',3,'Botble\\Blog\\Models\\Post',15,'http://localhost','Caitlyn Spencer','ryann84@hotmail.com','https://friendsofbotble.com','I\'m bookmarking this for future reference.','approved','170.103.106.114','Mozilla/5.0 (compatible; MSIE 8.0; Windows CE; Trident/5.1)','2024-07-15 01:23:30','2024-08-09 11:04:25'),(13,NULL,'Botble\\Member\\Models\\Member',1,'Botble\\Blog\\Models\\Post',2,'http://localhost','Ms. Lorena Kub','qblanda@hotmail.com','https://friendsofbotble.com','I\'ve shared this with my friends, they loved it!','approved','129.110.235.86','Mozilla/5.0 (Windows; U; Windows 98) AppleWebKit/533.37.4 (KHTML, like Gecko) Version/5.1 Safari/533.37.4','2024-08-06 05:01:43','2024-08-09 11:04:25'),(14,NULL,'Botble\\Member\\Models\\Member',6,'Botble\\Blog\\Models\\Post',20,'http://localhost','Tanner Feil','zwolff@schumm.biz','https://friendsofbotble.com','This article is a must-read for everyone interested in the topic.','approved','56.228.101.37','Mozilla/5.0 (iPhone; CPU iPhone OS 8_0_2 like Mac OS X; en-US) AppleWebKit/534.32.3 (KHTML, like Gecko) Version/4.0.5 Mobile/8B112 Safari/6534.32.3','2024-07-09 12:55:46','2024-08-09 11:04:25'),(15,NULL,'Botble\\Member\\Models\\Member',4,'Botble\\Blog\\Models\\Post',13,'http://localhost','Keira Davis','williamson.liliane@yahoo.com','https://friendsofbotble.com','Thank you for shedding light on this important issue.','approved','152.152.248.0','Mozilla/5.0 (Windows; U; Windows NT 5.1) AppleWebKit/535.13.1 (KHTML, like Gecko) Version/5.1 Safari/535.13.1','2024-07-18 07:06:00','2024-08-09 11:04:25'),(16,NULL,'Botble\\Member\\Models\\Member',5,'Botble\\Blog\\Models\\Post',20,'http://localhost','Dr. Joyce Bins','oconner.lizzie@gmail.com','https://friendsofbotble.com','I\'ve been searching for information on this topic, glad I found this article.','approved','250.6.176.107','Mozilla/5.0 (Macintosh; Intel Mac OS X 10_5_1 rv:2.0) Gecko/20151103 Firefox/35.0','2024-07-27 18:20:41','2024-08-09 11:04:26'),(17,NULL,'Botble\\Member\\Models\\Member',7,'Botble\\Blog\\Models\\Post',18,'http://localhost','Desmond Tromp','aboyer@yahoo.com','https://friendsofbotble.com','I\'m blown away by the insights shared in this article.','approved','139.79.123.241','Mozilla/5.0 (Macintosh; U; Intel Mac OS X 10_6_8) AppleWebKit/531.1 (KHTML, like Gecko) Chrome/88.0.4291.61 Safari/531.1 Edg/88.01112.10','2024-08-07 06:34:07','2024-08-09 11:04:26'),(18,NULL,'Botble\\Member\\Models\\Member',7,'Botble\\Blog\\Models\\Post',11,'http://localhost','Shayne Brakus','jerod96@gmail.com','https://friendsofbotble.com','This article tackles a complex topic with clarity.','approved','242.234.10.164','Mozilla/5.0 (Macintosh; PPC Mac OS X 10_6_6) AppleWebKit/5342 (KHTML, like Gecko) Chrome/37.0.822.0 Mobile Safari/5342','2024-07-30 15:11:41','2024-08-09 11:04:26'),(19,NULL,'Botble\\Member\\Models\\Member',0,'Botble\\Blog\\Models\\Post',8,'http://localhost','Vena Williamson','idell.bradtke@crist.com','https://friendsofbotble.com','I\'m going to reflect on the ideas presented in this article.','approved','33.141.119.142','Mozilla/5.0 (compatible; MSIE 5.0; Windows 98; Trident/3.1)','2024-07-14 06:21:29','2024-08-09 11:04:26'),(20,NULL,'Botble\\Member\\Models\\Member',3,'Botble\\Blog\\Models\\Post',7,'http://localhost','Prof. Oren Brown','conrad.parker@hodkiewicz.net','https://friendsofbotble.com','The author\'s passion for the subject shines through in this article.','approved','204.99.243.228','Mozilla/5.0 (compatible; MSIE 11.0; Windows 98; Win 9x 4.90; Trident/4.0)','2024-08-03 01:51:15','2024-08-09 11:04:26'),(21,NULL,'Botble\\Member\\Models\\Member',4,'Botble\\Blog\\Models\\Post',9,'http://localhost','Mr. Jaime Huel','little.tiara@mclaughlin.info','https://friendsofbotble.com','This article challenged my preconceptions in a thought-provoking way.','approved','189.55.165.62','Mozilla/5.0 (X11; Linux i686) AppleWebKit/532.0 (KHTML, like Gecko) Chrome/85.0.4097.32 Safari/532.0 EdgA/85.01086.59','2024-07-10 23:16:45','2024-08-09 11:04:26'),(22,NULL,'Botble\\Member\\Models\\Member',5,'Botble\\Blog\\Models\\Post',4,'http://localhost','Lila Skiles','abigail.hegmann@gorczany.com','https://friendsofbotble.com','I\'ve added this article to my reading list, it\'s worth revisiting.','approved','53.252.247.149','Opera/8.94 (Windows NT 6.1; en-US) Presto/2.8.174 Version/12.00','2024-07-20 05:02:36','2024-08-09 11:04:26'),(23,NULL,'Botble\\Member\\Models\\Member',6,'Botble\\Blog\\Models\\Post',16,'http://localhost','Mr. Lorenz Zemlak','ignatius85@gmail.com','https://friendsofbotble.com','This article offers practical advice that I can apply in real life.','approved','138.207.60.29','Mozilla/5.0 (Windows CE) AppleWebKit/536.2 (KHTML, like Gecko) Chrome/81.0.4727.62 Safari/536.2 Edg/81.01033.54','2024-07-18 06:25:57','2024-08-09 11:04:26'),(24,NULL,'Botble\\Member\\Models\\Member',4,'Botble\\Blog\\Models\\Post',18,'http://localhost','Glen Lueilwitz I','kristoffer61@yahoo.com','https://friendsofbotble.com','I\'m going to recommend this article to my study group.','approved','177.216.187.156','Mozilla/5.0 (compatible; MSIE 7.0; Windows NT 4.0; Trident/3.0)','2024-08-06 06:57:16','2024-08-09 11:04:26'),(25,NULL,'Botble\\Member\\Models\\Member',0,'Botble\\Blog\\Models\\Post',16,'http://localhost','Kennedi Jacobs','hector.wyman@block.com','https://friendsofbotble.com','The examples provided really helped me understand the concept better.','approved','198.75.62.120','Mozilla/5.0 (Macintosh; U; Intel Mac OS X 10_5_9) AppleWebKit/536.1 (KHTML, like Gecko) Chrome/84.0.4329.19 Safari/536.1 Edg/84.01070.48','2024-07-15 08:22:16','2024-08-09 11:04:26'),(26,NULL,'Botble\\Member\\Models\\Member',7,'Botble\\Blog\\Models\\Post',2,'http://localhost','Eloy Pagac','beer.brown@yahoo.com','https://friendsofbotble.com','I resonate with the ideas presented here.','approved','125.121.214.212','Mozilla/5.0 (compatible; MSIE 6.0; Windows 98; Trident/4.0)','2024-07-25 05:35:44','2024-08-09 11:04:26'),(27,NULL,'Botble\\Member\\Models\\Member',5,'Botble\\Blog\\Models\\Post',20,'http://localhost','Mona Rutherford','ladarius68@bode.net','https://friendsofbotble.com','This article made me think critically about the topic.','approved','48.42.95.38','Opera/9.95 (X11; Linux x86_64; nl-NL) Presto/2.10.190 Version/12.00','2024-07-22 09:09:08','2024-08-09 11:04:26'),(28,NULL,'Botble\\Member\\Models\\Member',2,'Botble\\Blog\\Models\\Post',4,'http://localhost','Dr. Christa Murphy Jr.','jarrell.bartoletti@hotmail.com','https://friendsofbotble.com','I\'ll definitely come back to this article for reference.','approved','22.23.105.64','Mozilla/5.0 (iPhone; CPU iPhone OS 13_0 like Mac OS X) AppleWebKit/532.1 (KHTML, like Gecko) Version/15.0 EdgiOS/81.01026.22 Mobile/15E148 Safari/532.1','2024-07-13 19:29:41','2024-08-09 11:04:26'),(29,NULL,'Botble\\Member\\Models\\Member',5,'Botble\\Blog\\Models\\Post',2,'http://localhost','Madaline Durgan','qhuel@bashirian.info','https://friendsofbotble.com','I\'ve shared this on social media, it\'s too good not to share.','approved','93.111.0.206','Mozilla/5.0 (Macintosh; U; Intel Mac OS X 10_5_1 rv:5.0; sl-SI) AppleWebKit/532.37.4 (KHTML, like Gecko) Version/5.1 Safari/532.37.4','2024-07-13 03:59:51','2024-08-09 11:04:26'),(30,NULL,'Botble\\Member\\Models\\Member',7,'Botble\\Blog\\Models\\Post',9,'http://localhost','Prof. Lowell Morissette','doyle.kutch@tremblay.info','https://friendsofbotble.com','This article presents a balanced view on a controversial topic.','approved','153.121.127.211','Mozilla/5.0 (X11; Linux i686; rv:5.0) Gecko/20150831 Firefox/37.0','2024-07-16 02:34:32','2024-08-09 11:04:26'),(31,NULL,'Botble\\Member\\Models\\Member',3,'Botble\\Blog\\Models\\Post',13,'http://localhost','Berenice Veum DDS','fernando13@yahoo.com','https://friendsofbotble.com','I\'m glad I stumbled upon this article, it\'s a gem.','approved','150.76.40.161','Mozilla/5.0 (Macintosh; U; Intel Mac OS X 10_6_5) AppleWebKit/5321 (KHTML, like Gecko) Chrome/37.0.896.0 Mobile Safari/5321','2024-07-30 21:18:53','2024-08-09 11:04:26'),(32,NULL,'Botble\\Member\\Models\\Member',6,'Botble\\Blog\\Models\\Post',17,'http://localhost','Giovani Kuhic','wbuckridge@yahoo.com','https://friendsofbotble.com','I\'ve been struggling with this, your article helped a lot.','approved','89.80.235.215','Opera/8.62 (Windows 95; sl-SI) Presto/2.10.335 Version/12.00','2024-07-20 15:55:36','2024-08-09 11:04:26'),(33,NULL,'Botble\\Member\\Models\\Member',0,'Botble\\Blog\\Models\\Post',10,'http://localhost','Keon Kshlerin','kristin.kuhic@gmail.com','https://friendsofbotble.com','I\'ve learned something new today, thanks to this article.','approved','58.142.234.35','Opera/9.36 (X11; Linux i686; sl-SI) Presto/2.8.342 Version/12.00','2024-08-07 10:27:16','2024-08-09 11:04:26'),(34,NULL,'Botble\\Member\\Models\\Member',0,'Botble\\Blog\\Models\\Post',10,'http://localhost','Ethyl Hagenes','kuhlman.alverta@schmitt.com','https://friendsofbotble.com','Kudos to the author for a well-researched piece.','approved','141.2.2.207','Mozilla/5.0 (Macintosh; U; PPC Mac OS X 10_6_8) AppleWebKit/5341 (KHTML, like Gecko) Chrome/36.0.879.0 Mobile Safari/5341','2024-07-24 05:55:17','2024-08-09 11:04:26'),(35,NULL,'Botble\\Member\\Models\\Member',4,'Botble\\Blog\\Models\\Post',12,'http://localhost','Dr. Gay Leuschke','katlyn.senger@yahoo.com','https://friendsofbotble.com','I\'m impressed by the depth of knowledge demonstrated here.','approved','20.239.228.252','Mozilla/5.0 (Macintosh; Intel Mac OS X 10_6_7) AppleWebKit/537.0 (KHTML, like Gecko) Chrome/97.0.4151.58 Safari/537.0 Edg/97.01016.35','2024-08-01 09:24:00','2024-08-09 11:04:26'),(36,NULL,'Botble\\Member\\Models\\Member',1,'Botble\\Blog\\Models\\Post',1,'http://localhost','Margarete Ebert','kerluke.lexi@weissnat.com','https://friendsofbotble.com','This article challenged my assumptions in a good way.','approved','13.180.215.98','Mozilla/5.0 (X11; Linux i686) AppleWebKit/534.2 (KHTML, like Gecko) Chrome/81.0.4790.29 Safari/534.2 EdgA/81.01031.10','2024-07-10 00:00:45','2024-08-09 11:04:26'),(37,NULL,'Botble\\Member\\Models\\Member',3,'Botble\\Blog\\Models\\Post',1,'http://localhost','Mr. Sheldon Wolf V','maggio.genesis@lubowitz.com','https://friendsofbotble.com','I\'ve shared this with my colleagues, it\'s worth discussing.','approved','148.51.59.161','Mozilla/5.0 (Macintosh; PPC Mac OS X 10_5_0) AppleWebKit/537.1 (KHTML, like Gecko) Chrome/85.0.4420.96 Safari/537.1 Edg/85.01041.6','2024-07-29 02:27:25','2024-08-09 11:04:26'),(38,NULL,'Botble\\Member\\Models\\Member',4,'Botble\\Blog\\Models\\Post',3,'http://localhost','Marjolaine Kulas Sr.','justyn34@frami.biz','https://friendsofbotble.com','The information presented here is very valuable.','approved','42.228.163.38','Mozilla/5.0 (Windows; U; Windows NT 5.1) AppleWebKit/532.6.6 (KHTML, like Gecko) Version/4.0.5 Safari/532.6.6','2024-07-24 06:07:05','2024-08-09 11:04:26'),(39,NULL,'Botble\\Member\\Models\\Member',6,'Botble\\Blog\\Models\\Post',18,'http://localhost','Milton Larson','yoshiko28@gmail.com','https://friendsofbotble.com','You have a talent for explaining complex topics clearly.','approved','81.207.104.246','Mozilla/5.0 (Windows NT 5.2) AppleWebKit/5330 (KHTML, like Gecko) Chrome/40.0.882.0 Mobile Safari/5330','2024-07-24 11:24:35','2024-08-09 11:04:26'),(40,NULL,'Botble\\Member\\Models\\Member',6,'Botble\\Blog\\Models\\Post',19,'http://localhost','Carter Trantow','xcrona@ledner.biz','https://friendsofbotble.com','I\'m inspired to learn more about this after reading your article.','approved','218.143.10.239','Mozilla/5.0 (X11; Linux i686) AppleWebKit/5322 (KHTML, like Gecko) Chrome/36.0.872.0 Mobile Safari/5322','2024-07-26 09:50:04','2024-08-09 11:04:26'),(41,NULL,'Botble\\Member\\Models\\Member',4,'Botble\\Blog\\Models\\Post',7,'http://localhost','Janiya Medhurst','wilfred58@effertz.com','https://friendsofbotble.com','This article deserves wider recognition.','approved','219.80.125.139','Mozilla/5.0 (iPhone; CPU iPhone OS 7_1_2 like Mac OS X; en-US) AppleWebKit/533.3.4 (KHTML, like Gecko) Version/4.0.5 Mobile/8B118 Safari/6533.3.4','2024-07-19 12:17:23','2024-08-09 11:04:26'),(42,NULL,'Botble\\Member\\Models\\Member',5,'Botble\\Blog\\Models\\Post',15,'http://localhost','Jamil Borer','walker.jennie@gmail.com','https://friendsofbotble.com','I\'m grateful for the insights shared in this piece.','approved','214.250.94.203','Opera/8.36 (X11; Linux i686; en-US) Presto/2.12.171 Version/10.00','2024-08-04 06:27:10','2024-08-09 11:04:26'),(43,NULL,'Botble\\Member\\Models\\Member',7,'Botble\\Blog\\Models\\Post',5,'http://localhost','Mr. Mason Krajcik','volkman.foster@hotmail.com','https://friendsofbotble.com','The author presents a balanced view on a controversial topic.','approved','74.95.86.168','Mozilla/5.0 (compatible; MSIE 6.0; Windows NT 5.01; Trident/4.0)','2024-07-17 08:46:49','2024-08-09 11:04:26'),(44,NULL,'Botble\\Member\\Models\\Member',3,'Botble\\Blog\\Models\\Post',18,'http://localhost','Valentine Windler','mheathcote@gottlieb.org','https://friendsofbotble.com','I\'m glad I stumbled upon this article, it\'s','approved','210.135.49.234','Opera/9.25 (X11; Linux x86_64; en-US) Presto/2.10.221 Version/12.00','2024-08-07 05:33:48','2024-08-09 11:04:26'),(45,NULL,'Botble\\Member\\Models\\Member',1,'Botble\\Blog\\Models\\Post',1,'http://localhost','Prof. Austyn Mante','willy83@gmail.com','https://friendsofbotble.com','I\'ve been searching for information on this topic, glad I found this article. It\'s incredibly insightful and provides a comprehensive overview of the subject matter. I appreciate the effort put into researching and writing this piece. It\'s truly eye-opening and has given me a new perspective. Thank you for sharing your knowledge with us!','approved','106.17.192.38','Mozilla/5.0 (Macintosh; U; PPC Mac OS X 10_8_4 rv:3.0) Gecko/20201008 Firefox/35.0','2024-07-29 04:24:21','2024-08-09 11:04:26'),(46,NULL,'Botble\\Member\\Models\\Member',3,'Botble\\Blog\\Models\\Post',16,'http://localhost','Graciela Kutch','awaters@adams.com','https://friendsofbotble.com','This article is a masterpiece! It dives deep into the topic and offers valuable insights that are both thought-provoking and enlightening. The author\'s expertise is evident throughout, making it a compelling read from start to finish. I\'ll definitely be coming back to this for reference in the future.','approved','63.247.21.217','Mozilla/5.0 (compatible; MSIE 8.0; Windows NT 4.0; Trident/3.0)','2024-07-31 20:20:30','2024-08-09 11:04:26'),(47,NULL,'Botble\\Member\\Models\\Member',7,'Botble\\Blog\\Models\\Post',19,'http://localhost','Adella Emard','goyette.rosanna@hotmail.com','https://friendsofbotble.com','I\'m amazed by the depth of analysis in this article. It covers a wide range of aspects related to the topic, providing a comprehensive understanding. The clarity of explanation is commendable, making complex concepts easy to grasp. This article has enriched my understanding and sparked further curiosity. Kudos to the author!','approved','163.97.159.206','Opera/8.40 (X11; Linux x86_64; nl-NL) Presto/2.11.354 Version/10.00','2024-07-31 19:52:22','2024-08-09 11:04:26');
/*!40000 ALTER TABLE `fob_comments` ENABLE KEYS */;
UNLOCK TABLES;

--
-- Table structure for table `galleries`
--

DROP TABLE IF EXISTS `galleries`;
/*!40101 SET @saved_cs_client     = @@character_set_client */;
/*!50503 SET character_set_client = utf8mb4 */;
CREATE TABLE `galleries` (
  `id` bigint unsigned NOT NULL AUTO_INCREMENT,
  `name` varchar(120) COLLATE utf8mb4_unicode_ci NOT NULL,
  `description` longtext COLLATE utf8mb4_unicode_ci NOT NULL,
  `is_featured` tinyint unsigned NOT NULL DEFAULT '0',
  `order` tinyint unsigned NOT NULL DEFAULT '0',
  `image` varchar(191) COLLATE utf8mb4_unicode_ci DEFAULT NULL,
  `user_id` bigint unsigned DEFAULT NULL,
  `status` varchar(60) COLLATE utf8mb4_unicode_ci NOT NULL DEFAULT 'published',
  `created_at` timestamp NULL DEFAULT NULL,
  `updated_at` timestamp NULL DEFAULT NULL,
  PRIMARY KEY (`id`),
  KEY `galleries_user_id_index` (`user_id`)
) ENGINE=InnoDB AUTO_INCREMENT=21 DEFAULT CHARSET=utf8mb4 COLLATE=utf8mb4_unicode_ci;
/*!40101 SET character_set_client = @saved_cs_client */;

--
-- Dumping data for table `galleries`
--

LOCK TABLES `galleries` WRITE;
/*!40000 ALTER TABLE `galleries` DISABLE KEYS */;
INSERT INTO `galleries` VALUES (1,'Perfect','Quo aut enim commodi perferendis. Delectus quia nulla et ut. Qui dignissimos sunt dolores veniam alias sint.',0,0,'main/news/1.jpg',1,'published','2024-08-09 11:04:23','2024-08-09 11:04:23'),(2,'New Day','Facilis repellendus accusamus eum dolorem quas sequi. Voluptates ex qui repudiandae quia. Eveniet et id dicta qui excepturi vero illum debitis.',0,0,'main/news/2.jpg',1,'published','2024-08-09 11:04:23','2024-08-09 11:04:23'),(3,'Happy Day','Deleniti fugit nemo iusto. Beatae deleniti laborum rerum. Facere repellendus harum cum perspiciatis alias porro. Non quis amet sunt eos.',0,0,'main/news/3.jpg',1,'published','2024-08-09 11:04:23','2024-08-09 11:04:23'),(4,'Nature','Nam ut consequatur eos quae ipsam. Quia nobis reprehenderit asperiores fuga corrupti iusto quaerat. Ad et voluptatem et.',0,0,'main/news/4.jpg',1,'published','2024-08-09 11:04:23','2024-08-09 11:04:23'),(5,'Morning','Omnis aut et eveniet harum non. Ea provident similique quibusdam quia eos numquam. Assumenda natus error possimus sit hic aut laudantium nihil.',0,0,'main/news/5.jpg',1,'published','2024-08-09 11:04:24','2024-08-09 11:04:24'),(6,'Sunset','Assumenda similique et voluptatem fugit sed. Pariatur qui beatae distinctio aut est velit et. Corporis eligendi explicabo illo sed voluptatem ut.',0,0,'main/news/6.jpg',1,'published','2024-08-09 11:04:24','2024-08-09 11:04:24'),(7,'Ocean Views','Non aperiam dolorem omnis eius. Modi error sed minus rerum recusandae odit quisquam. Facilis tempore quasi iusto.',0,0,'main/news/7.jpg',1,'published','2024-08-09 11:04:24','2024-08-09 11:04:24'),(8,'Adventure Time','Mollitia id beatae est. Molestias saepe nulla et facere nihil fuga ducimus quod. Et exercitationem beatae vel rerum quo vel placeat.',0,0,'main/news/8.jpg',1,'published','2024-08-09 11:04:24','2024-08-09 11:04:24'),(9,'City Lights','Dolorum expedita fuga blanditiis hic. Et dolor necessitatibus nostrum perferendis facilis sint. Sint debitis amet quae quibusdam itaque sit.',0,0,'main/news/9.jpg',1,'published','2024-08-09 11:04:24','2024-08-09 11:04:24'),(10,'Dreamscape','Aliquam autem consectetur repellendus delectus eius. Minima provident consectetur ex cumque ut. Minima non in fugiat laborum eum nihil saepe.',0,0,'main/news/10.jpg',1,'published','2024-08-09 11:04:24','2024-08-09 11:04:24'),(11,'Enchanted Forest','Molestias recusandae hic autem vel est. Saepe ut est vitae quod. Officia et est eum id dolor enim quis.',0,0,'main/news/11.jpg',1,'published','2024-08-09 11:04:24','2024-08-09 11:04:24'),(12,'Golden Hour','Nemo rerum eos rem consequuntur assumenda quia nobis. Nesciunt natus fugiat iusto corrupti. Id cum explicabo vitae odio earum consequatur voluptas.',0,0,'main/news/12.jpg',1,'published','2024-08-09 11:04:24','2024-08-09 11:04:24'),(13,'Serenity','Id sit dolorum laborum corrupti. Atque non consectetur repellendus temporibus mollitia fuga.',0,0,'main/news/13.jpg',1,'published','2024-08-09 11:04:24','2024-08-09 11:04:24'),(14,'Eternal Beauty','Inventore velit labore neque velit. Laudantium quaerat praesentium sint asperiores qui enim aperiam. Itaque officia corporis earum totam.',0,0,'main/news/14.jpg',1,'published','2024-08-09 11:04:24','2024-08-09 11:04:24'),(15,'Moonlight Magic','Atque quam culpa modi doloribus. Quia et saepe fugiat nam commodi consectetur assumenda dolorem. Accusamus distinctio est doloremque.',0,0,'main/news/15.jpg',1,'published','2024-08-09 11:04:24','2024-08-09 11:04:24'),(16,'Starry Night','Odit excepturi temporibus nihil consequatur dicta. Adipisci quisquam necessitatibus quo officia. Incidunt quasi dolorem officia quo quod quo.',0,0,'main/news/16.jpg',1,'published','2024-08-09 11:04:24','2024-08-09 11:04:24'),(17,'Hidden Gems','Est et libero laudantium sapiente ipsum ad et. Quia sint recusandae culpa. Nemo modi excepturi neque quis laboriosam ut.',0,0,'main/news/17.jpg',1,'published','2024-08-09 11:04:24','2024-08-09 11:04:24'),(18,'Tranquil Waters','Consequatur consectetur voluptatem nemo blanditiis ut. Vel nemo voluptas quia dolore similique a. Blanditiis veritatis occaecati et explicabo omnis.',0,0,'main/news/18.jpg',1,'published','2024-08-09 11:04:24','2024-08-09 11:04:24'),(19,'Urban Escape','Dolorem repudiandae expedita illo velit. At harum error et excepturi nemo ea et. Quasi cupiditate magni maxime eum ad et quia.',0,0,'main/news/19.jpg',1,'published','2024-08-09 11:04:24','2024-08-09 11:04:24'),(20,'Twilight Zone','Non reprehenderit vitae nobis. Qui labore labore quas blanditiis cumque illum numquam. Dolor aut deleniti iste cupiditate voluptatibus quae et.',0,0,'main/news/20.jpg',1,'published','2024-08-09 11:04:24','2024-08-09 11:04:24');
/*!40000 ALTER TABLE `galleries` ENABLE KEYS */;
UNLOCK TABLES;

--
-- Table structure for table `galleries_translations`
--

DROP TABLE IF EXISTS `galleries_translations`;
/*!40101 SET @saved_cs_client     = @@character_set_client */;
/*!50503 SET character_set_client = utf8mb4 */;
CREATE TABLE `galleries_translations` (
  `lang_code` varchar(20) COLLATE utf8mb4_unicode_ci NOT NULL,
  `galleries_id` bigint unsigned NOT NULL,
  `name` varchar(191) COLLATE utf8mb4_unicode_ci DEFAULT NULL,
  `description` longtext COLLATE utf8mb4_unicode_ci,
  PRIMARY KEY (`lang_code`,`galleries_id`)
) ENGINE=InnoDB DEFAULT CHARSET=utf8mb4 COLLATE=utf8mb4_unicode_ci;
/*!40101 SET character_set_client = @saved_cs_client */;

--
-- Dumping data for table `galleries_translations`
--

LOCK TABLES `galleries_translations` WRITE;
/*!40000 ALTER TABLE `galleries_translations` DISABLE KEYS */;
/*!40000 ALTER TABLE `galleries_translations` ENABLE KEYS */;
UNLOCK TABLES;

--
-- Table structure for table `gallery_meta`
--

DROP TABLE IF EXISTS `gallery_meta`;
/*!40101 SET @saved_cs_client     = @@character_set_client */;
/*!50503 SET character_set_client = utf8mb4 */;
CREATE TABLE `gallery_meta` (
  `id` bigint unsigned NOT NULL AUTO_INCREMENT,
  `images` text COLLATE utf8mb4_unicode_ci,
  `reference_id` bigint unsigned NOT NULL,
  `reference_type` varchar(120) COLLATE utf8mb4_unicode_ci NOT NULL,
  `created_at` timestamp NULL DEFAULT NULL,
  `updated_at` timestamp NULL DEFAULT NULL,
  PRIMARY KEY (`id`),
  KEY `gallery_meta_reference_id_index` (`reference_id`)
) ENGINE=InnoDB AUTO_INCREMENT=21 DEFAULT CHARSET=utf8mb4 COLLATE=utf8mb4_unicode_ci;
/*!40101 SET character_set_client = @saved_cs_client */;

--
-- Dumping data for table `gallery_meta`
--

LOCK TABLES `gallery_meta` WRITE;
/*!40000 ALTER TABLE `gallery_meta` DISABLE KEYS */;
INSERT INTO `gallery_meta` VALUES (1,'[{\"img\":\"main\\/news\\/1.jpg\",\"description\":\"\"},{\"img\":\"main\\/news\\/2.jpg\",\"description\":\"\"},{\"img\":\"main\\/news\\/3.jpg\",\"description\":\"\"},{\"img\":\"main\\/news\\/4.jpg\",\"description\":\"\"},{\"img\":\"main\\/news\\/5.jpg\",\"description\":\"\"},{\"img\":\"main\\/news\\/6.jpg\",\"description\":\"\"},{\"img\":\"main\\/news\\/7.jpg\",\"description\":\"\"},{\"img\":\"main\\/news\\/8.jpg\",\"description\":\"\"},{\"img\":\"main\\/news\\/9.jpg\",\"description\":\"\"},{\"img\":\"main\\/news\\/10.jpg\",\"description\":\"\"},{\"img\":\"main\\/news\\/11.jpg\",\"description\":\"\"},{\"img\":\"main\\/news\\/12.jpg\",\"description\":\"\"},{\"img\":\"main\\/news\\/13.jpg\",\"description\":\"\"},{\"img\":\"main\\/news\\/14.jpg\",\"description\":\"\"},{\"img\":\"main\\/news\\/15.jpg\",\"description\":\"\"},{\"img\":\"main\\/news\\/16.jpg\",\"description\":\"\"},{\"img\":\"main\\/news\\/17.jpg\",\"description\":\"\"},{\"img\":\"main\\/news\\/18.jpg\",\"description\":\"\"},{\"img\":\"main\\/news\\/19.jpg\",\"description\":\"\"},{\"img\":\"main\\/news\\/20.jpg\",\"description\":\"\"}]',1,'Botble\\Gallery\\Models\\Gallery','2024-08-09 11:04:23','2024-08-09 11:04:23'),(2,'[{\"img\":\"main\\/news\\/1.jpg\",\"description\":\"\"},{\"img\":\"main\\/news\\/2.jpg\",\"description\":\"\"},{\"img\":\"main\\/news\\/3.jpg\",\"description\":\"\"},{\"img\":\"main\\/news\\/4.jpg\",\"description\":\"\"},{\"img\":\"main\\/news\\/5.jpg\",\"description\":\"\"},{\"img\":\"main\\/news\\/6.jpg\",\"description\":\"\"},{\"img\":\"main\\/news\\/7.jpg\",\"description\":\"\"},{\"img\":\"main\\/news\\/8.jpg\",\"description\":\"\"},{\"img\":\"main\\/news\\/9.jpg\",\"description\":\"\"},{\"img\":\"main\\/news\\/10.jpg\",\"description\":\"\"},{\"img\":\"main\\/news\\/11.jpg\",\"description\":\"\"},{\"img\":\"main\\/news\\/12.jpg\",\"description\":\"\"},{\"img\":\"main\\/news\\/13.jpg\",\"description\":\"\"},{\"img\":\"main\\/news\\/14.jpg\",\"description\":\"\"},{\"img\":\"main\\/news\\/15.jpg\",\"description\":\"\"},{\"img\":\"main\\/news\\/16.jpg\",\"description\":\"\"},{\"img\":\"main\\/news\\/17.jpg\",\"description\":\"\"},{\"img\":\"main\\/news\\/18.jpg\",\"description\":\"\"},{\"img\":\"main\\/news\\/19.jpg\",\"description\":\"\"},{\"img\":\"main\\/news\\/20.jpg\",\"description\":\"\"}]',2,'Botble\\Gallery\\Models\\Gallery','2024-08-09 11:04:23','2024-08-09 11:04:23'),(3,'[{\"img\":\"main\\/news\\/1.jpg\",\"description\":\"\"},{\"img\":\"main\\/news\\/2.jpg\",\"description\":\"\"},{\"img\":\"main\\/news\\/3.jpg\",\"description\":\"\"},{\"img\":\"main\\/news\\/4.jpg\",\"description\":\"\"},{\"img\":\"main\\/news\\/5.jpg\",\"description\":\"\"},{\"img\":\"main\\/news\\/6.jpg\",\"description\":\"\"},{\"img\":\"main\\/news\\/7.jpg\",\"description\":\"\"},{\"img\":\"main\\/news\\/8.jpg\",\"description\":\"\"},{\"img\":\"main\\/news\\/9.jpg\",\"description\":\"\"},{\"img\":\"main\\/news\\/10.jpg\",\"description\":\"\"},{\"img\":\"main\\/news\\/11.jpg\",\"description\":\"\"},{\"img\":\"main\\/news\\/12.jpg\",\"description\":\"\"},{\"img\":\"main\\/news\\/13.jpg\",\"description\":\"\"},{\"img\":\"main\\/news\\/14.jpg\",\"description\":\"\"},{\"img\":\"main\\/news\\/15.jpg\",\"description\":\"\"},{\"img\":\"main\\/news\\/16.jpg\",\"description\":\"\"},{\"img\":\"main\\/news\\/17.jpg\",\"description\":\"\"},{\"img\":\"main\\/news\\/18.jpg\",\"description\":\"\"},{\"img\":\"main\\/news\\/19.jpg\",\"description\":\"\"},{\"img\":\"main\\/news\\/20.jpg\",\"description\":\"\"}]',3,'Botble\\Gallery\\Models\\Gallery','2024-08-09 11:04:23','2024-08-09 11:04:23'),(4,'[{\"img\":\"main\\/news\\/1.jpg\",\"description\":\"\"},{\"img\":\"main\\/news\\/2.jpg\",\"description\":\"\"},{\"img\":\"main\\/news\\/3.jpg\",\"description\":\"\"},{\"img\":\"main\\/news\\/4.jpg\",\"description\":\"\"},{\"img\":\"main\\/news\\/5.jpg\",\"description\":\"\"},{\"img\":\"main\\/news\\/6.jpg\",\"description\":\"\"},{\"img\":\"main\\/news\\/7.jpg\",\"description\":\"\"},{\"img\":\"main\\/news\\/8.jpg\",\"description\":\"\"},{\"img\":\"main\\/news\\/9.jpg\",\"description\":\"\"},{\"img\":\"main\\/news\\/10.jpg\",\"description\":\"\"},{\"img\":\"main\\/news\\/11.jpg\",\"description\":\"\"},{\"img\":\"main\\/news\\/12.jpg\",\"description\":\"\"},{\"img\":\"main\\/news\\/13.jpg\",\"description\":\"\"},{\"img\":\"main\\/news\\/14.jpg\",\"description\":\"\"},{\"img\":\"main\\/news\\/15.jpg\",\"description\":\"\"},{\"img\":\"main\\/news\\/16.jpg\",\"description\":\"\"},{\"img\":\"main\\/news\\/17.jpg\",\"description\":\"\"},{\"img\":\"main\\/news\\/18.jpg\",\"description\":\"\"},{\"img\":\"main\\/news\\/19.jpg\",\"description\":\"\"},{\"img\":\"main\\/news\\/20.jpg\",\"description\":\"\"}]',4,'Botble\\Gallery\\Models\\Gallery','2024-08-09 11:04:24','2024-08-09 11:04:24'),(5,'[{\"img\":\"main\\/news\\/1.jpg\",\"description\":\"\"},{\"img\":\"main\\/news\\/2.jpg\",\"description\":\"\"},{\"img\":\"main\\/news\\/3.jpg\",\"description\":\"\"},{\"img\":\"main\\/news\\/4.jpg\",\"description\":\"\"},{\"img\":\"main\\/news\\/5.jpg\",\"description\":\"\"},{\"img\":\"main\\/news\\/6.jpg\",\"description\":\"\"},{\"img\":\"main\\/news\\/7.jpg\",\"description\":\"\"},{\"img\":\"main\\/news\\/8.jpg\",\"description\":\"\"},{\"img\":\"main\\/news\\/9.jpg\",\"description\":\"\"},{\"img\":\"main\\/news\\/10.jpg\",\"description\":\"\"},{\"img\":\"main\\/news\\/11.jpg\",\"description\":\"\"},{\"img\":\"main\\/news\\/12.jpg\",\"description\":\"\"},{\"img\":\"main\\/news\\/13.jpg\",\"description\":\"\"},{\"img\":\"main\\/news\\/14.jpg\",\"description\":\"\"},{\"img\":\"main\\/news\\/15.jpg\",\"description\":\"\"},{\"img\":\"main\\/news\\/16.jpg\",\"description\":\"\"},{\"img\":\"main\\/news\\/17.jpg\",\"description\":\"\"},{\"img\":\"main\\/news\\/18.jpg\",\"description\":\"\"},{\"img\":\"main\\/news\\/19.jpg\",\"description\":\"\"},{\"img\":\"main\\/news\\/20.jpg\",\"description\":\"\"}]',5,'Botble\\Gallery\\Models\\Gallery','2024-08-09 11:04:24','2024-08-09 11:04:24'),(6,'[{\"img\":\"main\\/news\\/1.jpg\",\"description\":\"\"},{\"img\":\"main\\/news\\/2.jpg\",\"description\":\"\"},{\"img\":\"main\\/news\\/3.jpg\",\"description\":\"\"},{\"img\":\"main\\/news\\/4.jpg\",\"description\":\"\"},{\"img\":\"main\\/news\\/5.jpg\",\"description\":\"\"},{\"img\":\"main\\/news\\/6.jpg\",\"description\":\"\"},{\"img\":\"main\\/news\\/7.jpg\",\"description\":\"\"},{\"img\":\"main\\/news\\/8.jpg\",\"description\":\"\"},{\"img\":\"main\\/news\\/9.jpg\",\"description\":\"\"},{\"img\":\"main\\/news\\/10.jpg\",\"description\":\"\"},{\"img\":\"main\\/news\\/11.jpg\",\"description\":\"\"},{\"img\":\"main\\/news\\/12.jpg\",\"description\":\"\"},{\"img\":\"main\\/news\\/13.jpg\",\"description\":\"\"},{\"img\":\"main\\/news\\/14.jpg\",\"description\":\"\"},{\"img\":\"main\\/news\\/15.jpg\",\"description\":\"\"},{\"img\":\"main\\/news\\/16.jpg\",\"description\":\"\"},{\"img\":\"main\\/news\\/17.jpg\",\"description\":\"\"},{\"img\":\"main\\/news\\/18.jpg\",\"description\":\"\"},{\"img\":\"main\\/news\\/19.jpg\",\"description\":\"\"},{\"img\":\"main\\/news\\/20.jpg\",\"description\":\"\"}]',6,'Botble\\Gallery\\Models\\Gallery','2024-08-09 11:04:24','2024-08-09 11:04:24'),(7,'[{\"img\":\"main\\/news\\/1.jpg\",\"description\":\"\"},{\"img\":\"main\\/news\\/2.jpg\",\"description\":\"\"},{\"img\":\"main\\/news\\/3.jpg\",\"description\":\"\"},{\"img\":\"main\\/news\\/4.jpg\",\"description\":\"\"},{\"img\":\"main\\/news\\/5.jpg\",\"description\":\"\"},{\"img\":\"main\\/news\\/6.jpg\",\"description\":\"\"},{\"img\":\"main\\/news\\/7.jpg\",\"description\":\"\"},{\"img\":\"main\\/news\\/8.jpg\",\"description\":\"\"},{\"img\":\"main\\/news\\/9.jpg\",\"description\":\"\"},{\"img\":\"main\\/news\\/10.jpg\",\"description\":\"\"},{\"img\":\"main\\/news\\/11.jpg\",\"description\":\"\"},{\"img\":\"main\\/news\\/12.jpg\",\"description\":\"\"},{\"img\":\"main\\/news\\/13.jpg\",\"description\":\"\"},{\"img\":\"main\\/news\\/14.jpg\",\"description\":\"\"},{\"img\":\"main\\/news\\/15.jpg\",\"description\":\"\"},{\"img\":\"main\\/news\\/16.jpg\",\"description\":\"\"},{\"img\":\"main\\/news\\/17.jpg\",\"description\":\"\"},{\"img\":\"main\\/news\\/18.jpg\",\"description\":\"\"},{\"img\":\"main\\/news\\/19.jpg\",\"description\":\"\"},{\"img\":\"main\\/news\\/20.jpg\",\"description\":\"\"}]',7,'Botble\\Gallery\\Models\\Gallery','2024-08-09 11:04:24','2024-08-09 11:04:24'),(8,'[{\"img\":\"main\\/news\\/1.jpg\",\"description\":\"\"},{\"img\":\"main\\/news\\/2.jpg\",\"description\":\"\"},{\"img\":\"main\\/news\\/3.jpg\",\"description\":\"\"},{\"img\":\"main\\/news\\/4.jpg\",\"description\":\"\"},{\"img\":\"main\\/news\\/5.jpg\",\"description\":\"\"},{\"img\":\"main\\/news\\/6.jpg\",\"description\":\"\"},{\"img\":\"main\\/news\\/7.jpg\",\"description\":\"\"},{\"img\":\"main\\/news\\/8.jpg\",\"description\":\"\"},{\"img\":\"main\\/news\\/9.jpg\",\"description\":\"\"},{\"img\":\"main\\/news\\/10.jpg\",\"description\":\"\"},{\"img\":\"main\\/news\\/11.jpg\",\"description\":\"\"},{\"img\":\"main\\/news\\/12.jpg\",\"description\":\"\"},{\"img\":\"main\\/news\\/13.jpg\",\"description\":\"\"},{\"img\":\"main\\/news\\/14.jpg\",\"description\":\"\"},{\"img\":\"main\\/news\\/15.jpg\",\"description\":\"\"},{\"img\":\"main\\/news\\/16.jpg\",\"description\":\"\"},{\"img\":\"main\\/news\\/17.jpg\",\"description\":\"\"},{\"img\":\"main\\/news\\/18.jpg\",\"description\":\"\"},{\"img\":\"main\\/news\\/19.jpg\",\"description\":\"\"},{\"img\":\"main\\/news\\/20.jpg\",\"description\":\"\"}]',8,'Botble\\Gallery\\Models\\Gallery','2024-08-09 11:04:24','2024-08-09 11:04:24'),(9,'[{\"img\":\"main\\/news\\/1.jpg\",\"description\":\"\"},{\"img\":\"main\\/news\\/2.jpg\",\"description\":\"\"},{\"img\":\"main\\/news\\/3.jpg\",\"description\":\"\"},{\"img\":\"main\\/news\\/4.jpg\",\"description\":\"\"},{\"img\":\"main\\/news\\/5.jpg\",\"description\":\"\"},{\"img\":\"main\\/news\\/6.jpg\",\"description\":\"\"},{\"img\":\"main\\/news\\/7.jpg\",\"description\":\"\"},{\"img\":\"main\\/news\\/8.jpg\",\"description\":\"\"},{\"img\":\"main\\/news\\/9.jpg\",\"description\":\"\"},{\"img\":\"main\\/news\\/10.jpg\",\"description\":\"\"},{\"img\":\"main\\/news\\/11.jpg\",\"description\":\"\"},{\"img\":\"main\\/news\\/12.jpg\",\"description\":\"\"},{\"img\":\"main\\/news\\/13.jpg\",\"description\":\"\"},{\"img\":\"main\\/news\\/14.jpg\",\"description\":\"\"},{\"img\":\"main\\/news\\/15.jpg\",\"description\":\"\"},{\"img\":\"main\\/news\\/16.jpg\",\"description\":\"\"},{\"img\":\"main\\/news\\/17.jpg\",\"description\":\"\"},{\"img\":\"main\\/news\\/18.jpg\",\"description\":\"\"},{\"img\":\"main\\/news\\/19.jpg\",\"description\":\"\"},{\"img\":\"main\\/news\\/20.jpg\",\"description\":\"\"}]',9,'Botble\\Gallery\\Models\\Gallery','2024-08-09 11:04:24','2024-08-09 11:04:24'),(10,'[{\"img\":\"main\\/news\\/1.jpg\",\"description\":\"\"},{\"img\":\"main\\/news\\/2.jpg\",\"description\":\"\"},{\"img\":\"main\\/news\\/3.jpg\",\"description\":\"\"},{\"img\":\"main\\/news\\/4.jpg\",\"description\":\"\"},{\"img\":\"main\\/news\\/5.jpg\",\"description\":\"\"},{\"img\":\"main\\/news\\/6.jpg\",\"description\":\"\"},{\"img\":\"main\\/news\\/7.jpg\",\"description\":\"\"},{\"img\":\"main\\/news\\/8.jpg\",\"description\":\"\"},{\"img\":\"main\\/news\\/9.jpg\",\"description\":\"\"},{\"img\":\"main\\/news\\/10.jpg\",\"description\":\"\"},{\"img\":\"main\\/news\\/11.jpg\",\"description\":\"\"},{\"img\":\"main\\/news\\/12.jpg\",\"description\":\"\"},{\"img\":\"main\\/news\\/13.jpg\",\"description\":\"\"},{\"img\":\"main\\/news\\/14.jpg\",\"description\":\"\"},{\"img\":\"main\\/news\\/15.jpg\",\"description\":\"\"},{\"img\":\"main\\/news\\/16.jpg\",\"description\":\"\"},{\"img\":\"main\\/news\\/17.jpg\",\"description\":\"\"},{\"img\":\"main\\/news\\/18.jpg\",\"description\":\"\"},{\"img\":\"main\\/news\\/19.jpg\",\"description\":\"\"},{\"img\":\"main\\/news\\/20.jpg\",\"description\":\"\"}]',10,'Botble\\Gallery\\Models\\Gallery','2024-08-09 11:04:24','2024-08-09 11:04:24'),(11,'[{\"img\":\"main\\/news\\/1.jpg\",\"description\":\"\"},{\"img\":\"main\\/news\\/2.jpg\",\"description\":\"\"},{\"img\":\"main\\/news\\/3.jpg\",\"description\":\"\"},{\"img\":\"main\\/news\\/4.jpg\",\"description\":\"\"},{\"img\":\"main\\/news\\/5.jpg\",\"description\":\"\"},{\"img\":\"main\\/news\\/6.jpg\",\"description\":\"\"},{\"img\":\"main\\/news\\/7.jpg\",\"description\":\"\"},{\"img\":\"main\\/news\\/8.jpg\",\"description\":\"\"},{\"img\":\"main\\/news\\/9.jpg\",\"description\":\"\"},{\"img\":\"main\\/news\\/10.jpg\",\"description\":\"\"},{\"img\":\"main\\/news\\/11.jpg\",\"description\":\"\"},{\"img\":\"main\\/news\\/12.jpg\",\"description\":\"\"},{\"img\":\"main\\/news\\/13.jpg\",\"description\":\"\"},{\"img\":\"main\\/news\\/14.jpg\",\"description\":\"\"},{\"img\":\"main\\/news\\/15.jpg\",\"description\":\"\"},{\"img\":\"main\\/news\\/16.jpg\",\"description\":\"\"},{\"img\":\"main\\/news\\/17.jpg\",\"description\":\"\"},{\"img\":\"main\\/news\\/18.jpg\",\"description\":\"\"},{\"img\":\"main\\/news\\/19.jpg\",\"description\":\"\"},{\"img\":\"main\\/news\\/20.jpg\",\"description\":\"\"}]',11,'Botble\\Gallery\\Models\\Gallery','2024-08-09 11:04:24','2024-08-09 11:04:24'),(12,'[{\"img\":\"main\\/news\\/1.jpg\",\"description\":\"\"},{\"img\":\"main\\/news\\/2.jpg\",\"description\":\"\"},{\"img\":\"main\\/news\\/3.jpg\",\"description\":\"\"},{\"img\":\"main\\/news\\/4.jpg\",\"description\":\"\"},{\"img\":\"main\\/news\\/5.jpg\",\"description\":\"\"},{\"img\":\"main\\/news\\/6.jpg\",\"description\":\"\"},{\"img\":\"main\\/news\\/7.jpg\",\"description\":\"\"},{\"img\":\"main\\/news\\/8.jpg\",\"description\":\"\"},{\"img\":\"main\\/news\\/9.jpg\",\"description\":\"\"},{\"img\":\"main\\/news\\/10.jpg\",\"description\":\"\"},{\"img\":\"main\\/news\\/11.jpg\",\"description\":\"\"},{\"img\":\"main\\/news\\/12.jpg\",\"description\":\"\"},{\"img\":\"main\\/news\\/13.jpg\",\"description\":\"\"},{\"img\":\"main\\/news\\/14.jpg\",\"description\":\"\"},{\"img\":\"main\\/news\\/15.jpg\",\"description\":\"\"},{\"img\":\"main\\/news\\/16.jpg\",\"description\":\"\"},{\"img\":\"main\\/news\\/17.jpg\",\"description\":\"\"},{\"img\":\"main\\/news\\/18.jpg\",\"description\":\"\"},{\"img\":\"main\\/news\\/19.jpg\",\"description\":\"\"},{\"img\":\"main\\/news\\/20.jpg\",\"description\":\"\"}]',12,'Botble\\Gallery\\Models\\Gallery','2024-08-09 11:04:24','2024-08-09 11:04:24'),(13,'[{\"img\":\"main\\/news\\/1.jpg\",\"description\":\"\"},{\"img\":\"main\\/news\\/2.jpg\",\"description\":\"\"},{\"img\":\"main\\/news\\/3.jpg\",\"description\":\"\"},{\"img\":\"main\\/news\\/4.jpg\",\"description\":\"\"},{\"img\":\"main\\/news\\/5.jpg\",\"description\":\"\"},{\"img\":\"main\\/news\\/6.jpg\",\"description\":\"\"},{\"img\":\"main\\/news\\/7.jpg\",\"description\":\"\"},{\"img\":\"main\\/news\\/8.jpg\",\"description\":\"\"},{\"img\":\"main\\/news\\/9.jpg\",\"description\":\"\"},{\"img\":\"main\\/news\\/10.jpg\",\"description\":\"\"},{\"img\":\"main\\/news\\/11.jpg\",\"description\":\"\"},{\"img\":\"main\\/news\\/12.jpg\",\"description\":\"\"},{\"img\":\"main\\/news\\/13.jpg\",\"description\":\"\"},{\"img\":\"main\\/news\\/14.jpg\",\"description\":\"\"},{\"img\":\"main\\/news\\/15.jpg\",\"description\":\"\"},{\"img\":\"main\\/news\\/16.jpg\",\"description\":\"\"},{\"img\":\"main\\/news\\/17.jpg\",\"description\":\"\"},{\"img\":\"main\\/news\\/18.jpg\",\"description\":\"\"},{\"img\":\"main\\/news\\/19.jpg\",\"description\":\"\"},{\"img\":\"main\\/news\\/20.jpg\",\"description\":\"\"}]',13,'Botble\\Gallery\\Models\\Gallery','2024-08-09 11:04:24','2024-08-09 11:04:24'),(14,'[{\"img\":\"main\\/news\\/1.jpg\",\"description\":\"\"},{\"img\":\"main\\/news\\/2.jpg\",\"description\":\"\"},{\"img\":\"main\\/news\\/3.jpg\",\"description\":\"\"},{\"img\":\"main\\/news\\/4.jpg\",\"description\":\"\"},{\"img\":\"main\\/news\\/5.jpg\",\"description\":\"\"},{\"img\":\"main\\/news\\/6.jpg\",\"description\":\"\"},{\"img\":\"main\\/news\\/7.jpg\",\"description\":\"\"},{\"img\":\"main\\/news\\/8.jpg\",\"description\":\"\"},{\"img\":\"main\\/news\\/9.jpg\",\"description\":\"\"},{\"img\":\"main\\/news\\/10.jpg\",\"description\":\"\"},{\"img\":\"main\\/news\\/11.jpg\",\"description\":\"\"},{\"img\":\"main\\/news\\/12.jpg\",\"description\":\"\"},{\"img\":\"main\\/news\\/13.jpg\",\"description\":\"\"},{\"img\":\"main\\/news\\/14.jpg\",\"description\":\"\"},{\"img\":\"main\\/news\\/15.jpg\",\"description\":\"\"},{\"img\":\"main\\/news\\/16.jpg\",\"description\":\"\"},{\"img\":\"main\\/news\\/17.jpg\",\"description\":\"\"},{\"img\":\"main\\/news\\/18.jpg\",\"description\":\"\"},{\"img\":\"main\\/news\\/19.jpg\",\"description\":\"\"},{\"img\":\"main\\/news\\/20.jpg\",\"description\":\"\"}]',14,'Botble\\Gallery\\Models\\Gallery','2024-08-09 11:04:24','2024-08-09 11:04:24'),(15,'[{\"img\":\"main\\/news\\/1.jpg\",\"description\":\"\"},{\"img\":\"main\\/news\\/2.jpg\",\"description\":\"\"},{\"img\":\"main\\/news\\/3.jpg\",\"description\":\"\"},{\"img\":\"main\\/news\\/4.jpg\",\"description\":\"\"},{\"img\":\"main\\/news\\/5.jpg\",\"description\":\"\"},{\"img\":\"main\\/news\\/6.jpg\",\"description\":\"\"},{\"img\":\"main\\/news\\/7.jpg\",\"description\":\"\"},{\"img\":\"main\\/news\\/8.jpg\",\"description\":\"\"},{\"img\":\"main\\/news\\/9.jpg\",\"description\":\"\"},{\"img\":\"main\\/news\\/10.jpg\",\"description\":\"\"},{\"img\":\"main\\/news\\/11.jpg\",\"description\":\"\"},{\"img\":\"main\\/news\\/12.jpg\",\"description\":\"\"},{\"img\":\"main\\/news\\/13.jpg\",\"description\":\"\"},{\"img\":\"main\\/news\\/14.jpg\",\"description\":\"\"},{\"img\":\"main\\/news\\/15.jpg\",\"description\":\"\"},{\"img\":\"main\\/news\\/16.jpg\",\"description\":\"\"},{\"img\":\"main\\/news\\/17.jpg\",\"description\":\"\"},{\"img\":\"main\\/news\\/18.jpg\",\"description\":\"\"},{\"img\":\"main\\/news\\/19.jpg\",\"description\":\"\"},{\"img\":\"main\\/news\\/20.jpg\",\"description\":\"\"}]',15,'Botble\\Gallery\\Models\\Gallery','2024-08-09 11:04:24','2024-08-09 11:04:24'),(16,'[{\"img\":\"main\\/news\\/1.jpg\",\"description\":\"\"},{\"img\":\"main\\/news\\/2.jpg\",\"description\":\"\"},{\"img\":\"main\\/news\\/3.jpg\",\"description\":\"\"},{\"img\":\"main\\/news\\/4.jpg\",\"description\":\"\"},{\"img\":\"main\\/news\\/5.jpg\",\"description\":\"\"},{\"img\":\"main\\/news\\/6.jpg\",\"description\":\"\"},{\"img\":\"main\\/news\\/7.jpg\",\"description\":\"\"},{\"img\":\"main\\/news\\/8.jpg\",\"description\":\"\"},{\"img\":\"main\\/news\\/9.jpg\",\"description\":\"\"},{\"img\":\"main\\/news\\/10.jpg\",\"description\":\"\"},{\"img\":\"main\\/news\\/11.jpg\",\"description\":\"\"},{\"img\":\"main\\/news\\/12.jpg\",\"description\":\"\"},{\"img\":\"main\\/news\\/13.jpg\",\"description\":\"\"},{\"img\":\"main\\/news\\/14.jpg\",\"description\":\"\"},{\"img\":\"main\\/news\\/15.jpg\",\"description\":\"\"},{\"img\":\"main\\/news\\/16.jpg\",\"description\":\"\"},{\"img\":\"main\\/news\\/17.jpg\",\"description\":\"\"},{\"img\":\"main\\/news\\/18.jpg\",\"description\":\"\"},{\"img\":\"main\\/news\\/19.jpg\",\"description\":\"\"},{\"img\":\"main\\/news\\/20.jpg\",\"description\":\"\"}]',16,'Botble\\Gallery\\Models\\Gallery','2024-08-09 11:04:24','2024-08-09 11:04:24'),(17,'[{\"img\":\"main\\/news\\/1.jpg\",\"description\":\"\"},{\"img\":\"main\\/news\\/2.jpg\",\"description\":\"\"},{\"img\":\"main\\/news\\/3.jpg\",\"description\":\"\"},{\"img\":\"main\\/news\\/4.jpg\",\"description\":\"\"},{\"img\":\"main\\/news\\/5.jpg\",\"description\":\"\"},{\"img\":\"main\\/news\\/6.jpg\",\"description\":\"\"},{\"img\":\"main\\/news\\/7.jpg\",\"description\":\"\"},{\"img\":\"main\\/news\\/8.jpg\",\"description\":\"\"},{\"img\":\"main\\/news\\/9.jpg\",\"description\":\"\"},{\"img\":\"main\\/news\\/10.jpg\",\"description\":\"\"},{\"img\":\"main\\/news\\/11.jpg\",\"description\":\"\"},{\"img\":\"main\\/news\\/12.jpg\",\"description\":\"\"},{\"img\":\"main\\/news\\/13.jpg\",\"description\":\"\"},{\"img\":\"main\\/news\\/14.jpg\",\"description\":\"\"},{\"img\":\"main\\/news\\/15.jpg\",\"description\":\"\"},{\"img\":\"main\\/news\\/16.jpg\",\"description\":\"\"},{\"img\":\"main\\/news\\/17.jpg\",\"description\":\"\"},{\"img\":\"main\\/news\\/18.jpg\",\"description\":\"\"},{\"img\":\"main\\/news\\/19.jpg\",\"description\":\"\"},{\"img\":\"main\\/news\\/20.jpg\",\"description\":\"\"}]',17,'Botble\\Gallery\\Models\\Gallery','2024-08-09 11:04:24','2024-08-09 11:04:24'),(18,'[{\"img\":\"main\\/news\\/1.jpg\",\"description\":\"\"},{\"img\":\"main\\/news\\/2.jpg\",\"description\":\"\"},{\"img\":\"main\\/news\\/3.jpg\",\"description\":\"\"},{\"img\":\"main\\/news\\/4.jpg\",\"description\":\"\"},{\"img\":\"main\\/news\\/5.jpg\",\"description\":\"\"},{\"img\":\"main\\/news\\/6.jpg\",\"description\":\"\"},{\"img\":\"main\\/news\\/7.jpg\",\"description\":\"\"},{\"img\":\"main\\/news\\/8.jpg\",\"description\":\"\"},{\"img\":\"main\\/news\\/9.jpg\",\"description\":\"\"},{\"img\":\"main\\/news\\/10.jpg\",\"description\":\"\"},{\"img\":\"main\\/news\\/11.jpg\",\"description\":\"\"},{\"img\":\"main\\/news\\/12.jpg\",\"description\":\"\"},{\"img\":\"main\\/news\\/13.jpg\",\"description\":\"\"},{\"img\":\"main\\/news\\/14.jpg\",\"description\":\"\"},{\"img\":\"main\\/news\\/15.jpg\",\"description\":\"\"},{\"img\":\"main\\/news\\/16.jpg\",\"description\":\"\"},{\"img\":\"main\\/news\\/17.jpg\",\"description\":\"\"},{\"img\":\"main\\/news\\/18.jpg\",\"description\":\"\"},{\"img\":\"main\\/news\\/19.jpg\",\"description\":\"\"},{\"img\":\"main\\/news\\/20.jpg\",\"description\":\"\"}]',18,'Botble\\Gallery\\Models\\Gallery','2024-08-09 11:04:24','2024-08-09 11:04:24'),(19,'[{\"img\":\"main\\/news\\/1.jpg\",\"description\":\"\"},{\"img\":\"main\\/news\\/2.jpg\",\"description\":\"\"},{\"img\":\"main\\/news\\/3.jpg\",\"description\":\"\"},{\"img\":\"main\\/news\\/4.jpg\",\"description\":\"\"},{\"img\":\"main\\/news\\/5.jpg\",\"description\":\"\"},{\"img\":\"main\\/news\\/6.jpg\",\"description\":\"\"},{\"img\":\"main\\/news\\/7.jpg\",\"description\":\"\"},{\"img\":\"main\\/news\\/8.jpg\",\"description\":\"\"},{\"img\":\"main\\/news\\/9.jpg\",\"description\":\"\"},{\"img\":\"main\\/news\\/10.jpg\",\"description\":\"\"},{\"img\":\"main\\/news\\/11.jpg\",\"description\":\"\"},{\"img\":\"main\\/news\\/12.jpg\",\"description\":\"\"},{\"img\":\"main\\/news\\/13.jpg\",\"description\":\"\"},{\"img\":\"main\\/news\\/14.jpg\",\"description\":\"\"},{\"img\":\"main\\/news\\/15.jpg\",\"description\":\"\"},{\"img\":\"main\\/news\\/16.jpg\",\"description\":\"\"},{\"img\":\"main\\/news\\/17.jpg\",\"description\":\"\"},{\"img\":\"main\\/news\\/18.jpg\",\"description\":\"\"},{\"img\":\"main\\/news\\/19.jpg\",\"description\":\"\"},{\"img\":\"main\\/news\\/20.jpg\",\"description\":\"\"}]',19,'Botble\\Gallery\\Models\\Gallery','2024-08-09 11:04:24','2024-08-09 11:04:24'),(20,'[{\"img\":\"main\\/news\\/1.jpg\",\"description\":\"\"},{\"img\":\"main\\/news\\/2.jpg\",\"description\":\"\"},{\"img\":\"main\\/news\\/3.jpg\",\"description\":\"\"},{\"img\":\"main\\/news\\/4.jpg\",\"description\":\"\"},{\"img\":\"main\\/news\\/5.jpg\",\"description\":\"\"},{\"img\":\"main\\/news\\/6.jpg\",\"description\":\"\"},{\"img\":\"main\\/news\\/7.jpg\",\"description\":\"\"},{\"img\":\"main\\/news\\/8.jpg\",\"description\":\"\"},{\"img\":\"main\\/news\\/9.jpg\",\"description\":\"\"},{\"img\":\"main\\/news\\/10.jpg\",\"description\":\"\"},{\"img\":\"main\\/news\\/11.jpg\",\"description\":\"\"},{\"img\":\"main\\/news\\/12.jpg\",\"description\":\"\"},{\"img\":\"main\\/news\\/13.jpg\",\"description\":\"\"},{\"img\":\"main\\/news\\/14.jpg\",\"description\":\"\"},{\"img\":\"main\\/news\\/15.jpg\",\"description\":\"\"},{\"img\":\"main\\/news\\/16.jpg\",\"description\":\"\"},{\"img\":\"main\\/news\\/17.jpg\",\"description\":\"\"},{\"img\":\"main\\/news\\/18.jpg\",\"description\":\"\"},{\"img\":\"main\\/news\\/19.jpg\",\"description\":\"\"},{\"img\":\"main\\/news\\/20.jpg\",\"description\":\"\"}]',20,'Botble\\Gallery\\Models\\Gallery','2024-08-09 11:04:24','2024-08-09 11:04:24');
/*!40000 ALTER TABLE `gallery_meta` ENABLE KEYS */;
UNLOCK TABLES;

--
-- Table structure for table `gallery_meta_translations`
--

DROP TABLE IF EXISTS `gallery_meta_translations`;
/*!40101 SET @saved_cs_client     = @@character_set_client */;
/*!50503 SET character_set_client = utf8mb4 */;
CREATE TABLE `gallery_meta_translations` (
  `lang_code` varchar(20) COLLATE utf8mb4_unicode_ci NOT NULL,
  `gallery_meta_id` bigint unsigned NOT NULL,
  `images` text COLLATE utf8mb4_unicode_ci,
  PRIMARY KEY (`lang_code`,`gallery_meta_id`)
) ENGINE=InnoDB DEFAULT CHARSET=utf8mb4 COLLATE=utf8mb4_unicode_ci;
/*!40101 SET character_set_client = @saved_cs_client */;

--
-- Dumping data for table `gallery_meta_translations`
--

LOCK TABLES `gallery_meta_translations` WRITE;
/*!40000 ALTER TABLE `gallery_meta_translations` DISABLE KEYS */;
/*!40000 ALTER TABLE `gallery_meta_translations` ENABLE KEYS */;
UNLOCK TABLES;

--
-- Table structure for table `jobs`
--

DROP TABLE IF EXISTS `jobs`;
/*!40101 SET @saved_cs_client     = @@character_set_client */;
/*!50503 SET character_set_client = utf8mb4 */;
CREATE TABLE `jobs` (
  `id` bigint unsigned NOT NULL AUTO_INCREMENT,
  `queue` varchar(191) COLLATE utf8mb4_unicode_ci NOT NULL,
  `payload` longtext COLLATE utf8mb4_unicode_ci NOT NULL,
  `attempts` tinyint unsigned NOT NULL,
  `reserved_at` int unsigned DEFAULT NULL,
  `available_at` int unsigned NOT NULL,
  `created_at` int unsigned NOT NULL,
  PRIMARY KEY (`id`),
  KEY `jobs_queue_index` (`queue`)
) ENGINE=InnoDB DEFAULT CHARSET=utf8mb4 COLLATE=utf8mb4_unicode_ci;
/*!40101 SET character_set_client = @saved_cs_client */;

--
-- Dumping data for table `jobs`
--

LOCK TABLES `jobs` WRITE;
/*!40000 ALTER TABLE `jobs` DISABLE KEYS */;
/*!40000 ALTER TABLE `jobs` ENABLE KEYS */;
UNLOCK TABLES;

--
-- Table structure for table `language_meta`
--

DROP TABLE IF EXISTS `language_meta`;
/*!40101 SET @saved_cs_client     = @@character_set_client */;
/*!50503 SET character_set_client = utf8mb4 */;
CREATE TABLE `language_meta` (
  `lang_meta_id` bigint unsigned NOT NULL AUTO_INCREMENT,
  `lang_meta_code` varchar(20) COLLATE utf8mb4_unicode_ci DEFAULT NULL,
  `lang_meta_origin` varchar(32) COLLATE utf8mb4_unicode_ci NOT NULL,
  `reference_id` bigint unsigned NOT NULL,
  `reference_type` varchar(120) COLLATE utf8mb4_unicode_ci NOT NULL,
  PRIMARY KEY (`lang_meta_id`),
  KEY `language_meta_reference_id_index` (`reference_id`),
  KEY `meta_code_index` (`lang_meta_code`),
  KEY `meta_origin_index` (`lang_meta_origin`),
  KEY `meta_reference_type_index` (`reference_type`)
) ENGINE=InnoDB AUTO_INCREMENT=3 DEFAULT CHARSET=utf8mb4 COLLATE=utf8mb4_unicode_ci;
/*!40101 SET character_set_client = @saved_cs_client */;

--
-- Dumping data for table `language_meta`
--

LOCK TABLES `language_meta` WRITE;
/*!40000 ALTER TABLE `language_meta` DISABLE KEYS */;
INSERT INTO `language_meta` VALUES (1,'en_US','0c8aacf5cc687f3b1be51c2392eeacce',1,'Botble\\Menu\\Models\\MenuLocation'),(2,'en_US','0f5f222a4f4f26fa5a606a8aea5a9aef',1,'Botble\\Menu\\Models\\Menu');
/*!40000 ALTER TABLE `language_meta` ENABLE KEYS */;
UNLOCK TABLES;

--
-- Table structure for table `languages`
--

DROP TABLE IF EXISTS `languages`;
/*!40101 SET @saved_cs_client     = @@character_set_client */;
/*!50503 SET character_set_client = utf8mb4 */;
CREATE TABLE `languages` (
  `lang_id` bigint unsigned NOT NULL AUTO_INCREMENT,
  `lang_name` varchar(120) COLLATE utf8mb4_unicode_ci NOT NULL,
  `lang_locale` varchar(20) COLLATE utf8mb4_unicode_ci NOT NULL,
  `lang_code` varchar(20) COLLATE utf8mb4_unicode_ci NOT NULL,
  `lang_flag` varchar(20) COLLATE utf8mb4_unicode_ci DEFAULT NULL,
  `lang_is_default` tinyint unsigned NOT NULL DEFAULT '0',
  `lang_order` int NOT NULL DEFAULT '0',
  `lang_is_rtl` tinyint unsigned NOT NULL DEFAULT '0',
  PRIMARY KEY (`lang_id`),
  KEY `lang_locale_index` (`lang_locale`),
  KEY `lang_code_index` (`lang_code`),
  KEY `lang_is_default_index` (`lang_is_default`)
) ENGINE=InnoDB AUTO_INCREMENT=2 DEFAULT CHARSET=utf8mb4 COLLATE=utf8mb4_unicode_ci;
/*!40101 SET character_set_client = @saved_cs_client */;

--
-- Dumping data for table `languages`
--

LOCK TABLES `languages` WRITE;
/*!40000 ALTER TABLE `languages` DISABLE KEYS */;
INSERT INTO `languages` VALUES (1,'English','en','en_US','us',1,0,0);
/*!40000 ALTER TABLE `languages` ENABLE KEYS */;
UNLOCK TABLES;

--
-- Table structure for table `media_files`
--

DROP TABLE IF EXISTS `media_files`;
/*!40101 SET @saved_cs_client     = @@character_set_client */;
/*!50503 SET character_set_client = utf8mb4 */;
CREATE TABLE `media_files` (
  `id` bigint unsigned NOT NULL AUTO_INCREMENT,
  `user_id` bigint unsigned NOT NULL,
  `name` varchar(191) COLLATE utf8mb4_unicode_ci NOT NULL,
  `alt` varchar(191) COLLATE utf8mb4_unicode_ci DEFAULT NULL,
  `folder_id` bigint unsigned NOT NULL DEFAULT '0',
  `mime_type` varchar(120) COLLATE utf8mb4_unicode_ci NOT NULL,
  `size` int NOT NULL,
  `url` varchar(191) COLLATE utf8mb4_unicode_ci NOT NULL,
  `options` text COLLATE utf8mb4_unicode_ci,
  `created_at` timestamp NULL DEFAULT NULL,
  `updated_at` timestamp NULL DEFAULT NULL,
  `deleted_at` timestamp NULL DEFAULT NULL,
  `visibility` varchar(191) COLLATE utf8mb4_unicode_ci NOT NULL DEFAULT 'public',
  PRIMARY KEY (`id`),
  KEY `media_files_user_id_index` (`user_id`),
  KEY `media_files_index` (`folder_id`,`user_id`,`created_at`)
) ENGINE=InnoDB AUTO_INCREMENT=77 DEFAULT CHARSET=utf8mb4 COLLATE=utf8mb4_unicode_ci;
/*!40101 SET character_set_client = @saved_cs_client */;

--
-- Dumping data for table `media_files`
--

LOCK TABLES `media_files` WRITE;
/*!40000 ALTER TABLE `media_files` DISABLE KEYS */;
INSERT INTO `media_files` VALUES (1,0,'about-1','about-1',2,'image/png',8467,'main/general/about-1.png','[]','2024-08-09 11:04:00','2024-08-09 11:04:00',NULL,'public'),(2,0,'about-2','about-2',2,'image/png',8467,'main/general/about-2.png','[]','2024-08-09 11:04:00','2024-08-09 11:04:00',NULL,'public'),(3,0,'about-video-1','about-video-1',2,'image/png',20777,'main/general/about-video-1.png','[]','2024-08-09 11:04:00','2024-08-09 11:04:00',NULL,'public'),(4,0,'ads-banner','ads-banner',2,'image/png',75705,'main/general/ads-banner.png','[]','2024-08-09 11:04:00','2024-08-09 11:04:00',NULL,'public'),(5,0,'app-downloads','app-downloads',2,'image/png',7092,'main/general/app-downloads.png','[]','2024-08-09 11:04:01','2024-08-09 11:04:01',NULL,'public'),(6,0,'blog-3','blog-3',2,'image/png',5919,'main/general/blog-3.png','[]','2024-08-09 11:04:01','2024-08-09 11:04:01',NULL,'public'),(7,0,'blog-4','blog-4',2,'image/png',5919,'main/general/blog-4.png','[]','2024-08-09 11:04:01','2024-08-09 11:04:01',NULL,'public'),(8,0,'blog-5','blog-5',2,'image/png',8614,'main/general/blog-5.png','[]','2024-08-09 11:04:01','2024-08-09 11:04:01',NULL,'public'),(9,0,'blog-shape-image','blog-shape-image',2,'image/png',1182,'main/general/blog-shape-image.png','[]','2024-08-09 11:04:01','2024-08-09 11:04:01',NULL,'public'),(10,0,'favicon','favicon',2,'image/png',693,'main/general/favicon.png','[]','2024-08-09 11:04:01','2024-08-09 11:04:01',NULL,'public'),(11,0,'logo-dark','logo-dark',2,'image/png',2098,'main/general/logo-dark.png','[]','2024-08-09 11:04:01','2024-08-09 11:04:01',NULL,'public'),(12,0,'logo','logo',2,'image/png',2593,'main/general/logo.png','[]','2024-08-09 11:04:02','2024-08-09 11:04:02',NULL,'public'),(13,0,'newsletter-image','newsletter-image',2,'image/png',22929,'main/general/newsletter-image.png','[]','2024-08-09 11:04:02','2024-08-09 11:04:02',NULL,'public'),(14,0,'newsletter-popup','newsletter-popup',2,'image/png',24175,'main/general/newsletter-popup.png','[]','2024-08-09 11:04:02','2024-08-09 11:04:02',NULL,'public'),(15,0,'signature','signature',2,'image/png',2197,'main/general/signature.png','[]','2024-08-09 11:04:02','2024-08-09 11:04:02',NULL,'public'),(16,0,'1','1',3,'image/png',9803,'main/members/1.png','[]','2024-08-09 11:04:03','2024-08-09 11:04:03',NULL,'public'),(17,0,'2','2',3,'image/png',9803,'main/members/2.png','[]','2024-08-09 11:04:03','2024-08-09 11:04:03',NULL,'public'),(18,0,'3','3',3,'image/png',9803,'main/members/3.png','[]','2024-08-09 11:04:03','2024-08-09 11:04:03',NULL,'public'),(19,0,'4','4',3,'image/png',9803,'main/members/4.png','[]','2024-08-09 11:04:03','2024-08-09 11:04:03',NULL,'public'),(20,0,'5','5',3,'image/png',9803,'main/members/5.png','[]','2024-08-09 11:04:03','2024-08-09 11:04:03',NULL,'public'),(21,0,'6','6',3,'image/png',9803,'main/members/6.png','[]','2024-08-09 11:04:04','2024-08-09 11:04:04',NULL,'public'),(22,0,'7','7',3,'image/png',9803,'main/members/7.png','[]','2024-08-09 11:04:04','2024-08-09 11:04:04',NULL,'public'),(23,0,'8','8',3,'image/png',9803,'main/members/8.png','[]','2024-08-09 11:04:04','2024-08-09 11:04:04',NULL,'public'),(24,0,'1','1',5,'image/jpeg',33268,'fashion/news/1.jpg','[]','2024-08-09 11:04:06','2024-08-09 11:04:06',NULL,'public'),(25,0,'10','10',5,'image/jpeg',33268,'fashion/news/10.jpg','[]','2024-08-09 11:04:07','2024-08-09 11:04:07',NULL,'public'),(26,0,'11','11',5,'image/jpeg',33268,'fashion/news/11.jpg','[]','2024-08-09 11:04:07','2024-08-09 11:04:07',NULL,'public'),(27,0,'12','12',5,'image/jpeg',33268,'fashion/news/12.jpg','[]','2024-08-09 11:04:08','2024-08-09 11:04:08',NULL,'public'),(28,0,'13','13',5,'image/jpeg',33268,'fashion/news/13.jpg','[]','2024-08-09 11:04:08','2024-08-09 11:04:08',NULL,'public'),(29,0,'14','14',5,'image/jpeg',33268,'fashion/news/14.jpg','[]','2024-08-09 11:04:08','2024-08-09 11:04:08',NULL,'public'),(30,0,'15','15',5,'image/jpeg',33268,'fashion/news/15.jpg','[]','2024-08-09 11:04:09','2024-08-09 11:04:09',NULL,'public'),(31,0,'16','16',5,'image/jpeg',33268,'fashion/news/16.jpg','[]','2024-08-09 11:04:09','2024-08-09 11:04:09',NULL,'public'),(32,0,'17','17',5,'image/jpeg',33268,'fashion/news/17.jpg','[]','2024-08-09 11:04:10','2024-08-09 11:04:10',NULL,'public'),(33,0,'18','18',5,'image/jpeg',33268,'fashion/news/18.jpg','[]','2024-08-09 11:04:10','2024-08-09 11:04:10',NULL,'public'),(34,0,'19','19',5,'image/jpeg',33268,'fashion/news/19.jpg','[]','2024-08-09 11:04:10','2024-08-09 11:04:10',NULL,'public'),(35,0,'2','2',5,'image/jpeg',33268,'fashion/news/2.jpg','[]','2024-08-09 11:04:11','2024-08-09 11:04:11',NULL,'public'),(36,0,'20','20',5,'image/jpeg',33268,'fashion/news/20.jpg','[]','2024-08-09 11:04:11','2024-08-09 11:04:11',NULL,'public'),(37,0,'3','3',5,'image/jpeg',33268,'fashion/news/3.jpg','[]','2024-08-09 11:04:12','2024-08-09 11:04:12',NULL,'public'),(38,0,'4','4',5,'image/jpeg',33268,'fashion/news/4.jpg','[]','2024-08-09 11:04:12','2024-08-09 11:04:12',NULL,'public'),(39,0,'5','5',5,'image/jpeg',33268,'fashion/news/5.jpg','[]','2024-08-09 11:04:12','2024-08-09 11:04:12',NULL,'public'),(40,0,'6','6',5,'image/jpeg',33268,'fashion/news/6.jpg','[]','2024-08-09 11:04:13','2024-08-09 11:04:13',NULL,'public'),(41,0,'7','7',5,'image/jpeg',33268,'fashion/news/7.jpg','[]','2024-08-09 11:04:13','2024-08-09 11:04:13',NULL,'public'),(42,0,'8','8',5,'image/jpeg',33268,'fashion/news/8.jpg','[]','2024-08-09 11:04:14','2024-08-09 11:04:14',NULL,'public'),(43,0,'9','9',5,'image/jpeg',33268,'fashion/news/9.jpg','[]','2024-08-09 11:04:14','2024-08-09 11:04:14',NULL,'public'),(44,0,'1','1',6,'image/jpeg',33268,'main/news/1.jpg','[]','2024-08-09 11:04:14','2024-08-09 11:04:14',NULL,'public'),(45,0,'10','10',6,'image/jpeg',33268,'main/news/10.jpg','[]','2024-08-09 11:04:15','2024-08-09 11:04:15',NULL,'public'),(46,0,'11','11',6,'image/jpeg',33268,'main/news/11.jpg','[]','2024-08-09 11:04:15','2024-08-09 11:04:15',NULL,'public'),(47,0,'12','12',6,'image/jpeg',33268,'main/news/12.jpg','[]','2024-08-09 11:04:16','2024-08-09 11:04:16',NULL,'public'),(48,0,'13','13',6,'image/jpeg',33268,'main/news/13.jpg','[]','2024-08-09 11:04:16','2024-08-09 11:04:16',NULL,'public'),(49,0,'14','14',6,'image/jpeg',33268,'main/news/14.jpg','[]','2024-08-09 11:04:16','2024-08-09 11:04:16',NULL,'public'),(50,0,'15','15',6,'image/jpeg',33268,'main/news/15.jpg','[]','2024-08-09 11:04:17','2024-08-09 11:04:17',NULL,'public'),(51,0,'16','16',6,'image/jpeg',33268,'main/news/16.jpg','[]','2024-08-09 11:04:17','2024-08-09 11:04:17',NULL,'public'),(52,0,'17','17',6,'image/jpeg',33268,'main/news/17.jpg','[]','2024-08-09 11:04:18','2024-08-09 11:04:18',NULL,'public'),(53,0,'18','18',6,'image/jpeg',33268,'main/news/18.jpg','[]','2024-08-09 11:04:18','2024-08-09 11:04:18',NULL,'public'),(54,0,'19','19',6,'image/jpeg',33268,'main/news/19.jpg','[]','2024-08-09 11:04:18','2024-08-09 11:04:18',NULL,'public'),(55,0,'2','2',6,'image/jpeg',33268,'main/news/2.jpg','[]','2024-08-09 11:04:19','2024-08-09 11:04:19',NULL,'public'),(56,0,'20','20',6,'image/jpeg',33268,'main/news/20.jpg','[]','2024-08-09 11:04:19','2024-08-09 11:04:19',NULL,'public'),(57,0,'3','3',6,'image/jpeg',33268,'main/news/3.jpg','[]','2024-08-09 11:04:20','2024-08-09 11:04:20',NULL,'public'),(58,0,'4','4',6,'image/jpeg',33268,'main/news/4.jpg','[]','2024-08-09 11:04:20','2024-08-09 11:04:20',NULL,'public'),(59,0,'5','5',6,'image/jpeg',33268,'main/news/5.jpg','[]','2024-08-09 11:04:20','2024-08-09 11:04:20',NULL,'public'),(60,0,'6','6',6,'image/jpeg',33268,'main/news/6.jpg','[]','2024-08-09 11:04:21','2024-08-09 11:04:21',NULL,'public'),(61,0,'7','7',6,'image/jpeg',33268,'main/news/7.jpg','[]','2024-08-09 11:04:21','2024-08-09 11:04:21',NULL,'public'),(62,0,'8','8',6,'image/jpeg',33268,'main/news/8.jpg','[]','2024-08-09 11:04:22','2024-08-09 11:04:22',NULL,'public'),(63,0,'9','9',6,'image/jpeg',33268,'main/news/9.jpg','[]','2024-08-09 11:04:22','2024-08-09 11:04:22',NULL,'public'),(64,0,'audio','audio',7,'audio/mpeg',239584,'main/audio/audio.mp3','[]','2024-08-09 11:04:23','2024-08-09 11:04:23',NULL,'public'),(65,0,'favicon','favicon',8,'image/png',1943,'fashion/general/favicon.png','[]','2024-08-09 11:04:24','2024-08-09 11:04:24',NULL,'public'),(66,0,'logo-dark','logo-dark',8,'image/png',2036,'fashion/general/logo-dark.png','[]','2024-08-09 11:04:24','2024-08-09 11:04:24',NULL,'public'),(67,0,'logo','logo',8,'image/png',2498,'fashion/general/logo.png','[]','2024-08-09 11:04:24','2024-08-09 11:04:24',NULL,'public'),(68,0,'1','1',9,'image/png',2809,'fashion/banner/1.png','[]','2024-08-09 11:04:24','2024-08-09 11:04:24',NULL,'public'),(69,0,'breadcrumb','breadcrumb',10,'image/png',109184,'main/backgrounds/breadcrumb.png','[]','2024-08-09 11:04:24','2024-08-09 11:04:24',NULL,'public'),(70,0,'newsletter-bg','newsletter-bg',10,'image/png',15427,'main/backgrounds/newsletter-bg.png','[]','2024-08-09 11:04:24','2024-08-09 11:04:24',NULL,'public'),(71,0,'1','1',11,'image/png',1455,'main/blog-categories/1.png','[]','2024-08-09 11:04:25','2024-08-09 11:04:25',NULL,'public'),(72,0,'2','2',11,'image/png',1455,'main/blog-categories/2.png','[]','2024-08-09 11:04:25','2024-08-09 11:04:25',NULL,'public'),(73,0,'3','3',11,'image/png',1455,'main/blog-categories/3.png','[]','2024-08-09 11:04:25','2024-08-09 11:04:25',NULL,'public'),(74,0,'4','4',11,'image/png',1455,'main/blog-categories/4.png','[]','2024-08-09 11:04:25','2024-08-09 11:04:25',NULL,'public'),(75,0,'5','5',11,'image/png',1455,'main/blog-categories/5.png','[]','2024-08-09 11:04:25','2024-08-09 11:04:25',NULL,'public'),(76,0,'breaking-news-icon','breaking-news-icon',12,'image/png',1133,'main/icons/breaking-news-icon.png','[]','2024-08-09 11:04:25','2024-08-09 11:04:25',NULL,'public');
/*!40000 ALTER TABLE `media_files` ENABLE KEYS */;
UNLOCK TABLES;

--
-- Table structure for table `media_folders`
--

DROP TABLE IF EXISTS `media_folders`;
/*!40101 SET @saved_cs_client     = @@character_set_client */;
/*!50503 SET character_set_client = utf8mb4 */;
CREATE TABLE `media_folders` (
  `id` bigint unsigned NOT NULL AUTO_INCREMENT,
  `user_id` bigint unsigned NOT NULL,
  `name` varchar(191) COLLATE utf8mb4_unicode_ci DEFAULT NULL,
  `color` varchar(191) COLLATE utf8mb4_unicode_ci DEFAULT NULL,
  `slug` varchar(191) COLLATE utf8mb4_unicode_ci DEFAULT NULL,
  `parent_id` bigint unsigned NOT NULL DEFAULT '0',
  `created_at` timestamp NULL DEFAULT NULL,
  `updated_at` timestamp NULL DEFAULT NULL,
  `deleted_at` timestamp NULL DEFAULT NULL,
  PRIMARY KEY (`id`),
  KEY `media_folders_user_id_index` (`user_id`),
  KEY `media_folders_index` (`parent_id`,`user_id`,`created_at`)
) ENGINE=InnoDB AUTO_INCREMENT=13 DEFAULT CHARSET=utf8mb4 COLLATE=utf8mb4_unicode_ci;
/*!40101 SET character_set_client = @saved_cs_client */;

--
-- Dumping data for table `media_folders`
--

LOCK TABLES `media_folders` WRITE;
/*!40000 ALTER TABLE `media_folders` DISABLE KEYS */;
INSERT INTO `media_folders` VALUES (1,0,'main',NULL,'main',0,'2024-08-09 11:04:00','2024-08-09 11:04:00',NULL),(2,0,'general',NULL,'general',1,'2024-08-09 11:04:00','2024-08-09 11:04:00',NULL),(3,0,'members',NULL,'members',1,'2024-08-09 11:04:03','2024-08-09 11:04:03',NULL),(4,0,'fashion',NULL,'fashion',0,'2024-08-09 11:04:06','2024-08-09 11:04:06',NULL),(5,0,'news',NULL,'news',4,'2024-08-09 11:04:06','2024-08-09 11:04:06',NULL),(6,0,'news',NULL,'news',1,'2024-08-09 11:04:14','2024-08-09 11:04:14',NULL),(7,0,'audio',NULL,'audio',1,'2024-08-09 11:04:23','2024-08-09 11:04:23',NULL),(8,0,'general',NULL,'general',4,'2024-08-09 11:04:24','2024-08-09 11:04:24',NULL),(9,0,'banner',NULL,'banner',4,'2024-08-09 11:04:24','2024-08-09 11:04:24',NULL),(10,0,'backgrounds',NULL,'backgrounds',1,'2024-08-09 11:04:24','2024-08-09 11:04:24',NULL),(11,0,'blog-categories',NULL,'blog-categories',1,'2024-08-09 11:04:25','2024-08-09 11:04:25',NULL),(12,0,'icons',NULL,'icons',1,'2024-08-09 11:04:25','2024-08-09 11:04:25',NULL);
/*!40000 ALTER TABLE `media_folders` ENABLE KEYS */;
UNLOCK TABLES;

--
-- Table structure for table `media_settings`
--

DROP TABLE IF EXISTS `media_settings`;
/*!40101 SET @saved_cs_client     = @@character_set_client */;
/*!50503 SET character_set_client = utf8mb4 */;
CREATE TABLE `media_settings` (
  `id` bigint unsigned NOT NULL AUTO_INCREMENT,
  `key` varchar(120) COLLATE utf8mb4_unicode_ci NOT NULL,
  `value` text COLLATE utf8mb4_unicode_ci,
  `media_id` bigint unsigned DEFAULT NULL,
  `user_id` bigint unsigned DEFAULT NULL,
  `created_at` timestamp NULL DEFAULT NULL,
  `updated_at` timestamp NULL DEFAULT NULL,
  PRIMARY KEY (`id`)
) ENGINE=InnoDB DEFAULT CHARSET=utf8mb4 COLLATE=utf8mb4_unicode_ci;
/*!40101 SET character_set_client = @saved_cs_client */;

--
-- Dumping data for table `media_settings`
--

LOCK TABLES `media_settings` WRITE;
/*!40000 ALTER TABLE `media_settings` DISABLE KEYS */;
/*!40000 ALTER TABLE `media_settings` ENABLE KEYS */;
UNLOCK TABLES;

--
-- Table structure for table `member_activity_logs`
--

DROP TABLE IF EXISTS `member_activity_logs`;
/*!40101 SET @saved_cs_client     = @@character_set_client */;
/*!50503 SET character_set_client = utf8mb4 */;
CREATE TABLE `member_activity_logs` (
  `id` bigint unsigned NOT NULL AUTO_INCREMENT,
  `action` varchar(120) COLLATE utf8mb4_unicode_ci NOT NULL,
  `user_agent` text COLLATE utf8mb4_unicode_ci,
  `reference_url` varchar(191) COLLATE utf8mb4_unicode_ci DEFAULT NULL,
  `reference_name` varchar(191) COLLATE utf8mb4_unicode_ci DEFAULT NULL,
  `ip_address` varchar(45) COLLATE utf8mb4_unicode_ci DEFAULT NULL,
  `member_id` bigint unsigned NOT NULL,
  `created_at` timestamp NULL DEFAULT NULL,
  `updated_at` timestamp NULL DEFAULT NULL,
  PRIMARY KEY (`id`),
  KEY `member_activity_logs_member_id_index` (`member_id`)
) ENGINE=InnoDB DEFAULT CHARSET=utf8mb4 COLLATE=utf8mb4_unicode_ci;
/*!40101 SET character_set_client = @saved_cs_client */;

--
-- Dumping data for table `member_activity_logs`
--

LOCK TABLES `member_activity_logs` WRITE;
/*!40000 ALTER TABLE `member_activity_logs` DISABLE KEYS */;
/*!40000 ALTER TABLE `member_activity_logs` ENABLE KEYS */;
UNLOCK TABLES;

--
-- Table structure for table `member_password_resets`
--

DROP TABLE IF EXISTS `member_password_resets`;
/*!40101 SET @saved_cs_client     = @@character_set_client */;
/*!50503 SET character_set_client = utf8mb4 */;
CREATE TABLE `member_password_resets` (
  `email` varchar(191) COLLATE utf8mb4_unicode_ci NOT NULL,
  `token` varchar(191) COLLATE utf8mb4_unicode_ci NOT NULL,
  `created_at` timestamp NULL DEFAULT NULL,
  KEY `member_password_resets_email_index` (`email`),
  KEY `member_password_resets_token_index` (`token`)
) ENGINE=InnoDB DEFAULT CHARSET=utf8mb4 COLLATE=utf8mb4_unicode_ci;
/*!40101 SET character_set_client = @saved_cs_client */;

--
-- Dumping data for table `member_password_resets`
--

LOCK TABLES `member_password_resets` WRITE;
/*!40000 ALTER TABLE `member_password_resets` DISABLE KEYS */;
/*!40000 ALTER TABLE `member_password_resets` ENABLE KEYS */;
UNLOCK TABLES;

--
-- Table structure for table `members`
--

DROP TABLE IF EXISTS `members`;
/*!40101 SET @saved_cs_client     = @@character_set_client */;
/*!50503 SET character_set_client = utf8mb4 */;
CREATE TABLE `members` (
  `id` bigint unsigned NOT NULL AUTO_INCREMENT,
  `first_name` varchar(120) COLLATE utf8mb4_unicode_ci NOT NULL,
  `last_name` varchar(120) COLLATE utf8mb4_unicode_ci NOT NULL,
  `description` text COLLATE utf8mb4_unicode_ci,
  `gender` varchar(20) COLLATE utf8mb4_unicode_ci DEFAULT NULL,
  `email` varchar(191) COLLATE utf8mb4_unicode_ci NOT NULL,
  `password` varchar(191) COLLATE utf8mb4_unicode_ci NOT NULL,
  `avatar_id` bigint unsigned DEFAULT NULL,
  `dob` date DEFAULT NULL,
  `phone` varchar(25) COLLATE utf8mb4_unicode_ci DEFAULT NULL,
  `confirmed_at` datetime DEFAULT NULL,
  `email_verify_token` varchar(120) COLLATE utf8mb4_unicode_ci DEFAULT NULL,
  `remember_token` varchar(100) COLLATE utf8mb4_unicode_ci DEFAULT NULL,
  `created_at` timestamp NULL DEFAULT NULL,
  `updated_at` timestamp NULL DEFAULT NULL,
  `status` varchar(60) COLLATE utf8mb4_unicode_ci NOT NULL DEFAULT 'published',
  PRIMARY KEY (`id`),
  UNIQUE KEY `members_email_unique` (`email`)
) ENGINE=InnoDB AUTO_INCREMENT=9 DEFAULT CHARSET=utf8mb4 COLLATE=utf8mb4_unicode_ci;
/*!40101 SET character_set_client = @saved_cs_client */;

--
-- Dumping data for table `members`
--

LOCK TABLES `members` WRITE;
/*!40000 ALTER TABLE `members` DISABLE KEYS */;
INSERT INTO `members` VALUES (1,'John','Smith','Alice, very much at first.',NULL,'member@archielite.com','$2y$12$EKivP6iucuC7Qz8pMhUVBelfh546pN4jZNDUnkW/eg7DZmJygw9/e',16,'2000-05-21','+1-337-406-1933','2024-08-09 18:04:04',NULL,NULL,'2024-08-09 11:04:04','2024-08-09 11:04:04','published'),(2,'Ruthe','Schimmel','Hi, Im Ruthe Schimmel, Your Blogging Journey Guide . Writing, one blog post at a time, to inspire, inform, and ignite your curiosity. Join me as we explore the world through words and embark on a limitless adventure of knowledge and creativity. Lets bring your thoughts to life on these digital pages.  #BloggingAdventures',NULL,'jhagenes@yahoo.com','$2y$12$IPqAivvWxhs88VRCIbHRAeYzu7NdMUNHyvw.K.f635QkmmixtWcjG',17,'2007-12-06','1-276-678-4530','2024-08-09 18:04:04',NULL,NULL,'2024-08-09 11:04:05','2024-08-09 11:04:05','published'),(3,'Eladio','Stehr','Hi, Im Eladio Stehr, Your Blogging Journey Guide . Writing, one blog post at a time, to inspire, inform, and ignite your curiosity. Join me as we explore the world through words and embark on a limitless adventure of knowledge and creativity. Lets bring your thoughts to life on these digital pages.  #BloggingAdventures',NULL,'telly.wolf@yahoo.com','$2y$12$y7mimLnlEQD0bjMYNcIiLutRUh3HfJCVHI/5Mk8rH4jApDd5.lC/S',18,'2010-11-10','(682) 679-0674','2024-08-09 18:04:04',NULL,NULL,'2024-08-09 11:04:05','2024-08-09 11:04:05','published'),(4,'Elvera','Marks','Hi, Im Elvera Marks, Your Blogging Journey Guide . Writing, one blog post at a time, to inspire, inform, and ignite your curiosity. Join me as we explore the world through words and embark on a limitless adventure of knowledge and creativity. Lets bring your thoughts to life on these digital pages.  #BloggingAdventures',NULL,'whilpert@yahoo.com','$2y$12$1YJlJCyFc.r/ioxFS.hBluchHz9vO5uTfS6ajVX.PF.pYiqQryHo2',19,'1984-02-15','+1 (952) 271-8653','2024-08-09 18:04:04',NULL,NULL,'2024-08-09 11:04:05','2024-08-09 11:04:05','published'),(5,'Johnathan','Hill','Hi, Im Johnathan Hill, Your Blogging Journey Guide . Writing, one blog post at a time, to inspire, inform, and ignite your curiosity. Join me as we explore the world through words and embark on a limitless adventure of knowledge and creativity. Lets bring your thoughts to life on these digital pages.  #BloggingAdventures',NULL,'joyce56@rowe.net','$2y$12$TfT5/yQf9SKp7ZPzSpGeH.mdPG0xxzTzw0AnIwjl0hUqjQSD6Wl3m',20,'2015-08-05','1-253-483-2375','2024-08-09 18:04:04',NULL,NULL,'2024-08-09 11:04:05','2024-08-09 11:04:05','published'),(6,'Alvah','Barton','Hi, Im Alvah Barton, Your Blogging Journey Guide . Writing, one blog post at a time, to inspire, inform, and ignite your curiosity. Join me as we explore the world through words and embark on a limitless adventure of knowledge and creativity. Lets bring your thoughts to life on these digital pages.  #BloggingAdventures',NULL,'bwiza@weimann.com','$2y$12$5cOQrN1izFkTjiPwcYqW/eeids2YzGcG66SOwPYO7aPRXjFIYk0.W',21,'1983-12-19','+1-941-585-4328','2024-08-09 18:04:04',NULL,NULL,'2024-08-09 11:04:06','2024-08-09 11:04:06','published'),(7,'Genesis','Daniel','Hi, Im Genesis Daniel, Your Blogging Journey Guide . Writing, one blog post at a time, to inspire, inform, and ignite your curiosity. Join me as we explore the world through words and embark on a limitless adventure of knowledge and creativity. Lets bring your thoughts to life on these digital pages.  #BloggingAdventures',NULL,'hallie.howell@paucek.org','$2y$12$wiMYTQn1hmSkUzYh8YCeXeLyZ.4fsE1JxzkPVZleEBPxGnP/nS9Ge',22,'1981-04-05','+1-224-783-8307','2024-08-09 18:04:04',NULL,NULL,'2024-08-09 11:04:06','2024-08-09 11:04:06','published'),(8,'Karlee','Christiansen','Hi, Im Karlee Christiansen, Your Blogging Journey Guide . Writing, one blog post at a time, to inspire, inform, and ignite your curiosity. Join me as we explore the world through words and embark on a limitless adventure of knowledge and creativity. Lets bring your thoughts to life on these digital pages.  #BloggingAdventures',NULL,'junius.strosin@homenick.com','$2y$12$qiELnN8B.h4cCrbota3ZRe5d1sb7v.fOgyb5L.jVbmiIp3/L0srgm',23,'2015-09-10','(854) 570-2585','2024-08-09 18:04:04',NULL,NULL,'2024-08-09 11:04:06','2024-08-09 11:04:06','published');
/*!40000 ALTER TABLE `members` ENABLE KEYS */;
UNLOCK TABLES;

--
-- Table structure for table `menu_locations`
--

DROP TABLE IF EXISTS `menu_locations`;
/*!40101 SET @saved_cs_client     = @@character_set_client */;
/*!50503 SET character_set_client = utf8mb4 */;
CREATE TABLE `menu_locations` (
  `id` bigint unsigned NOT NULL AUTO_INCREMENT,
  `menu_id` bigint unsigned NOT NULL,
  `location` varchar(191) COLLATE utf8mb4_unicode_ci NOT NULL,
  `created_at` timestamp NULL DEFAULT NULL,
  `updated_at` timestamp NULL DEFAULT NULL,
  PRIMARY KEY (`id`),
  KEY `menu_locations_menu_id_created_at_index` (`menu_id`,`created_at`)
) ENGINE=InnoDB AUTO_INCREMENT=2 DEFAULT CHARSET=utf8mb4 COLLATE=utf8mb4_unicode_ci;
/*!40101 SET character_set_client = @saved_cs_client */;

--
-- Dumping data for table `menu_locations`
--

LOCK TABLES `menu_locations` WRITE;
/*!40000 ALTER TABLE `menu_locations` DISABLE KEYS */;
INSERT INTO `menu_locations` VALUES (1,1,'main-menu','2024-08-09 11:04:25','2024-08-09 11:04:25');
/*!40000 ALTER TABLE `menu_locations` ENABLE KEYS */;
UNLOCK TABLES;

--
-- Table structure for table `menu_nodes`
--

DROP TABLE IF EXISTS `menu_nodes`;
/*!40101 SET @saved_cs_client     = @@character_set_client */;
/*!50503 SET character_set_client = utf8mb4 */;
CREATE TABLE `menu_nodes` (
  `id` bigint unsigned NOT NULL AUTO_INCREMENT,
  `menu_id` bigint unsigned NOT NULL,
  `parent_id` bigint unsigned NOT NULL DEFAULT '0',
  `reference_id` bigint unsigned DEFAULT NULL,
  `reference_type` varchar(191) COLLATE utf8mb4_unicode_ci DEFAULT NULL,
  `url` varchar(191) COLLATE utf8mb4_unicode_ci DEFAULT NULL,
  `icon_font` varchar(191) COLLATE utf8mb4_unicode_ci DEFAULT NULL,
  `position` tinyint unsigned NOT NULL DEFAULT '0',
  `title` varchar(191) COLLATE utf8mb4_unicode_ci DEFAULT NULL,
  `css_class` varchar(191) COLLATE utf8mb4_unicode_ci DEFAULT NULL,
  `target` varchar(20) COLLATE utf8mb4_unicode_ci NOT NULL DEFAULT '_self',
  `has_child` tinyint unsigned NOT NULL DEFAULT '0',
  `created_at` timestamp NULL DEFAULT NULL,
  `updated_at` timestamp NULL DEFAULT NULL,
  PRIMARY KEY (`id`),
  KEY `menu_nodes_menu_id_index` (`menu_id`),
  KEY `menu_nodes_parent_id_index` (`parent_id`),
  KEY `reference_id` (`reference_id`),
  KEY `reference_type` (`reference_type`)
) ENGINE=InnoDB AUTO_INCREMENT=24 DEFAULT CHARSET=utf8mb4 COLLATE=utf8mb4_unicode_ci;
/*!40101 SET character_set_client = @saved_cs_client */;

--
-- Dumping data for table `menu_nodes`
--

LOCK TABLES `menu_nodes` WRITE;
/*!40000 ALTER TABLE `menu_nodes` DISABLE KEYS */;
INSERT INTO `menu_nodes` VALUES (1,1,0,NULL,NULL,'/',NULL,0,'Home',NULL,'_self',1,'2024-08-09 11:04:25','2024-08-09 11:04:25'),(2,1,1,NULL,NULL,'https://echo-sports.archielite.com',NULL,0,'Home Sports',NULL,'_self',0,'2024-08-09 11:04:25','2024-08-09 11:04:25'),(3,1,1,NULL,NULL,'https://echo-travel.archielite.com',NULL,0,'Home Travel',NULL,'_self',0,'2024-08-09 11:04:25','2024-08-09 11:04:25'),(4,1,1,NULL,NULL,'https://echo-ai.archielite.com',NULL,0,'Home AI',NULL,'_self',0,'2024-08-09 11:04:25','2024-08-09 11:04:25'),(5,1,1,NULL,NULL,'https://echo-politics.archielite.com',NULL,0,'Home Politics',NULL,'_self',0,'2024-08-09 11:04:25','2024-08-09 11:04:25'),(6,1,1,NULL,NULL,'https://echo-food.archielite.com',NULL,0,'Home Food',NULL,'_self',0,'2024-08-09 11:04:25','2024-08-09 11:04:25'),(7,1,1,NULL,NULL,'https://echo-photography.archielite.com',NULL,0,'Home Photography',NULL,'_self',0,'2024-08-09 11:04:25','2024-08-09 11:04:25'),(8,1,1,NULL,NULL,'https://echo.archielite.com',NULL,0,'Home News',NULL,'_self',0,'2024-08-09 11:04:25','2024-08-09 11:04:25'),(9,1,1,NULL,NULL,'https://echo-fashion.archielite.com',NULL,0,'Home Fashion',NULL,'_self',0,'2024-08-09 11:04:25','2024-08-09 11:04:25'),(10,1,1,NULL,NULL,'https://echo-technology.archielite.com',NULL,0,'Home Technology',NULL,'_self',0,'2024-08-09 11:04:25','2024-08-09 11:04:25'),(11,1,1,NULL,NULL,'https://echo-gaming.archielite.com',NULL,0,'Home Gaming',NULL,'_self',0,'2024-08-09 11:04:25','2024-08-09 11:04:25'),(12,1,0,NULL,NULL,'/',NULL,0,'Pages',NULL,'_self',1,'2024-08-09 11:04:25','2024-08-09 11:04:25'),(13,1,12,NULL,NULL,'/about-us',NULL,0,'About',NULL,'_self',0,'2024-08-09 11:04:25','2024-08-09 11:04:25'),(14,1,12,NULL,NULL,'/author/smith',NULL,0,'Author',NULL,'_self',0,'2024-08-09 11:04:25','2024-08-09 11:04:25'),(15,1,12,NULL,NULL,'/team',NULL,0,'Team',NULL,'_self',0,'2024-08-09 11:04:25','2024-08-09 11:04:25'),(16,1,12,NULL,NULL,'/error-page',NULL,0,'Error Page',NULL,'_self',0,'2024-08-09 11:04:25','2024-08-09 11:04:25'),(17,1,0,NULL,NULL,'/blog',NULL,0,'Blog',NULL,'_self',1,'2024-08-09 11:04:25','2024-08-09 11:04:25'),(18,1,17,NULL,NULL,'/blog?style=card',NULL,0,'Blog Card',NULL,'_self',0,'2024-08-09 11:04:25','2024-08-09 11:04:25'),(19,1,17,NULL,NULL,'/blog?style=list',NULL,0,'Blog List',NULL,'_self',0,'2024-08-09 11:04:25','2024-08-09 11:04:25'),(20,1,17,NULL,NULL,'/blog?style=grid',NULL,0,'Blog Grid',NULL,'_self',0,'2024-08-09 11:04:25','2024-08-09 11:04:25'),(21,1,17,NULL,NULL,'/blog?style=mixed',NULL,0,'Blog Mixed',NULL,'_self',0,'2024-08-09 11:04:25','2024-08-09 11:04:25'),(22,1,0,1,'Botble\\Blog\\Models\\Post','/blog/top-designers-showcase-avant-garde-collection-at-fashion-week',NULL,0,'Post',NULL,'_self',0,'2024-08-09 11:04:25','2024-08-09 11:04:25'),(23,1,0,NULL,NULL,'contact',NULL,0,'Contact',NULL,'_self',0,'2024-08-09 11:04:25','2024-08-09 11:04:25');
/*!40000 ALTER TABLE `menu_nodes` ENABLE KEYS */;
UNLOCK TABLES;

--
-- Table structure for table `menus`
--

DROP TABLE IF EXISTS `menus`;
/*!40101 SET @saved_cs_client     = @@character_set_client */;
/*!50503 SET character_set_client = utf8mb4 */;
CREATE TABLE `menus` (
  `id` bigint unsigned NOT NULL AUTO_INCREMENT,
  `name` varchar(120) COLLATE utf8mb4_unicode_ci NOT NULL,
  `slug` varchar(120) COLLATE utf8mb4_unicode_ci DEFAULT NULL,
  `status` varchar(60) COLLATE utf8mb4_unicode_ci NOT NULL DEFAULT 'published',
  `created_at` timestamp NULL DEFAULT NULL,
  `updated_at` timestamp NULL DEFAULT NULL,
  PRIMARY KEY (`id`),
  UNIQUE KEY `menus_slug_unique` (`slug`)
) ENGINE=InnoDB AUTO_INCREMENT=2 DEFAULT CHARSET=utf8mb4 COLLATE=utf8mb4_unicode_ci;
/*!40101 SET character_set_client = @saved_cs_client */;

--
-- Dumping data for table `menus`
--

LOCK TABLES `menus` WRITE;
/*!40000 ALTER TABLE `menus` DISABLE KEYS */;
INSERT INTO `menus` VALUES (1,'Main menu','main-menu','published','2024-08-09 11:04:25','2024-08-09 11:04:25');
/*!40000 ALTER TABLE `menus` ENABLE KEYS */;
UNLOCK TABLES;

--
-- Table structure for table `meta_boxes`
--

DROP TABLE IF EXISTS `meta_boxes`;
/*!40101 SET @saved_cs_client     = @@character_set_client */;
/*!50503 SET character_set_client = utf8mb4 */;
CREATE TABLE `meta_boxes` (
  `id` bigint unsigned NOT NULL AUTO_INCREMENT,
  `meta_key` varchar(191) COLLATE utf8mb4_unicode_ci NOT NULL,
  `meta_value` text COLLATE utf8mb4_unicode_ci,
  `reference_id` bigint unsigned NOT NULL,
  `reference_type` varchar(120) COLLATE utf8mb4_unicode_ci NOT NULL,
  `created_at` timestamp NULL DEFAULT NULL,
  `updated_at` timestamp NULL DEFAULT NULL,
  PRIMARY KEY (`id`),
  KEY `meta_boxes_reference_id_index` (`reference_id`)
) ENGINE=InnoDB AUTO_INCREMENT=35 DEFAULT CHARSET=utf8mb4 COLLATE=utf8mb4_unicode_ci;
/*!40101 SET character_set_client = @saved_cs_client */;

--
-- Dumping data for table `meta_boxes`
--

LOCK TABLES `meta_boxes` WRITE;
/*!40000 ALTER TABLE `meta_boxes` DISABLE KEYS */;
INSERT INTO `meta_boxes` VALUES (1,'title','[\"Chef Editor\"]',1,'Botble\\Member\\Models\\Member','2024-08-09 11:04:04','2024-08-09 11:04:04'),(2,'social_links','[[[{\"key\":\"name\",\"value\":\"Facebook\"},{\"key\":\"icon\",\"value\":\"ti ti-brand-facebook\"},{\"key\":\"url\",\"value\":\"https:\\/\\/www.facebook.com\\/\"}],[{\"key\":\"name\",\"value\":\"Instagram\"},{\"key\":\"icon\",\"value\":\"ti ti-brand-instagram\"},{\"key\":\"url\",\"value\":\"https:\\/\\/www.instagram.com\\/\"}],[{\"key\":\"name\",\"value\":\"Twitter\"},{\"key\":\"icon\",\"value\":\"ti ti-brand-x\"},{\"key\":\"url\",\"value\":\"https:\\/\\/www.twitter.com\\/\"}],[{\"key\":\"name\",\"value\":\"YouTube\"},{\"key\":\"icon\",\"value\":\"ti ti-brand-youtube\"},{\"key\":\"url\",\"value\":\"https:\\/\\/www.youtube.com\\/\"}],[{\"key\":\"name\",\"value\":\"Pinterest\"},{\"key\":\"icon\",\"value\":\"ti ti-brand-pinterest\"},{\"key\":\"url\",\"value\":\"https:\\/\\/www.pinterest.com\\/\"}]]]',1,'Botble\\Member\\Models\\Member','2024-08-09 11:04:04','2024-08-09 11:04:04'),(3,'title','[\"Marketing Director\"]',2,'Botble\\Member\\Models\\Member','2024-08-09 11:04:05','2024-08-09 11:04:05'),(4,'social_links','[[[{\"key\":\"name\",\"value\":\"Facebook\"},{\"key\":\"icon\",\"value\":\"ti ti-brand-facebook\"},{\"key\":\"url\",\"value\":\"https:\\/\\/www.facebook.com\\/\"}],[{\"key\":\"name\",\"value\":\"Instagram\"},{\"key\":\"icon\",\"value\":\"ti ti-brand-instagram\"},{\"key\":\"url\",\"value\":\"https:\\/\\/www.instagram.com\\/\"}],[{\"key\":\"name\",\"value\":\"Twitter\"},{\"key\":\"icon\",\"value\":\"ti ti-brand-x\"},{\"key\":\"url\",\"value\":\"https:\\/\\/www.twitter.com\\/\"}],[{\"key\":\"name\",\"value\":\"YouTube\"},{\"key\":\"icon\",\"value\":\"ti ti-brand-youtube\"},{\"key\":\"url\",\"value\":\"https:\\/\\/www.youtube.com\\/\"}],[{\"key\":\"name\",\"value\":\"Pinterest\"},{\"key\":\"icon\",\"value\":\"ti ti-brand-pinterest\"},{\"key\":\"url\",\"value\":\"https:\\/\\/www.pinterest.com\\/\"}]]]',2,'Botble\\Member\\Models\\Member','2024-08-09 11:04:05','2024-08-09 11:04:05'),(5,'title','[\"Sr. Manager\"]',3,'Botble\\Member\\Models\\Member','2024-08-09 11:04:05','2024-08-09 11:04:05'),(6,'social_links','[[[{\"key\":\"name\",\"value\":\"Facebook\"},{\"key\":\"icon\",\"value\":\"ti ti-brand-facebook\"},{\"key\":\"url\",\"value\":\"https:\\/\\/www.facebook.com\\/\"}],[{\"key\":\"name\",\"value\":\"Instagram\"},{\"key\":\"icon\",\"value\":\"ti ti-brand-instagram\"},{\"key\":\"url\",\"value\":\"https:\\/\\/www.instagram.com\\/\"}],[{\"key\":\"name\",\"value\":\"Twitter\"},{\"key\":\"icon\",\"value\":\"ti ti-brand-x\"},{\"key\":\"url\",\"value\":\"https:\\/\\/www.twitter.com\\/\"}],[{\"key\":\"name\",\"value\":\"YouTube\"},{\"key\":\"icon\",\"value\":\"ti ti-brand-youtube\"},{\"key\":\"url\",\"value\":\"https:\\/\\/www.youtube.com\\/\"}],[{\"key\":\"name\",\"value\":\"Pinterest\"},{\"key\":\"icon\",\"value\":\"ti ti-brand-pinterest\"},{\"key\":\"url\",\"value\":\"https:\\/\\/www.pinterest.com\\/\"}]]]',3,'Botble\\Member\\Models\\Member','2024-08-09 11:04:05','2024-08-09 11:04:05'),(7,'title','[\"Creative Director\"]',4,'Botble\\Member\\Models\\Member','2024-08-09 11:04:05','2024-08-09 11:04:05'),(8,'social_links','[[[{\"key\":\"name\",\"value\":\"Facebook\"},{\"key\":\"icon\",\"value\":\"ti ti-brand-facebook\"},{\"key\":\"url\",\"value\":\"https:\\/\\/www.facebook.com\\/\"}],[{\"key\":\"name\",\"value\":\"Instagram\"},{\"key\":\"icon\",\"value\":\"ti ti-brand-instagram\"},{\"key\":\"url\",\"value\":\"https:\\/\\/www.instagram.com\\/\"}],[{\"key\":\"name\",\"value\":\"Twitter\"},{\"key\":\"icon\",\"value\":\"ti ti-brand-x\"},{\"key\":\"url\",\"value\":\"https:\\/\\/www.twitter.com\\/\"}],[{\"key\":\"name\",\"value\":\"YouTube\"},{\"key\":\"icon\",\"value\":\"ti ti-brand-youtube\"},{\"key\":\"url\",\"value\":\"https:\\/\\/www.youtube.com\\/\"}],[{\"key\":\"name\",\"value\":\"Pinterest\"},{\"key\":\"icon\",\"value\":\"ti ti-brand-pinterest\"},{\"key\":\"url\",\"value\":\"https:\\/\\/www.pinterest.com\\/\"}]]]',4,'Botble\\Member\\Models\\Member','2024-08-09 11:04:05','2024-08-09 11:04:05'),(9,'title','[\"Creative Director\"]',5,'Botble\\Member\\Models\\Member','2024-08-09 11:04:05','2024-08-09 11:04:05'),(10,'social_links','[[[{\"key\":\"name\",\"value\":\"Facebook\"},{\"key\":\"icon\",\"value\":\"ti ti-brand-facebook\"},{\"key\":\"url\",\"value\":\"https:\\/\\/www.facebook.com\\/\"}],[{\"key\":\"name\",\"value\":\"Instagram\"},{\"key\":\"icon\",\"value\":\"ti ti-brand-instagram\"},{\"key\":\"url\",\"value\":\"https:\\/\\/www.instagram.com\\/\"}],[{\"key\":\"name\",\"value\":\"Twitter\"},{\"key\":\"icon\",\"value\":\"ti ti-brand-x\"},{\"key\":\"url\",\"value\":\"https:\\/\\/www.twitter.com\\/\"}],[{\"key\":\"name\",\"value\":\"YouTube\"},{\"key\":\"icon\",\"value\":\"ti ti-brand-youtube\"},{\"key\":\"url\",\"value\":\"https:\\/\\/www.youtube.com\\/\"}],[{\"key\":\"name\",\"value\":\"Pinterest\"},{\"key\":\"icon\",\"value\":\"ti ti-brand-pinterest\"},{\"key\":\"url\",\"value\":\"https:\\/\\/www.pinterest.com\\/\"}]]]',5,'Botble\\Member\\Models\\Member','2024-08-09 11:04:05','2024-08-09 11:04:05'),(11,'title','[\"Chef Editor\"]',6,'Botble\\Member\\Models\\Member','2024-08-09 11:04:06','2024-08-09 11:04:06'),(12,'social_links','[[[{\"key\":\"name\",\"value\":\"Facebook\"},{\"key\":\"icon\",\"value\":\"ti ti-brand-facebook\"},{\"key\":\"url\",\"value\":\"https:\\/\\/www.facebook.com\\/\"}],[{\"key\":\"name\",\"value\":\"Instagram\"},{\"key\":\"icon\",\"value\":\"ti ti-brand-instagram\"},{\"key\":\"url\",\"value\":\"https:\\/\\/www.instagram.com\\/\"}],[{\"key\":\"name\",\"value\":\"Twitter\"},{\"key\":\"icon\",\"value\":\"ti ti-brand-x\"},{\"key\":\"url\",\"value\":\"https:\\/\\/www.twitter.com\\/\"}],[{\"key\":\"name\",\"value\":\"YouTube\"},{\"key\":\"icon\",\"value\":\"ti ti-brand-youtube\"},{\"key\":\"url\",\"value\":\"https:\\/\\/www.youtube.com\\/\"}],[{\"key\":\"name\",\"value\":\"Pinterest\"},{\"key\":\"icon\",\"value\":\"ti ti-brand-pinterest\"},{\"key\":\"url\",\"value\":\"https:\\/\\/www.pinterest.com\\/\"}]]]',6,'Botble\\Member\\Models\\Member','2024-08-09 11:04:06','2024-08-09 11:04:06'),(13,'title','[\"Chef Editor\"]',7,'Botble\\Member\\Models\\Member','2024-08-09 11:04:06','2024-08-09 11:04:06'),(14,'social_links','[[[{\"key\":\"name\",\"value\":\"Facebook\"},{\"key\":\"icon\",\"value\":\"ti ti-brand-facebook\"},{\"key\":\"url\",\"value\":\"https:\\/\\/www.facebook.com\\/\"}],[{\"key\":\"name\",\"value\":\"Instagram\"},{\"key\":\"icon\",\"value\":\"ti ti-brand-instagram\"},{\"key\":\"url\",\"value\":\"https:\\/\\/www.instagram.com\\/\"}],[{\"key\":\"name\",\"value\":\"Twitter\"},{\"key\":\"icon\",\"value\":\"ti ti-brand-x\"},{\"key\":\"url\",\"value\":\"https:\\/\\/www.twitter.com\\/\"}],[{\"key\":\"name\",\"value\":\"YouTube\"},{\"key\":\"icon\",\"value\":\"ti ti-brand-youtube\"},{\"key\":\"url\",\"value\":\"https:\\/\\/www.youtube.com\\/\"}],[{\"key\":\"name\",\"value\":\"Pinterest\"},{\"key\":\"icon\",\"value\":\"ti ti-brand-pinterest\"},{\"key\":\"url\",\"value\":\"https:\\/\\/www.pinterest.com\\/\"}]]]',7,'Botble\\Member\\Models\\Member','2024-08-09 11:04:06','2024-08-09 11:04:06'),(15,'title','[\"Sr. Manager\"]',8,'Botble\\Member\\Models\\Member','2024-08-09 11:04:06','2024-08-09 11:04:06'),(16,'social_links','[[[{\"key\":\"name\",\"value\":\"Facebook\"},{\"key\":\"icon\",\"value\":\"ti ti-brand-facebook\"},{\"key\":\"url\",\"value\":\"https:\\/\\/www.facebook.com\\/\"}],[{\"key\":\"name\",\"value\":\"Instagram\"},{\"key\":\"icon\",\"value\":\"ti ti-brand-instagram\"},{\"key\":\"url\",\"value\":\"https:\\/\\/www.instagram.com\\/\"}],[{\"key\":\"name\",\"value\":\"Twitter\"},{\"key\":\"icon\",\"value\":\"ti ti-brand-x\"},{\"key\":\"url\",\"value\":\"https:\\/\\/www.twitter.com\\/\"}],[{\"key\":\"name\",\"value\":\"YouTube\"},{\"key\":\"icon\",\"value\":\"ti ti-brand-youtube\"},{\"key\":\"url\",\"value\":\"https:\\/\\/www.youtube.com\\/\"}],[{\"key\":\"name\",\"value\":\"Pinterest\"},{\"key\":\"icon\",\"value\":\"ti ti-brand-pinterest\"},{\"key\":\"url\",\"value\":\"https:\\/\\/www.pinterest.com\\/\"}]]]',8,'Botble\\Member\\Models\\Member','2024-08-09 11:04:06','2024-08-09 11:04:06'),(17,'video_url','[\"https:\\/\\/www.youtube.com\\/watch?v=yCh9OVLI0SU\"]',2,'Botble\\Blog\\Models\\Post','2024-08-09 11:04:23','2024-08-09 11:04:23'),(18,'video_url','[\"https:\\/\\/www.youtube.com\\/watch?v=yCh9OVLI0SU\"]',3,'Botble\\Blog\\Models\\Post','2024-08-09 11:04:23','2024-08-09 11:04:23'),(19,'audio','[\"main\\/audio\\/audio.mp3\"]',4,'Botble\\Blog\\Models\\Post','2024-08-09 11:04:23','2024-08-09 11:04:23'),(20,'video_url','[\"https:\\/\\/www.youtube.com\\/watch?v=yCh9OVLI0SU\"]',5,'Botble\\Blog\\Models\\Post','2024-08-09 11:04:23','2024-08-09 11:04:23'),(21,'video_url','[\"https:\\/\\/www.youtube.com\\/watch?v=yCh9OVLI0SU\"]',6,'Botble\\Blog\\Models\\Post','2024-08-09 11:04:23','2024-08-09 11:04:23'),(22,'audio','[\"main\\/audio\\/audio.mp3\"]',7,'Botble\\Blog\\Models\\Post','2024-08-09 11:04:23','2024-08-09 11:04:23'),(23,'video_url','[\"https:\\/\\/www.youtube.com\\/watch?v=yCh9OVLI0SU\"]',8,'Botble\\Blog\\Models\\Post','2024-08-09 11:04:23','2024-08-09 11:04:23'),(24,'video_url','[\"https:\\/\\/www.youtube.com\\/watch?v=yCh9OVLI0SU\"]',9,'Botble\\Blog\\Models\\Post','2024-08-09 11:04:23','2024-08-09 11:04:23'),(25,'audio','[\"main\\/audio\\/audio.mp3\"]',10,'Botble\\Blog\\Models\\Post','2024-08-09 11:04:23','2024-08-09 11:04:23'),(26,'video_url','[\"https:\\/\\/www.youtube.com\\/watch?v=yCh9OVLI0SU\"]',11,'Botble\\Blog\\Models\\Post','2024-08-09 11:04:23','2024-08-09 11:04:23'),(27,'video_url','[\"https:\\/\\/www.youtube.com\\/watch?v=yCh9OVLI0SU\"]',12,'Botble\\Blog\\Models\\Post','2024-08-09 11:04:23','2024-08-09 11:04:23'),(28,'video_url','[\"https:\\/\\/www.youtube.com\\/watch?v=yCh9OVLI0SU\"]',14,'Botble\\Blog\\Models\\Post','2024-08-09 11:04:23','2024-08-09 11:04:23'),(29,'video_url','[\"https:\\/\\/www.youtube.com\\/watch?v=yCh9OVLI0SU\"]',15,'Botble\\Blog\\Models\\Post','2024-08-09 11:04:23','2024-08-09 11:04:23'),(30,'audio','[\"main\\/audio\\/audio.mp3\"]',16,'Botble\\Blog\\Models\\Post','2024-08-09 11:04:23','2024-08-09 11:04:23'),(31,'video_url','[\"https:\\/\\/www.youtube.com\\/watch?v=yCh9OVLI0SU\"]',17,'Botble\\Blog\\Models\\Post','2024-08-09 11:04:23','2024-08-09 11:04:23'),(32,'video_url','[\"https:\\/\\/www.youtube.com\\/watch?v=yCh9OVLI0SU\"]',18,'Botble\\Blog\\Models\\Post','2024-08-09 11:04:23','2024-08-09 11:04:23'),(33,'audio','[\"main\\/audio\\/audio.mp3\"]',19,'Botble\\Blog\\Models\\Post','2024-08-09 11:04:23','2024-08-09 11:04:23'),(34,'video_url','[\"https:\\/\\/www.youtube.com\\/watch?v=yCh9OVLI0SU\"]',20,'Botble\\Blog\\Models\\Post','2024-08-09 11:04:23','2024-08-09 11:04:23');
/*!40000 ALTER TABLE `meta_boxes` ENABLE KEYS */;
UNLOCK TABLES;

--
-- Table structure for table `migrations`
--

DROP TABLE IF EXISTS `migrations`;
/*!40101 SET @saved_cs_client     = @@character_set_client */;
/*!50503 SET character_set_client = utf8mb4 */;
CREATE TABLE `migrations` (
  `id` int unsigned NOT NULL AUTO_INCREMENT,
  `migration` varchar(191) COLLATE utf8mb4_unicode_ci NOT NULL,
  `batch` int NOT NULL,
  PRIMARY KEY (`id`)
) ENGINE=InnoDB AUTO_INCREMENT=76 DEFAULT CHARSET=utf8mb4 COLLATE=utf8mb4_unicode_ci;
/*!40101 SET character_set_client = @saved_cs_client */;

--
-- Dumping data for table `migrations`
--

LOCK TABLES `migrations` WRITE;
/*!40000 ALTER TABLE `migrations` DISABLE KEYS */;
INSERT INTO `migrations` VALUES (1,'2013_04_09_032329_create_base_tables',1),(2,'2013_04_09_062329_create_revisions_table',1),(3,'2014_10_12_000000_create_users_table',1),(4,'2014_10_12_100000_create_password_reset_tokens_table',1),(5,'2015_06_18_033822_create_blog_table',1),(6,'2015_06_29_025744_create_audit_history',1),(7,'2015_08_15_122343_create_notes_table',1),(8,'2016_05_28_112028_create_system_request_logs_table',1),(9,'2016_06_10_230148_create_acl_tables',1),(10,'2016_06_14_230857_create_menus_table',1),(11,'2016_06_17_091537_create_contacts_table',1),(12,'2016_06_28_221418_create_pages_table',1),(13,'2016_10_03_032336_create_languages_table',1),(14,'2016_10_05_074239_create_setting_table',1),(15,'2016_10_07_193005_create_translations_table',1),(16,'2016_10_13_150201_create_galleries_table',1),(17,'2016_11_28_032840_create_dashboard_widget_tables',1),(18,'2016_12_16_084601_create_widgets_table',1),(19,'2017_05_09_070343_create_media_tables',1),(20,'2017_10_04_140938_create_member_table',1),(21,'2017_10_24_154832_create_newsletter_table',1),(22,'2017_11_03_070450_create_slug_table',1),(23,'2019_01_05_053554_create_jobs_table',1),(24,'2019_08_19_000000_create_failed_jobs_table',1),(25,'2019_12_14_000001_create_personal_access_tokens_table',1),(26,'2020_11_18_150916_ads_create_ads_table',1),(27,'2021_02_16_092633_remove_default_value_for_author_type',1),(28,'2021_10_25_021023_fix-priority-load-for-language-advanced',1),(29,'2021_12_02_035301_add_ads_translations_table',1),(30,'2021_12_03_030600_create_blog_translations',1),(31,'2021_12_03_075608_create_page_translations',1),(32,'2021_12_03_082953_create_gallery_translations',1),(33,'2022_04_19_113923_add_index_to_table_posts',1),(34,'2022_04_20_100851_add_index_to_media_table',1),(35,'2022_04_20_101046_add_index_to_menu_table',1),(36,'2022_04_30_034048_create_gallery_meta_translations_table',1),(37,'2022_07_10_034813_move_lang_folder_to_root',1),(38,'2022_08_04_051940_add_missing_column_expires_at',1),(39,'2022_09_01_000001_create_admin_notifications_tables',1),(40,'2022_10_14_024629_drop_column_is_featured',1),(41,'2022_11_18_063357_add_missing_timestamp_in_table_settings',1),(42,'2022_12_02_093615_update_slug_index_columns',1),(43,'2023_01_30_024431_add_alt_to_media_table',1),(44,'2023_02_16_042611_drop_table_password_resets',1),(45,'2023_04_17_062645_add_open_in_new_tab',1),(46,'2023_04_23_005903_add_column_permissions_to_admin_notifications',1),(47,'2023_05_10_075124_drop_column_id_in_role_users_table',1),(48,'2023_07_06_011444_create_slug_translations_table',1),(49,'2023_08_11_060908_create_announcements_table',1),(50,'2023_08_21_090810_make_page_content_nullable',1),(51,'2023_08_29_074620_make_column_author_id_nullable',1),(52,'2023_08_29_075308_make_column_user_id_nullable',1),(53,'2023_09_14_021936_update_index_for_slugs_table',1),(54,'2023_09_14_022423_add_index_for_language_table',1),(55,'2023_10_16_075332_add_status_column',1),(56,'2023_11_07_023805_add_tablet_mobile_image',1),(57,'2023_11_10_080225_migrate_contact_blacklist_email_domains_to_core',1),(58,'2023_11_14_033417_change_request_column_in_table_audit_histories',1),(59,'2023_12_07_095130_add_color_column_to_media_folders_table',1),(60,'2023_12_12_105220_drop_translations_table',1),(61,'2023_12_17_162208_make_sure_column_color_in_media_folders_nullable',1),(62,'2024_01_16_050056_create_comments_table',1),(63,'2024_03_13_042350_migrate_newsletter_data',1),(64,'2024_03_20_080001_migrate_change_attribute_email_to_nullable_form_contacts_table',1),(65,'2024_03_25_000001_update_captcha_settings',1),(66,'2024_03_25_000001_update_captcha_settings_for_contact',1),(67,'2024_03_25_000001_update_captcha_settings_for_newsletter',1),(68,'2024_04_01_043317_add_google_adsense_slot_id_to_ads_table',1),(69,'2024_04_04_110758_update_value_column_in_user_meta_table',1),(70,'2024_04_19_063914_create_custom_fields_table',1),(71,'2024_04_27_100730_improve_analytics_setting',1),(72,'2024_05_12_091229_add_column_visibility_to_table_media_files',1),(73,'2024_07_07_091316_fix_column_url_in_menu_nodes_table',1),(74,'2024_07_12_100000_change_random_hash_for_media',1),(75,'2024_07_30_091615_fix_order_column_in_categories_table',1);
/*!40000 ALTER TABLE `migrations` ENABLE KEYS */;
UNLOCK TABLES;

--
-- Table structure for table `newsletters`
--

DROP TABLE IF EXISTS `newsletters`;
/*!40101 SET @saved_cs_client     = @@character_set_client */;
/*!50503 SET character_set_client = utf8mb4 */;
CREATE TABLE `newsletters` (
  `id` bigint unsigned NOT NULL AUTO_INCREMENT,
  `email` varchar(120) COLLATE utf8mb4_unicode_ci NOT NULL,
  `name` varchar(120) COLLATE utf8mb4_unicode_ci DEFAULT NULL,
  `status` varchar(60) COLLATE utf8mb4_unicode_ci NOT NULL DEFAULT 'subscribed',
  `created_at` timestamp NULL DEFAULT NULL,
  `updated_at` timestamp NULL DEFAULT NULL,
  PRIMARY KEY (`id`)
) ENGINE=InnoDB DEFAULT CHARSET=utf8mb4 COLLATE=utf8mb4_unicode_ci;
/*!40101 SET character_set_client = @saved_cs_client */;

--
-- Dumping data for table `newsletters`
--

LOCK TABLES `newsletters` WRITE;
/*!40000 ALTER TABLE `newsletters` DISABLE KEYS */;
/*!40000 ALTER TABLE `newsletters` ENABLE KEYS */;
UNLOCK TABLES;

--
-- Table structure for table `notes`
--

DROP TABLE IF EXISTS `notes`;
/*!40101 SET @saved_cs_client     = @@character_set_client */;
/*!50503 SET character_set_client = utf8mb4 */;
CREATE TABLE `notes` (
  `id` bigint unsigned NOT NULL AUTO_INCREMENT,
  `user_id` bigint unsigned NOT NULL,
  `reference_id` bigint unsigned NOT NULL,
  `reference_type` varchar(120) COLLATE utf8mb4_unicode_ci NOT NULL,
  `created_by` bigint unsigned NOT NULL,
  `note` text COLLATE utf8mb4_unicode_ci NOT NULL,
  `created_at` timestamp NULL DEFAULT NULL,
  `updated_at` timestamp NULL DEFAULT NULL,
  PRIMARY KEY (`id`),
  KEY `notes_user_id_index` (`user_id`),
  KEY `notes_reference_id_index` (`reference_id`),
  KEY `notes_created_by_index` (`created_by`)
) ENGINE=InnoDB DEFAULT CHARSET=utf8mb4 COLLATE=utf8mb4_unicode_ci;
/*!40101 SET character_set_client = @saved_cs_client */;

--
-- Dumping data for table `notes`
--

LOCK TABLES `notes` WRITE;
/*!40000 ALTER TABLE `notes` DISABLE KEYS */;
/*!40000 ALTER TABLE `notes` ENABLE KEYS */;
UNLOCK TABLES;

--
-- Table structure for table `pages`
--

DROP TABLE IF EXISTS `pages`;
/*!40101 SET @saved_cs_client     = @@character_set_client */;
/*!50503 SET character_set_client = utf8mb4 */;
CREATE TABLE `pages` (
  `id` bigint unsigned NOT NULL AUTO_INCREMENT,
  `name` varchar(120) COLLATE utf8mb4_unicode_ci NOT NULL,
  `content` longtext COLLATE utf8mb4_unicode_ci,
  `user_id` bigint unsigned DEFAULT NULL,
  `image` varchar(191) COLLATE utf8mb4_unicode_ci DEFAULT NULL,
  `template` varchar(60) COLLATE utf8mb4_unicode_ci DEFAULT NULL,
  `description` varchar(400) COLLATE utf8mb4_unicode_ci DEFAULT NULL,
  `status` varchar(60) COLLATE utf8mb4_unicode_ci NOT NULL DEFAULT 'published',
  `created_at` timestamp NULL DEFAULT NULL,
  `updated_at` timestamp NULL DEFAULT NULL,
  PRIMARY KEY (`id`),
  KEY `pages_user_id_index` (`user_id`)
) ENGINE=InnoDB AUTO_INCREMENT=11 DEFAULT CHARSET=utf8mb4 COLLATE=utf8mb4_unicode_ci;
/*!40101 SET character_set_client = @saved_cs_client */;

--
-- Dumping data for table `pages`
--

LOCK TABLES `pages` WRITE;
/*!40000 ALTER TABLE `pages` DISABLE KEYS */;
INSERT INTO `pages` VALUES (1,'Homepage','<div>[blog-posts style=\"style-7\" category_ids=\"5,6,7\" title=\"Featured Posts\" limit=\"5\"][/blog-posts]</div><div>[blog-posts enable_lazy_loading=\"yes\" style=\"style-6\" category_ids=\"5,6,7\" title=\"Featured Posts\" limit=\"3\" title_align=\"center\" text_color=\"rgb(255, 255, 255)\" background_color=\"#000000\"][/blog-posts]</div><div>[blog-categories enable_lazy_loading=\"yes\" style=\"style-2\" category_ids=\"2,3,4,5,6\" title=\"Most Popular\" number_of_post_per_category=\"8\" title_align=\"start\" text_color=\"transparent\" background_color=\"transparent\" sidebar=\"custom_sidebar_1\"][/blog-categories]</div><div>[blog-posts enable_lazy_loading=\"yes\" style=\"style-10\" limit=\"1\" title_align=\"start\" text_color=\"transparent\" background_color=\"rgb(241, 241, 241)\"][/blog-posts]</div><div>[blog-posts enable_lazy_loading=\"yes\" style=\"style-3\" category_ids=\"2,4,5,6\" title=\"Featured Posts\" limit=\"4\" title_align=\"center\" text_color=\"rgb(255, 255, 255)\" background_color=\"#000000\"][/blog-posts]</div><div>[blog-posts enable_lazy_loading=\"yes\" style=\"style-8\" category_ids=\"5,6,7\" title=\"The Archive\" limit=\"5\" title_align=\"start\" text_color=\"transparent\"][/blog-posts]</div><br><div>[ads key=\"UROL9F9ZZVAA\"][/ads]</div><br><div>[blog-posts enable_lazy_loading=\"yes\" style=\"style-9\" category_ids=\"5,6,7\" limit=\"3\" title_align=\"center\" text_color=\"transparent\" background_color=\"transparent\"][/blog-posts]</div><div>[gallery title=\"Follow Instagram\" limit=\"6\" text_color=\"#fff\" background_color=\"#181823\"][/gallery]</div>',1,NULL,'homepage',NULL,'published','2024-08-09 11:04:24','2024-08-09 11:04:24'),(2,'About us','<div>[about-us title=\"Know our Publication Media & Vision.\" subtitle=\"Bring To The Table Win-Win Survival Strategies To Ensure Proactive Domination. At The End Of The Day Going.\" description=\"Leverage agile frameworks to provide a robust synopsis for high level overviews. Iterative approaches to corporate strategy foster collaborative thinking to further the overall value proposition. Organically grow the over holistic world view of disruptive innovation via workplace diversity and Bring to the table win-win survival strategies to ensure proactive fin domination. At the end of the day, going forward, a new normal.\" staff_name=\"Raihawly Williamson\" staff_description=\"CEO, Echo Publishing Inc.\" staff_signature=\"main/general/signature.png\" first_image=\"main/general/about-1.png\" second_image=\"main/general/about-2.png\"][/about-us]</div><div>[intro-video image=\"main/general/about-video-1.png\" video_url=\"https://www.youtube.com/watch?v=Y1t6rjWYNro\" play_icon=\"ti ti-player-play-filled\"][/intro-video]</div>',1,NULL,'full-width',NULL,'published','2024-08-09 11:04:24','2024-08-09 11:04:24'),(3,'Contact','<div>[contact-form title=\"General Customer Care & Technical Support\" description=\"Were here to assist you with any questions or technical issues you may have. Please fill out the form below, and our dedicated team will respond promptly to ensure you have a seamless experience with us.\" button_label=\"Send Message\" button_icon=\"ti ti-arrow-right\" quantity=\"3\" title_1=\"Location\" description_1=\"The Business Centre132, New York 12401. United States\" icon_1=\"ti ti-map-pin\" url_1=\"\" open_in_new_tab_1=\"yes\" title_2=\"Email Address\" description_2=\"info@yourmail.com\" icon_2=\"ti ti-mail\" url_2=\"mailto:info@yourmail.com\" open_in_new_tab_2=\"yes\" title_3=\"Phone\" description_3=\"(00) 123 456 789 99\" icon_3=\"ti ti-phone\" url_3=\"tel:(00) 123 456 789 99\" open_in_new_tab_3=\"yes\"  address=\"Fortis Downtown Resort\"][/contact-form]</div>',1,NULL,'full-width',NULL,'published','2024-08-09 11:04:24','2024-08-09 11:04:24'),(4,'Blog','---',1,NULL,'full-width',NULL,'published','2024-08-09 11:04:24','2024-08-09 11:04:24'),(5,'Team','<div>[members title=\"Meet Our Professional Team\" member_ids=\"1,2,3,4,5,6,7,8\"][/members]</div>',1,NULL,'full-width',NULL,'published','2024-08-09 11:04:24','2024-08-09 11:04:24'),(6,'Cookie Policy','<h3>EU Cookie Consent</h3><p>To use this website we are using Cookies and collecting some Data. To be compliant with the EU GDPR we give you to choose if you allow us to use certain Cookies and to collect some Data.</p><h4>Essential Data</h4><p>The Essential Data is needed to run the Site you are visiting technically. You can not deactivate them.</p><p>- Session Cookie: PHP uses a Cookie to identify user sessions. Without this Cookie the Website is not working.</p><p>- XSRF-Token Cookie: Laravel automatically generates a CSRF \"token\" for each active user session managed by the application. This token is used to verify that the authenticated user is the one actually making the requests to the application.</p>',1,NULL,'default',NULL,'published','2024-08-09 11:04:24','2024-08-09 11:04:24'),(7,'Terms Of Use','<h3>EU Cookie Consent</h3><p>To use this website we are using Cookies and collecting some Data. To be compliant with the EU GDPR we give you to choose if you allow us to use certain Cookies and to collect some Data.</p><h4>Essential Data</h4><p>The Essential Data is needed to run the Site you are visiting technically. You can not deactivate them.</p><p>- Session Cookie: PHP uses a Cookie to identify user sessions. Without this Cookie the Website is not working.</p><p>- XSRF-Token Cookie: Laravel automatically generates a CSRF \"token\" for each active user session managed by the application. This token is used to verify that the authenticated user is the one actually making the requests to the application.</p>',1,NULL,'default',NULL,'published','2024-08-09 11:04:24','2024-08-09 11:04:24'),(8,'Privacy Policy','<h3>EU Cookie Consent</h3><p>To use this website we are using Cookies and collecting some Data. To be compliant with the EU GDPR we give you to choose if you allow us to use certain Cookies and to collect some Data.</p><h4>Essential Data</h4><p>The Essential Data is needed to run the Site you are visiting technically. You can not deactivate them.</p><p>- Session Cookie: PHP uses a Cookie to identify user sessions. Without this Cookie the Website is not working.</p><p>- XSRF-Token Cookie: Laravel automatically generates a CSRF \"token\" for each active user session managed by the application. This token is used to verify that the authenticated user is the one actually making the requests to the application.</p>',1,NULL,'default',NULL,'published','2024-08-09 11:04:24','2024-08-09 11:04:24'),(9,'Advertise','<h3>Random Content</h3><p>This is a random content that will be displayed on the page.</p>',1,NULL,'default',NULL,'published','2024-08-09 11:04:24','2024-08-09 11:04:24'),(10,'FAQ','<h3>Random Content</h3><p>This is a random content that will be displayed on the page.</p>',1,NULL,'default',NULL,'published','2024-08-09 11:04:24','2024-08-09 11:04:24');
/*!40000 ALTER TABLE `pages` ENABLE KEYS */;
UNLOCK TABLES;

--
-- Table structure for table `pages_translations`
--

DROP TABLE IF EXISTS `pages_translations`;
/*!40101 SET @saved_cs_client     = @@character_set_client */;
/*!50503 SET character_set_client = utf8mb4 */;
CREATE TABLE `pages_translations` (
  `lang_code` varchar(20) COLLATE utf8mb4_unicode_ci NOT NULL,
  `pages_id` bigint unsigned NOT NULL,
  `name` varchar(191) COLLATE utf8mb4_unicode_ci DEFAULT NULL,
  `description` varchar(400) COLLATE utf8mb4_unicode_ci DEFAULT NULL,
  `content` longtext COLLATE utf8mb4_unicode_ci,
  PRIMARY KEY (`lang_code`,`pages_id`)
) ENGINE=InnoDB DEFAULT CHARSET=utf8mb4 COLLATE=utf8mb4_unicode_ci;
/*!40101 SET character_set_client = @saved_cs_client */;

--
-- Dumping data for table `pages_translations`
--

LOCK TABLES `pages_translations` WRITE;
/*!40000 ALTER TABLE `pages_translations` DISABLE KEYS */;
/*!40000 ALTER TABLE `pages_translations` ENABLE KEYS */;
UNLOCK TABLES;

--
-- Table structure for table `password_reset_tokens`
--

DROP TABLE IF EXISTS `password_reset_tokens`;
/*!40101 SET @saved_cs_client     = @@character_set_client */;
/*!50503 SET character_set_client = utf8mb4 */;
CREATE TABLE `password_reset_tokens` (
  `email` varchar(191) COLLATE utf8mb4_unicode_ci NOT NULL,
  `token` varchar(191) COLLATE utf8mb4_unicode_ci NOT NULL,
  `created_at` timestamp NULL DEFAULT NULL,
  PRIMARY KEY (`email`)
) ENGINE=InnoDB DEFAULT CHARSET=utf8mb4 COLLATE=utf8mb4_unicode_ci;
/*!40101 SET character_set_client = @saved_cs_client */;

--
-- Dumping data for table `password_reset_tokens`
--

LOCK TABLES `password_reset_tokens` WRITE;
/*!40000 ALTER TABLE `password_reset_tokens` DISABLE KEYS */;
/*!40000 ALTER TABLE `password_reset_tokens` ENABLE KEYS */;
UNLOCK TABLES;

--
-- Table structure for table `personal_access_tokens`
--

DROP TABLE IF EXISTS `personal_access_tokens`;
/*!40101 SET @saved_cs_client     = @@character_set_client */;
/*!50503 SET character_set_client = utf8mb4 */;
CREATE TABLE `personal_access_tokens` (
  `id` bigint unsigned NOT NULL AUTO_INCREMENT,
  `tokenable_type` varchar(191) COLLATE utf8mb4_unicode_ci NOT NULL,
  `tokenable_id` bigint unsigned NOT NULL,
  `name` varchar(191) COLLATE utf8mb4_unicode_ci NOT NULL,
  `token` varchar(64) COLLATE utf8mb4_unicode_ci NOT NULL,
  `abilities` text COLLATE utf8mb4_unicode_ci,
  `last_used_at` timestamp NULL DEFAULT NULL,
  `expires_at` timestamp NULL DEFAULT NULL,
  `created_at` timestamp NULL DEFAULT NULL,
  `updated_at` timestamp NULL DEFAULT NULL,
  PRIMARY KEY (`id`),
  UNIQUE KEY `personal_access_tokens_token_unique` (`token`),
  KEY `personal_access_tokens_tokenable_type_tokenable_id_index` (`tokenable_type`,`tokenable_id`)
) ENGINE=InnoDB DEFAULT CHARSET=utf8mb4 COLLATE=utf8mb4_unicode_ci;
/*!40101 SET character_set_client = @saved_cs_client */;

--
-- Dumping data for table `personal_access_tokens`
--

LOCK TABLES `personal_access_tokens` WRITE;
/*!40000 ALTER TABLE `personal_access_tokens` DISABLE KEYS */;
/*!40000 ALTER TABLE `personal_access_tokens` ENABLE KEYS */;
UNLOCK TABLES;

--
-- Table structure for table `post_categories`
--

DROP TABLE IF EXISTS `post_categories`;
/*!40101 SET @saved_cs_client     = @@character_set_client */;
/*!50503 SET character_set_client = utf8mb4 */;
CREATE TABLE `post_categories` (
  `category_id` bigint unsigned NOT NULL,
  `post_id` bigint unsigned NOT NULL,
  KEY `post_categories_category_id_index` (`category_id`),
  KEY `post_categories_post_id_index` (`post_id`)
) ENGINE=InnoDB DEFAULT CHARSET=utf8mb4 COLLATE=utf8mb4_unicode_ci;
/*!40101 SET character_set_client = @saved_cs_client */;

--
-- Dumping data for table `post_categories`
--

LOCK TABLES `post_categories` WRITE;
/*!40000 ALTER TABLE `post_categories` DISABLE KEYS */;
INSERT INTO `post_categories` VALUES (5,1),(8,1),(2,2),(1,2),(5,3),(3,3),(2,4),(5,4),(7,5),(5,5),(6,6),(8,6),(1,7),(7,7),(4,8),(5,8),(5,9),(3,9),(5,10),(3,10),(6,11),(2,11),(8,12),(6,12),(5,13),(8,13),(8,14),(8,15),(3,16),(5,16),(8,17),(4,17),(1,18),(7,18),(1,19),(8,19),(7,20),(8,20);
/*!40000 ALTER TABLE `post_categories` ENABLE KEYS */;
UNLOCK TABLES;

--
-- Table structure for table `post_tags`
--

DROP TABLE IF EXISTS `post_tags`;
/*!40101 SET @saved_cs_client     = @@character_set_client */;
/*!50503 SET character_set_client = utf8mb4 */;
CREATE TABLE `post_tags` (
  `tag_id` bigint unsigned NOT NULL,
  `post_id` bigint unsigned NOT NULL,
  KEY `post_tags_tag_id_index` (`tag_id`),
  KEY `post_tags_post_id_index` (`post_id`)
) ENGINE=InnoDB DEFAULT CHARSET=utf8mb4 COLLATE=utf8mb4_unicode_ci;
/*!40101 SET character_set_client = @saved_cs_client */;

--
-- Dumping data for table `post_tags`
--

LOCK TABLES `post_tags` WRITE;
/*!40000 ALTER TABLE `post_tags` DISABLE KEYS */;
INSERT INTO `post_tags` VALUES (8,1),(5,1),(3,1),(3,2),(7,2),(5,3),(1,3),(2,4),(5,4),(1,5),(2,5),(3,5),(7,6),(4,6),(8,7),(2,7),(6,8),(7,8),(8,9),(5,9),(6,10),(5,10),(7,10),(4,11),(8,11),(5,12),(4,12),(8,12),(5,13),(2,13),(1,13),(5,14),(2,14),(7,14),(2,15),(3,15),(8,16),(5,16),(3,17),(5,17),(1,17),(7,18),(1,18),(1,19),(6,19),(1,20),(5,20),(8,20);
/*!40000 ALTER TABLE `post_tags` ENABLE KEYS */;
UNLOCK TABLES;

--
-- Table structure for table `posts`
--

DROP TABLE IF EXISTS `posts`;
/*!40101 SET @saved_cs_client     = @@character_set_client */;
/*!50503 SET character_set_client = utf8mb4 */;
CREATE TABLE `posts` (
  `id` bigint unsigned NOT NULL AUTO_INCREMENT,
  `name` varchar(191) COLLATE utf8mb4_unicode_ci NOT NULL,
  `description` varchar(400) COLLATE utf8mb4_unicode_ci DEFAULT NULL,
  `content` longtext COLLATE utf8mb4_unicode_ci,
  `status` varchar(60) COLLATE utf8mb4_unicode_ci NOT NULL DEFAULT 'published',
  `author_id` bigint unsigned DEFAULT NULL,
  `author_type` varchar(191) COLLATE utf8mb4_unicode_ci NOT NULL DEFAULT 'Botble\\ACL\\Models\\User',
  `is_featured` tinyint unsigned NOT NULL DEFAULT '0',
  `image` varchar(191) COLLATE utf8mb4_unicode_ci DEFAULT NULL,
  `views` int unsigned NOT NULL DEFAULT '0',
  `format_type` varchar(30) COLLATE utf8mb4_unicode_ci DEFAULT NULL,
  `created_at` timestamp NULL DEFAULT NULL,
  `updated_at` timestamp NULL DEFAULT NULL,
  PRIMARY KEY (`id`),
  KEY `posts_status_index` (`status`),
  KEY `posts_author_id_index` (`author_id`),
  KEY `posts_author_type_index` (`author_type`),
  KEY `posts_created_at_index` (`created_at`)
) ENGINE=InnoDB AUTO_INCREMENT=21 DEFAULT CHARSET=utf8mb4 COLLATE=utf8mb4_unicode_ci;
/*!40101 SET character_set_client = @saved_cs_client */;

--
-- Dumping data for table `posts`
--

LOCK TABLES `posts` WRITE;
/*!40000 ALTER TABLE `posts` DISABLE KEYS */;
INSERT INTO `posts` VALUES (1,'Top Designers Showcase Avant-Garde Collection at Fashion Week','Leading fashion designers present their cutting-edge and avant-garde collections, setting the stage for upcoming fashion trends and inspiring style enthusiasts.','<p>Our mission is to assist you in achieving better financial shape, not just for today, but for the long term. We believe that financial security and freedom are within reach for everyone, and were dedicated to providing the guidance and support you need to get there.</p><div>[content-quote author=\"Celine Dion\" quote=\"Life Imposes Things On You That You Cant Control, But You Still Have The Choice Of How Youre Going To Live Through This.\"][/content-quote]</div><div>[content-image number_of_columns=\"col-2\" quantity=\"2\" image_1=\"main/news/6.jpg\" image_2=\"main/news/2.jpg\"][/content-image]</div><h3>Better financial shape</h3><p>Our comprehensive range of financial services and expert guidance are designed to empower individuals, families, and businesses to make informed financial decisions. Whether youre looking to manage debt, build savings, invest wisely, or plan for retirement, our team of seasoned financial professionals is committed to helping you reach your goals. We offer personalized financial assessments, tailored strategies, and cutting-edge tools to maximize your financial well-being. By partnering with us, you gain access to a wealth of knowledge and resources that can transform your financial future.</p><div>[content-listing-style style=\"style-1\" quantity=\"6\" item_1=\"Diverse Solutions Guidance.\" item_2=\"Professionals Assisting You.\" item_3=\"Tailored Strategies for Success.\" item_4=\"Informed Decisions with Technology.\" item_5=\"Health Assessments Provided.\" item_6=\"Strategies for Building Prosperity.\"][/content-listing-style]</div><p>Achieving financial stability and prosperity is a shared goal we all aspire to. At Echo, we understand the significance of being in better financial shape, and we are here to guide you on your journey.</p><br> </br><br> </br>','published',8,'Botble\\Member\\Models\\Member',1,'fashion/news/1.jpg',140,NULL,'2024-08-09 11:04:23','2024-08-09 11:04:23'),(2,'Inclusive Fashion Show Celebrates Diversity on the Runway','A groundbreaking fashion show promotes inclusivity and diversity, featuring models of all shapes, sizes, and backgrounds, challenging industry standards.','<p>The title conveys a sense of confidence that the economy will weather the banking crisis without suffering severe damage. The term \"banking crisis\" likely refers to a situation where financial institutions face significant challenges, such as insolvency, liquidity problems, or other issues that could affect the stability of the financial sector.</p><div>[content-quote style=\"style-2\" quote=\"Life Imposes Things On You That You Cant Control, But You Still Have The Choice Of How Youre Going To Live Through This\" author=\"Celine Dion\" description=\"Acknowledgment of Lifes Challenges: The quote recognizes that life can be unpredictable and present challenges, obstacles, and hardships that are beyond an individuals control. It emphasizes that adversity is a natural part of the human experience.\" top_left_image=\"main/general/blog-shape-image.png\"][/content-quote]</div><h3>I love how relaxed and flowy this dress is and that it has really delicate</h3><p>Indulge in the epitome of comfort and style with our \"Relaxed and Flowy\" dress, a masterpiece of delicate design and effortless elegance. This dress offers the perfect blend of comfort and sophistication, allowing you to move gracefully through any occasion. Crafted with meticulous attention to detail, its delicate fabric and relaxed silhouette make it a wardrobe essential for those who appreciate both style and comfort. Whether youre strolling through a garden party or enjoying a serene evening out, this dress will be your trusted companion. Discover the beauty of ease and elegance with this exquisite garment.</p><br> </br><div>[content-image number_of_columns=\"col-2\" quantity=\"2\" image_1=\"main/news/3.jpg\" image_2=\"main/news/7.jpg\"][/content-image]</div><div>[content-capitalize text=\"Step into the world of tranquility and charm with our Relaxed and Flowy dress. Its effortless design is a testament to the beauty of simplicity. The gentle, delicate fabric cascades with every movement, creating a mesmerizing dance of fabric and form. This dress embraces you in a feeling of relaxation and freedom, making it perfect for those serene, carefree moments you cherish\"][/content-capitalize]</div><div>[content-capitalize blog_content=\"This dress has a captivating allure with its relaxed and flowy silhouette that exudes a sense of effortlessness. What truly sets it apart are the exquisite, delicate details that adorn the fabric. The dress strikes a harmonious balance between comfort and sophistication, making it a perfect choice for those who value both the ease of relaxed attire and the subtle, intricate beauty that these delicate features bring to the overall design.\"][/content-capitalize]</div><p>It encourages taking personal responsibility for ones responses to lifes trials. Even when faced with difficult circumstances, individuals have the autonomy to choose their emotional and behavioral reactions.</p><br> </br><p>The subtle details and the relaxed fit come together to create an ensemble that effortlessly combines fashion and comfort. Whether youre attending a summer soire or savoring a quiet day by the beach, this dress will be your go-to choice for a look that is both relaxed and elegantly delicate. Elevate your style with this captivating dress that celebrates the beauty of flowy, effortless fashion.\"</p><br> </br><br> </br>','published',4,'Botble\\Member\\Models\\Member',1,'fashion/news/2.jpg',1429,NULL,'2024-08-09 11:04:23','2024-08-09 11:04:23'),(3,'Sustainable Fashion Brands Gain Momentum in the Industry','The fashion industry witnesses a surge in sustainable practices as eco-friendly and ethically sourced fashion brands gain popularity among environmentally conscious consumers.','<p>Introducing the Asus ROG Ally, your ultimate gaming companion that wont compromise your budget. Packed with the high-performance AMD Z1 processor, this gaming laptop redefines whats possible in the sub-$600 price range. Whether youre a casual gamer or a hardcore enthusiast, the Asus ROG Ally has you covered with its impressive hardware and affordability.</p><h3>Data Center Loading & Security</h3><p>The Asus ROG Ally: Unleash Gaming Power on a Budget! Starting at just $600, this gaming marvel is powered by the formidable AMD Z1 processor. Get ready for an immersive gaming experience that wont break the bank, as the Asus ROG Ally combines affordability with cutting-edge technology to ensure you conquer virtual worlds like a true champion.</p><h3>Advance Features</h3><div>[content-listing-style number_of_columns=\"col-2\" quantity=\"6\" item_1=\"Affordable Gaming Power\" item_2=\"AMD Z1 Processor\" item_3=\"Stylish Design\" item_4=\"High-Refresh-Rate Display\" item_5=\"Expandable Storage and Memory\" item_6=\"Gaming Excellence on a Budget\"][/content-listing-style]</div><p>The Asus ROG Ally also offers ample storage and memory options to keep all your games and files within easy reach. You can expand and customize it to meet your specific needs, ensuring youre always prepared for the latest gaming challenges.</p><br> </br><div>[content-image number_of_columns=\"col-2\" quantity=\"2\" image_1=\"main/general/blog-4.png\" image_2=\"main/general/blog-3.png\"][/content-image]</div><div>[content-image number_of_columns=\"col-1\" quantity=\"1\" image_1=\"main/general/blog-5.png\"][/content-image]</div><h3>Features & configurations</h3><div>[content-listing-style number_of_columns=\"col-1\" quantity=\"6\" item_1=\"350-mile range (the bar is 300 miles)\" item_2=\"Your smartphone can be your key to the vehicle\" item_3=\"Reverse charging, so your car can power your house during a power outage\" item_4=\"An impressive 0-60 time of around 3.6 seconds (I like performance)\" item_5=\"A solar panel roof to increase range and supply emergency power\" item_6=\"Convertible-like mode (which really opens the car up)\"][/content-listing-style]</div><p>Asus ROG Ally is your ticket to affordable gaming excellence. With a starting price of just $600, its a game-changer that will take your gaming adventures to the next level. Whether youre a student, a professional, or just someone looking for a fantastic gaming experience without breaking the bank, the Asus ROG Ally with AMD Z1 is your ideal companion. Grab yours now and prepare to dominate the gaming world!</p><br> </br>','published',6,'Botble\\Member\\Models\\Member',1,'fashion/news/3.jpg',2115,NULL,'2024-08-09 11:04:23','2024-08-09 11:04:23'),(4,'Iconic Fashion House Launches Limited Edition Capsule Collection','A renowned fashion house unveils a limited edition capsule collection, combining timeless elegance with contemporary style, creating a buzz among fashion aficionados.','<p>Our mission is to assist you in achieving better financial shape, not just for today, but for the long term. We believe that financial security and freedom are within reach for everyone, and were dedicated to providing the guidance and support you need to get there.</p><div>[content-quote author=\"Celine Dion\" quote=\"Life Imposes Things On You That You Cant Control, But You Still Have The Choice Of How Youre Going To Live Through This.\"][/content-quote]</div><div>[content-image number_of_columns=\"col-2\" quantity=\"2\" image_1=\"main/news/6.jpg\" image_2=\"main/news/2.jpg\"][/content-image]</div><h3>Better financial shape</h3><p>Our comprehensive range of financial services and expert guidance are designed to empower individuals, families, and businesses to make informed financial decisions. Whether youre looking to manage debt, build savings, invest wisely, or plan for retirement, our team of seasoned financial professionals is committed to helping you reach your goals. We offer personalized financial assessments, tailored strategies, and cutting-edge tools to maximize your financial well-being. By partnering with us, you gain access to a wealth of knowledge and resources that can transform your financial future.</p><div>[content-listing-style style=\"style-1\" quantity=\"6\" item_1=\"Diverse Solutions Guidance.\" item_2=\"Professionals Assisting You.\" item_3=\"Tailored Strategies for Success.\" item_4=\"Informed Decisions with Technology.\" item_5=\"Health Assessments Provided.\" item_6=\"Strategies for Building Prosperity.\"][/content-listing-style]</div><p>Achieving financial stability and prosperity is a shared goal we all aspire to. At Echo, we understand the significance of being in better financial shape, and we are here to guide you on your journey.</p><br> </br><br> </br>','published',7,'Botble\\Member\\Models\\Member',1,'fashion/news/4.jpg',1217,NULL,'2024-08-09 11:04:23','2024-08-09 11:04:23'),(5,'Fashion Tech: Wearable Technology Redefines Style','The intersection of fashion and technology takes center stage as innovative wearable tech products and smart fabrics redefine the way individuals express their personal style.','<p>Introducing the Asus ROG Ally, your ultimate gaming companion that wont compromise your budget. Packed with the high-performance AMD Z1 processor, this gaming laptop redefines whats possible in the sub-$600 price range. Whether youre a casual gamer or a hardcore enthusiast, the Asus ROG Ally has you covered with its impressive hardware and affordability.</p><h3>Data Center Loading & Security</h3><p>The Asus ROG Ally: Unleash Gaming Power on a Budget! Starting at just $600, this gaming marvel is powered by the formidable AMD Z1 processor. Get ready for an immersive gaming experience that wont break the bank, as the Asus ROG Ally combines affordability with cutting-edge technology to ensure you conquer virtual worlds like a true champion.</p><h3>Advance Features</h3><div>[content-listing-style number_of_columns=\"col-2\" quantity=\"6\" item_1=\"Affordable Gaming Power\" item_2=\"AMD Z1 Processor\" item_3=\"Stylish Design\" item_4=\"High-Refresh-Rate Display\" item_5=\"Expandable Storage and Memory\" item_6=\"Gaming Excellence on a Budget\"][/content-listing-style]</div><p>The Asus ROG Ally also offers ample storage and memory options to keep all your games and files within easy reach. You can expand and customize it to meet your specific needs, ensuring youre always prepared for the latest gaming challenges.</p><br> </br><div>[content-image number_of_columns=\"col-2\" quantity=\"2\" image_1=\"main/general/blog-4.png\" image_2=\"main/general/blog-3.png\"][/content-image]</div><div>[content-image number_of_columns=\"col-1\" quantity=\"1\" image_1=\"main/general/blog-5.png\"][/content-image]</div><h3>Features & configurations</h3><div>[content-listing-style number_of_columns=\"col-1\" quantity=\"6\" item_1=\"350-mile range (the bar is 300 miles)\" item_2=\"Your smartphone can be your key to the vehicle\" item_3=\"Reverse charging, so your car can power your house during a power outage\" item_4=\"An impressive 0-60 time of around 3.6 seconds (I like performance)\" item_5=\"A solar panel roof to increase range and supply emergency power\" item_6=\"Convertible-like mode (which really opens the car up)\"][/content-listing-style]</div><p>Asus ROG Ally is your ticket to affordable gaming excellence. With a starting price of just $600, its a game-changer that will take your gaming adventures to the next level. Whether youre a student, a professional, or just someone looking for a fantastic gaming experience without breaking the bank, the Asus ROG Ally with AMD Z1 is your ideal companion. Grab yours now and prepare to dominate the gaming world!</p><br> </br>','published',7,'Botble\\Member\\Models\\Member',1,'fashion/news/5.jpg',242,NULL,'2024-08-09 11:04:23','2024-08-09 11:04:23'),(6,'Fashion Influencers Collaborate with High-End Brands for Exclusive Line','Social media fashion influencers team up with prestigious brands to create an exclusive and trendsetting clothing line, reflecting the influence of digital fashion culture.','<p>The title conveys a sense of confidence that the economy will weather the banking crisis without suffering severe damage. The term \"banking crisis\" likely refers to a situation where financial institutions face significant challenges, such as insolvency, liquidity problems, or other issues that could affect the stability of the financial sector.</p><div>[content-quote style=\"style-2\" quote=\"Life Imposes Things On You That You Cant Control, But You Still Have The Choice Of How Youre Going To Live Through This\" author=\"Celine Dion\" description=\"Acknowledgment of Lifes Challenges: The quote recognizes that life can be unpredictable and present challenges, obstacles, and hardships that are beyond an individuals control. It emphasizes that adversity is a natural part of the human experience.\" top_left_image=\"main/general/blog-shape-image.png\"][/content-quote]</div><h3>I love how relaxed and flowy this dress is and that it has really delicate</h3><p>Indulge in the epitome of comfort and style with our \"Relaxed and Flowy\" dress, a masterpiece of delicate design and effortless elegance. This dress offers the perfect blend of comfort and sophistication, allowing you to move gracefully through any occasion. Crafted with meticulous attention to detail, its delicate fabric and relaxed silhouette make it a wardrobe essential for those who appreciate both style and comfort. Whether youre strolling through a garden party or enjoying a serene evening out, this dress will be your trusted companion. Discover the beauty of ease and elegance with this exquisite garment.</p><br> </br><div>[content-image number_of_columns=\"col-2\" quantity=\"2\" image_1=\"main/news/3.jpg\" image_2=\"main/news/7.jpg\"][/content-image]</div><div>[content-capitalize text=\"Step into the world of tranquility and charm with our Relaxed and Flowy dress. Its effortless design is a testament to the beauty of simplicity. The gentle, delicate fabric cascades with every movement, creating a mesmerizing dance of fabric and form. This dress embraces you in a feeling of relaxation and freedom, making it perfect for those serene, carefree moments you cherish\"][/content-capitalize]</div><div>[content-capitalize blog_content=\"This dress has a captivating allure with its relaxed and flowy silhouette that exudes a sense of effortlessness. What truly sets it apart are the exquisite, delicate details that adorn the fabric. The dress strikes a harmonious balance between comfort and sophistication, making it a perfect choice for those who value both the ease of relaxed attire and the subtle, intricate beauty that these delicate features bring to the overall design.\"][/content-capitalize]</div><p>It encourages taking personal responsibility for ones responses to lifes trials. Even when faced with difficult circumstances, individuals have the autonomy to choose their emotional and behavioral reactions.</p><br> </br><p>The subtle details and the relaxed fit come together to create an ensemble that effortlessly combines fashion and comfort. Whether youre attending a summer soire or savoring a quiet day by the beach, this dress will be your go-to choice for a look that is both relaxed and elegantly delicate. Elevate your style with this captivating dress that celebrates the beauty of flowy, effortless fashion.\"</p><br> </br><br> </br>','published',7,'Botble\\Member\\Models\\Member',1,'fashion/news/6.jpg',2322,NULL,'2024-08-09 11:04:23','2024-08-09 11:04:23'),(7,'Retro Revival: Vintage Fashion Makes a Comeback','Nostalgia takes over the fashion scene as vintage styles and retro aesthetics make a comeback, influencing contemporary fashion trends and inspiring a sense of nostalgia.','<p>Introducing the Asus ROG Ally, your ultimate gaming companion that wont compromise your budget. Packed with the high-performance AMD Z1 processor, this gaming laptop redefines whats possible in the sub-$600 price range. Whether youre a casual gamer or a hardcore enthusiast, the Asus ROG Ally has you covered with its impressive hardware and affordability.</p><h3>Data Center Loading & Security</h3><p>The Asus ROG Ally: Unleash Gaming Power on a Budget! Starting at just $600, this gaming marvel is powered by the formidable AMD Z1 processor. Get ready for an immersive gaming experience that wont break the bank, as the Asus ROG Ally combines affordability with cutting-edge technology to ensure you conquer virtual worlds like a true champion.</p><h3>Advance Features</h3><div>[content-listing-style number_of_columns=\"col-2\" quantity=\"6\" item_1=\"Affordable Gaming Power\" item_2=\"AMD Z1 Processor\" item_3=\"Stylish Design\" item_4=\"High-Refresh-Rate Display\" item_5=\"Expandable Storage and Memory\" item_6=\"Gaming Excellence on a Budget\"][/content-listing-style]</div><p>The Asus ROG Ally also offers ample storage and memory options to keep all your games and files within easy reach. You can expand and customize it to meet your specific needs, ensuring youre always prepared for the latest gaming challenges.</p><br> </br><div>[content-image number_of_columns=\"col-2\" quantity=\"2\" image_1=\"main/general/blog-4.png\" image_2=\"main/general/blog-3.png\"][/content-image]</div><div>[content-image number_of_columns=\"col-1\" quantity=\"1\" image_1=\"main/general/blog-5.png\"][/content-image]</div><h3>Features & configurations</h3><div>[content-listing-style number_of_columns=\"col-1\" quantity=\"6\" item_1=\"350-mile range (the bar is 300 miles)\" item_2=\"Your smartphone can be your key to the vehicle\" item_3=\"Reverse charging, so your car can power your house during a power outage\" item_4=\"An impressive 0-60 time of around 3.6 seconds (I like performance)\" item_5=\"A solar panel roof to increase range and supply emergency power\" item_6=\"Convertible-like mode (which really opens the car up)\"][/content-listing-style]</div><p>Asus ROG Ally is your ticket to affordable gaming excellence. With a starting price of just $600, its a game-changer that will take your gaming adventures to the next level. Whether youre a student, a professional, or just someone looking for a fantastic gaming experience without breaking the bank, the Asus ROG Ally with AMD Z1 is your ideal companion. Grab yours now and prepare to dominate the gaming world!</p><br> </br>','published',5,'Botble\\Member\\Models\\Member',1,'fashion/news/7.jpg',760,NULL,'2024-08-09 11:04:23','2024-08-09 11:04:23'),(8,'Fashion Capitals Host Star-Studded Gala Celebrating Couture','The world\'s fashion capitals host a glamorous gala celebrating haute couture, attracting celebrities, designers, and fashion enthusiasts from around the globe.','<p>Introducing the Asus ROG Ally, your ultimate gaming companion that wont compromise your budget. Packed with the high-performance AMD Z1 processor, this gaming laptop redefines whats possible in the sub-$600 price range. Whether youre a casual gamer or a hardcore enthusiast, the Asus ROG Ally has you covered with its impressive hardware and affordability.</p><h3>Data Center Loading & Security</h3><p>The Asus ROG Ally: Unleash Gaming Power on a Budget! Starting at just $600, this gaming marvel is powered by the formidable AMD Z1 processor. Get ready for an immersive gaming experience that wont break the bank, as the Asus ROG Ally combines affordability with cutting-edge technology to ensure you conquer virtual worlds like a true champion.</p><h3>Advance Features</h3><div>[content-listing-style number_of_columns=\"col-2\" quantity=\"6\" item_1=\"Affordable Gaming Power\" item_2=\"AMD Z1 Processor\" item_3=\"Stylish Design\" item_4=\"High-Refresh-Rate Display\" item_5=\"Expandable Storage and Memory\" item_6=\"Gaming Excellence on a Budget\"][/content-listing-style]</div><p>The Asus ROG Ally also offers ample storage and memory options to keep all your games and files within easy reach. You can expand and customize it to meet your specific needs, ensuring youre always prepared for the latest gaming challenges.</p><br> </br><div>[content-image number_of_columns=\"col-2\" quantity=\"2\" image_1=\"main/general/blog-4.png\" image_2=\"main/general/blog-3.png\"][/content-image]</div><div>[content-image number_of_columns=\"col-1\" quantity=\"1\" image_1=\"main/general/blog-5.png\"][/content-image]</div><h3>Features & configurations</h3><div>[content-listing-style number_of_columns=\"col-1\" quantity=\"6\" item_1=\"350-mile range (the bar is 300 miles)\" item_2=\"Your smartphone can be your key to the vehicle\" item_3=\"Reverse charging, so your car can power your house during a power outage\" item_4=\"An impressive 0-60 time of around 3.6 seconds (I like performance)\" item_5=\"A solar panel roof to increase range and supply emergency power\" item_6=\"Convertible-like mode (which really opens the car up)\"][/content-listing-style]</div><p>Asus ROG Ally is your ticket to affordable gaming excellence. With a starting price of just $600, its a game-changer that will take your gaming adventures to the next level. Whether youre a student, a professional, or just someone looking for a fantastic gaming experience without breaking the bank, the Asus ROG Ally with AMD Z1 is your ideal companion. Grab yours now and prepare to dominate the gaming world!</p><br> </br>','published',8,'Botble\\Member\\Models\\Member',1,'fashion/news/8.jpg',419,NULL,'2024-08-09 11:04:23','2024-08-09 11:04:23'),(9,'Luxury Fashion Brand Unveils Exquisite Diamond-Studded Collection','A renowned luxury fashion brand introduces an opulent collection featuring exquisite diamond-studded garments, merging high fashion with unparalleled craftsmanship.','<p>The title conveys a sense of confidence that the economy will weather the banking crisis without suffering severe damage. The term \"banking crisis\" likely refers to a situation where financial institutions face significant challenges, such as insolvency, liquidity problems, or other issues that could affect the stability of the financial sector.</p><div>[content-quote style=\"style-2\" quote=\"Life Imposes Things On You That You Cant Control, But You Still Have The Choice Of How Youre Going To Live Through This\" author=\"Celine Dion\" description=\"Acknowledgment of Lifes Challenges: The quote recognizes that life can be unpredictable and present challenges, obstacles, and hardships that are beyond an individuals control. It emphasizes that adversity is a natural part of the human experience.\" top_left_image=\"main/general/blog-shape-image.png\"][/content-quote]</div><h3>I love how relaxed and flowy this dress is and that it has really delicate</h3><p>Indulge in the epitome of comfort and style with our \"Relaxed and Flowy\" dress, a masterpiece of delicate design and effortless elegance. This dress offers the perfect blend of comfort and sophistication, allowing you to move gracefully through any occasion. Crafted with meticulous attention to detail, its delicate fabric and relaxed silhouette make it a wardrobe essential for those who appreciate both style and comfort. Whether youre strolling through a garden party or enjoying a serene evening out, this dress will be your trusted companion. Discover the beauty of ease and elegance with this exquisite garment.</p><br> </br><div>[content-image number_of_columns=\"col-2\" quantity=\"2\" image_1=\"main/news/3.jpg\" image_2=\"main/news/7.jpg\"][/content-image]</div><div>[content-capitalize text=\"Step into the world of tranquility and charm with our Relaxed and Flowy dress. Its effortless design is a testament to the beauty of simplicity. The gentle, delicate fabric cascades with every movement, creating a mesmerizing dance of fabric and form. This dress embraces you in a feeling of relaxation and freedom, making it perfect for those serene, carefree moments you cherish\"][/content-capitalize]</div><div>[content-capitalize blog_content=\"This dress has a captivating allure with its relaxed and flowy silhouette that exudes a sense of effortlessness. What truly sets it apart are the exquisite, delicate details that adorn the fabric. The dress strikes a harmonious balance between comfort and sophistication, making it a perfect choice for those who value both the ease of relaxed attire and the subtle, intricate beauty that these delicate features bring to the overall design.\"][/content-capitalize]</div><p>It encourages taking personal responsibility for ones responses to lifes trials. Even when faced with difficult circumstances, individuals have the autonomy to choose their emotional and behavioral reactions.</p><br> </br><p>The subtle details and the relaxed fit come together to create an ensemble that effortlessly combines fashion and comfort. Whether youre attending a summer soire or savoring a quiet day by the beach, this dress will be your go-to choice for a look that is both relaxed and elegantly delicate. Elevate your style with this captivating dress that celebrates the beauty of flowy, effortless fashion.\"</p><br> </br><br> </br>','published',7,'Botble\\Member\\Models\\Member',1,'fashion/news/9.jpg',2086,NULL,'2024-08-09 11:04:23','2024-08-09 11:04:23'),(10,'Streetwear Dominates Fashion Scene with Urban Cool Vibes','Streetwear continues to influence mainstream fashion with its urban cool vibes, blending comfort and style in a trend that resonates with a diverse and youthful audience.','<p>Our mission is to assist you in achieving better financial shape, not just for today, but for the long term. We believe that financial security and freedom are within reach for everyone, and were dedicated to providing the guidance and support you need to get there.</p><div>[content-quote author=\"Celine Dion\" quote=\"Life Imposes Things On You That You Cant Control, But You Still Have The Choice Of How Youre Going To Live Through This.\"][/content-quote]</div><div>[content-image number_of_columns=\"col-2\" quantity=\"2\" image_1=\"main/news/6.jpg\" image_2=\"main/news/2.jpg\"][/content-image]</div><h3>Better financial shape</h3><p>Our comprehensive range of financial services and expert guidance are designed to empower individuals, families, and businesses to make informed financial decisions. Whether youre looking to manage debt, build savings, invest wisely, or plan for retirement, our team of seasoned financial professionals is committed to helping you reach your goals. We offer personalized financial assessments, tailored strategies, and cutting-edge tools to maximize your financial well-being. By partnering with us, you gain access to a wealth of knowledge and resources that can transform your financial future.</p><div>[content-listing-style style=\"style-1\" quantity=\"6\" item_1=\"Diverse Solutions Guidance.\" item_2=\"Professionals Assisting You.\" item_3=\"Tailored Strategies for Success.\" item_4=\"Informed Decisions with Technology.\" item_5=\"Health Assessments Provided.\" item_6=\"Strategies for Building Prosperity.\"][/content-listing-style]</div><p>Achieving financial stability and prosperity is a shared goal we all aspire to. At Echo, we understand the significance of being in better financial shape, and we are here to guide you on your journey.</p><br> </br><br> </br>','published',3,'Botble\\Member\\Models\\Member',1,'fashion/news/10.jpg',824,NULL,'2024-08-09 11:04:23','2024-08-09 11:04:23'),(11,'Fashion Forward: Gender-Fluid Designs Challenge Traditional Norms','Designers push the boundaries of gender norms with gender-fluid fashion designs that challenge traditional stereotypes, promoting inclusivity and self-expression.','<p>Introducing the Asus ROG Ally, your ultimate gaming companion that wont compromise your budget. Packed with the high-performance AMD Z1 processor, this gaming laptop redefines whats possible in the sub-$600 price range. Whether youre a casual gamer or a hardcore enthusiast, the Asus ROG Ally has you covered with its impressive hardware and affordability.</p><h3>Data Center Loading & Security</h3><p>The Asus ROG Ally: Unleash Gaming Power on a Budget! Starting at just $600, this gaming marvel is powered by the formidable AMD Z1 processor. Get ready for an immersive gaming experience that wont break the bank, as the Asus ROG Ally combines affordability with cutting-edge technology to ensure you conquer virtual worlds like a true champion.</p><h3>Advance Features</h3><div>[content-listing-style number_of_columns=\"col-2\" quantity=\"6\" item_1=\"Affordable Gaming Power\" item_2=\"AMD Z1 Processor\" item_3=\"Stylish Design\" item_4=\"High-Refresh-Rate Display\" item_5=\"Expandable Storage and Memory\" item_6=\"Gaming Excellence on a Budget\"][/content-listing-style]</div><p>The Asus ROG Ally also offers ample storage and memory options to keep all your games and files within easy reach. You can expand and customize it to meet your specific needs, ensuring youre always prepared for the latest gaming challenges.</p><br> </br><div>[content-image number_of_columns=\"col-2\" quantity=\"2\" image_1=\"main/general/blog-4.png\" image_2=\"main/general/blog-3.png\"][/content-image]</div><div>[content-image number_of_columns=\"col-1\" quantity=\"1\" image_1=\"main/general/blog-5.png\"][/content-image]</div><h3>Features & configurations</h3><div>[content-listing-style number_of_columns=\"col-1\" quantity=\"6\" item_1=\"350-mile range (the bar is 300 miles)\" item_2=\"Your smartphone can be your key to the vehicle\" item_3=\"Reverse charging, so your car can power your house during a power outage\" item_4=\"An impressive 0-60 time of around 3.6 seconds (I like performance)\" item_5=\"A solar panel roof to increase range and supply emergency power\" item_6=\"Convertible-like mode (which really opens the car up)\"][/content-listing-style]</div><p>Asus ROG Ally is your ticket to affordable gaming excellence. With a starting price of just $600, its a game-changer that will take your gaming adventures to the next level. Whether youre a student, a professional, or just someone looking for a fantastic gaming experience without breaking the bank, the Asus ROG Ally with AMD Z1 is your ideal companion. Grab yours now and prepare to dominate the gaming world!</p><br> </br>','published',8,'Botble\\Member\\Models\\Member',0,'fashion/news/11.jpg',192,NULL,'2024-08-09 11:04:23','2024-08-09 11:04:23'),(12,'Fashion Week Features Sustainable and Vegan-Friendly Collections','Fashion Week showcases a wave of sustainable and vegan-friendly collections, reflecting the industry\'s commitment to ethical practices and environmental responsibility.','<p>Our mission is to assist you in achieving better financial shape, not just for today, but for the long term. We believe that financial security and freedom are within reach for everyone, and were dedicated to providing the guidance and support you need to get there.</p><div>[content-quote author=\"Celine Dion\" quote=\"Life Imposes Things On You That You Cant Control, But You Still Have The Choice Of How Youre Going To Live Through This.\"][/content-quote]</div><div>[content-image number_of_columns=\"col-2\" quantity=\"2\" image_1=\"main/news/6.jpg\" image_2=\"main/news/2.jpg\"][/content-image]</div><h3>Better financial shape</h3><p>Our comprehensive range of financial services and expert guidance are designed to empower individuals, families, and businesses to make informed financial decisions. Whether youre looking to manage debt, build savings, invest wisely, or plan for retirement, our team of seasoned financial professionals is committed to helping you reach your goals. We offer personalized financial assessments, tailored strategies, and cutting-edge tools to maximize your financial well-being. By partnering with us, you gain access to a wealth of knowledge and resources that can transform your financial future.</p><div>[content-listing-style style=\"style-1\" quantity=\"6\" item_1=\"Diverse Solutions Guidance.\" item_2=\"Professionals Assisting You.\" item_3=\"Tailored Strategies for Success.\" item_4=\"Informed Decisions with Technology.\" item_5=\"Health Assessments Provided.\" item_6=\"Strategies for Building Prosperity.\"][/content-listing-style]</div><p>Achieving financial stability and prosperity is a shared goal we all aspire to. At Echo, we understand the significance of being in better financial shape, and we are here to guide you on your journey.</p><br> </br><br> </br>','published',8,'Botble\\Member\\Models\\Member',0,'fashion/news/12.jpg',582,NULL,'2024-08-09 11:04:23','2024-08-09 11:04:23'),(13,'Emerging Designers Spotlighted in Fashion Industry Awards','Talented emerging designers receive recognition and accolades in prestigious fashion industry awards, propelling them into the spotlight and shaping the future of fashion.','<p>The title conveys a sense of confidence that the economy will weather the banking crisis without suffering severe damage. The term \"banking crisis\" likely refers to a situation where financial institutions face significant challenges, such as insolvency, liquidity problems, or other issues that could affect the stability of the financial sector.</p><div>[content-quote style=\"style-2\" quote=\"Life Imposes Things On You That You Cant Control, But You Still Have The Choice Of How Youre Going To Live Through This\" author=\"Celine Dion\" description=\"Acknowledgment of Lifes Challenges: The quote recognizes that life can be unpredictable and present challenges, obstacles, and hardships that are beyond an individuals control. It emphasizes that adversity is a natural part of the human experience.\" top_left_image=\"main/general/blog-shape-image.png\"][/content-quote]</div><h3>I love how relaxed and flowy this dress is and that it has really delicate</h3><p>Indulge in the epitome of comfort and style with our \"Relaxed and Flowy\" dress, a masterpiece of delicate design and effortless elegance. This dress offers the perfect blend of comfort and sophistication, allowing you to move gracefully through any occasion. Crafted with meticulous attention to detail, its delicate fabric and relaxed silhouette make it a wardrobe essential for those who appreciate both style and comfort. Whether youre strolling through a garden party or enjoying a serene evening out, this dress will be your trusted companion. Discover the beauty of ease and elegance with this exquisite garment.</p><br> </br><div>[content-image number_of_columns=\"col-2\" quantity=\"2\" image_1=\"main/news/3.jpg\" image_2=\"main/news/7.jpg\"][/content-image]</div><div>[content-capitalize text=\"Step into the world of tranquility and charm with our Relaxed and Flowy dress. Its effortless design is a testament to the beauty of simplicity. The gentle, delicate fabric cascades with every movement, creating a mesmerizing dance of fabric and form. This dress embraces you in a feeling of relaxation and freedom, making it perfect for those serene, carefree moments you cherish\"][/content-capitalize]</div><div>[content-capitalize blog_content=\"This dress has a captivating allure with its relaxed and flowy silhouette that exudes a sense of effortlessness. What truly sets it apart are the exquisite, delicate details that adorn the fabric. The dress strikes a harmonious balance between comfort and sophistication, making it a perfect choice for those who value both the ease of relaxed attire and the subtle, intricate beauty that these delicate features bring to the overall design.\"][/content-capitalize]</div><p>It encourages taking personal responsibility for ones responses to lifes trials. Even when faced with difficult circumstances, individuals have the autonomy to choose their emotional and behavioral reactions.</p><br> </br><p>The subtle details and the relaxed fit come together to create an ensemble that effortlessly combines fashion and comfort. Whether youre attending a summer soire or savoring a quiet day by the beach, this dress will be your go-to choice for a look that is both relaxed and elegantly delicate. Elevate your style with this captivating dress that celebrates the beauty of flowy, effortless fashion.\"</p><br> </br><br> </br>','published',4,'Botble\\Member\\Models\\Member',0,'fashion/news/13.jpg',1720,NULL,'2024-08-09 11:04:23','2024-08-09 11:04:23'),(14,'Cultural Fusion: Fashion Trends Inspired by Global Heritage','Fashion designers draw inspiration from diverse global cultures, creating a fusion of styles that celebrate the richness of heritage and promote cross-cultural appreciation.','<p>The title conveys a sense of confidence that the economy will weather the banking crisis without suffering severe damage. The term \"banking crisis\" likely refers to a situation where financial institutions face significant challenges, such as insolvency, liquidity problems, or other issues that could affect the stability of the financial sector.</p><div>[content-quote style=\"style-2\" quote=\"Life Imposes Things On You That You Cant Control, But You Still Have The Choice Of How Youre Going To Live Through This\" author=\"Celine Dion\" description=\"Acknowledgment of Lifes Challenges: The quote recognizes that life can be unpredictable and present challenges, obstacles, and hardships that are beyond an individuals control. It emphasizes that adversity is a natural part of the human experience.\" top_left_image=\"main/general/blog-shape-image.png\"][/content-quote]</div><h3>I love how relaxed and flowy this dress is and that it has really delicate</h3><p>Indulge in the epitome of comfort and style with our \"Relaxed and Flowy\" dress, a masterpiece of delicate design and effortless elegance. This dress offers the perfect blend of comfort and sophistication, allowing you to move gracefully through any occasion. Crafted with meticulous attention to detail, its delicate fabric and relaxed silhouette make it a wardrobe essential for those who appreciate both style and comfort. Whether youre strolling through a garden party or enjoying a serene evening out, this dress will be your trusted companion. Discover the beauty of ease and elegance with this exquisite garment.</p><br> </br><div>[content-image number_of_columns=\"col-2\" quantity=\"2\" image_1=\"main/news/3.jpg\" image_2=\"main/news/7.jpg\"][/content-image]</div><div>[content-capitalize text=\"Step into the world of tranquility and charm with our Relaxed and Flowy dress. Its effortless design is a testament to the beauty of simplicity. The gentle, delicate fabric cascades with every movement, creating a mesmerizing dance of fabric and form. This dress embraces you in a feeling of relaxation and freedom, making it perfect for those serene, carefree moments you cherish\"][/content-capitalize]</div><div>[content-capitalize blog_content=\"This dress has a captivating allure with its relaxed and flowy silhouette that exudes a sense of effortlessness. What truly sets it apart are the exquisite, delicate details that adorn the fabric. The dress strikes a harmonious balance between comfort and sophistication, making it a perfect choice for those who value both the ease of relaxed attire and the subtle, intricate beauty that these delicate features bring to the overall design.\"][/content-capitalize]</div><p>It encourages taking personal responsibility for ones responses to lifes trials. Even when faced with difficult circumstances, individuals have the autonomy to choose their emotional and behavioral reactions.</p><br> </br><p>The subtle details and the relaxed fit come together to create an ensemble that effortlessly combines fashion and comfort. Whether youre attending a summer soire or savoring a quiet day by the beach, this dress will be your go-to choice for a look that is both relaxed and elegantly delicate. Elevate your style with this captivating dress that celebrates the beauty of flowy, effortless fashion.\"</p><br> </br><br> </br>','published',8,'Botble\\Member\\Models\\Member',0,'fashion/news/14.jpg',537,NULL,'2024-08-09 11:04:23','2024-08-09 11:04:23'),(15,'Fashion Icons Collaborate on Limited Edition Streetwear Collection','Legendary fashion icons join forces to create a limited edition streetwear collection, blending iconic styles with contemporary urban fashion for a unique and collectible line.','<p>Our mission is to assist you in achieving better financial shape, not just for today, but for the long term. We believe that financial security and freedom are within reach for everyone, and were dedicated to providing the guidance and support you need to get there.</p><div>[content-quote author=\"Celine Dion\" quote=\"Life Imposes Things On You That You Cant Control, But You Still Have The Choice Of How Youre Going To Live Through This.\"][/content-quote]</div><div>[content-image number_of_columns=\"col-2\" quantity=\"2\" image_1=\"main/news/6.jpg\" image_2=\"main/news/2.jpg\"][/content-image]</div><h3>Better financial shape</h3><p>Our comprehensive range of financial services and expert guidance are designed to empower individuals, families, and businesses to make informed financial decisions. Whether youre looking to manage debt, build savings, invest wisely, or plan for retirement, our team of seasoned financial professionals is committed to helping you reach your goals. We offer personalized financial assessments, tailored strategies, and cutting-edge tools to maximize your financial well-being. By partnering with us, you gain access to a wealth of knowledge and resources that can transform your financial future.</p><div>[content-listing-style style=\"style-1\" quantity=\"6\" item_1=\"Diverse Solutions Guidance.\" item_2=\"Professionals Assisting You.\" item_3=\"Tailored Strategies for Success.\" item_4=\"Informed Decisions with Technology.\" item_5=\"Health Assessments Provided.\" item_6=\"Strategies for Building Prosperity.\"][/content-listing-style]</div><p>Achieving financial stability and prosperity is a shared goal we all aspire to. At Echo, we understand the significance of being in better financial shape, and we are here to guide you on your journey.</p><br> </br><br> </br>','published',4,'Botble\\Member\\Models\\Member',0,'fashion/news/15.jpg',175,NULL,'2024-08-09 11:04:23','2024-08-09 11:04:23'),(16,'Fashion Psychology: Exploring the Emotional Impact of Clothing Choices','Experts delve into the fascinating world of fashion psychology, exploring how clothing choices can influence emotions, self-perception, and social interactions.','<p>Our mission is to assist you in achieving better financial shape, not just for today, but for the long term. We believe that financial security and freedom are within reach for everyone, and were dedicated to providing the guidance and support you need to get there.</p><div>[content-quote author=\"Celine Dion\" quote=\"Life Imposes Things On You That You Cant Control, But You Still Have The Choice Of How Youre Going To Live Through This.\"][/content-quote]</div><div>[content-image number_of_columns=\"col-2\" quantity=\"2\" image_1=\"main/news/6.jpg\" image_2=\"main/news/2.jpg\"][/content-image]</div><h3>Better financial shape</h3><p>Our comprehensive range of financial services and expert guidance are designed to empower individuals, families, and businesses to make informed financial decisions. Whether youre looking to manage debt, build savings, invest wisely, or plan for retirement, our team of seasoned financial professionals is committed to helping you reach your goals. We offer personalized financial assessments, tailored strategies, and cutting-edge tools to maximize your financial well-being. By partnering with us, you gain access to a wealth of knowledge and resources that can transform your financial future.</p><div>[content-listing-style style=\"style-1\" quantity=\"6\" item_1=\"Diverse Solutions Guidance.\" item_2=\"Professionals Assisting You.\" item_3=\"Tailored Strategies for Success.\" item_4=\"Informed Decisions with Technology.\" item_5=\"Health Assessments Provided.\" item_6=\"Strategies for Building Prosperity.\"][/content-listing-style]</div><p>Achieving financial stability and prosperity is a shared goal we all aspire to. At Echo, we understand the significance of being in better financial shape, and we are here to guide you on your journey.</p><br> </br><br> </br>','published',8,'Botble\\Member\\Models\\Member',0,'fashion/news/16.jpg',1165,NULL,'2024-08-09 11:04:23','2024-08-09 11:04:23'),(17,'Fashion Tech: Augmented Reality Transforms Online Shopping Experience','Augmented reality technology revolutionizes the online shopping experience as fashion brands integrate AR features, allowing customers to virtually try on clothing items before purchase.','<p>Our mission is to assist you in achieving better financial shape, not just for today, but for the long term. We believe that financial security and freedom are within reach for everyone, and were dedicated to providing the guidance and support you need to get there.</p><div>[content-quote author=\"Celine Dion\" quote=\"Life Imposes Things On You That You Cant Control, But You Still Have The Choice Of How Youre Going To Live Through This.\"][/content-quote]</div><div>[content-image number_of_columns=\"col-2\" quantity=\"2\" image_1=\"main/news/6.jpg\" image_2=\"main/news/2.jpg\"][/content-image]</div><h3>Better financial shape</h3><p>Our comprehensive range of financial services and expert guidance are designed to empower individuals, families, and businesses to make informed financial decisions. Whether youre looking to manage debt, build savings, invest wisely, or plan for retirement, our team of seasoned financial professionals is committed to helping you reach your goals. We offer personalized financial assessments, tailored strategies, and cutting-edge tools to maximize your financial well-being. By partnering with us, you gain access to a wealth of knowledge and resources that can transform your financial future.</p><div>[content-listing-style style=\"style-1\" quantity=\"6\" item_1=\"Diverse Solutions Guidance.\" item_2=\"Professionals Assisting You.\" item_3=\"Tailored Strategies for Success.\" item_4=\"Informed Decisions with Technology.\" item_5=\"Health Assessments Provided.\" item_6=\"Strategies for Building Prosperity.\"][/content-listing-style]</div><p>Achieving financial stability and prosperity is a shared goal we all aspire to. At Echo, we understand the significance of being in better financial shape, and we are here to guide you on your journey.</p><br> </br><br> </br>','published',3,'Botble\\Member\\Models\\Member',0,'fashion/news/17.jpg',561,NULL,'2024-08-09 11:04:23','2024-08-09 11:04:23'),(18,'Fashion Capitals Collaborate on Cross-Cultural Runway Show','Leading fashion capitals collaborate on a cross-cultural runway show, featuring designers from different regions to showcase the global influence and diversity of fashion.','<p>Introducing the Asus ROG Ally, your ultimate gaming companion that wont compromise your budget. Packed with the high-performance AMD Z1 processor, this gaming laptop redefines whats possible in the sub-$600 price range. Whether youre a casual gamer or a hardcore enthusiast, the Asus ROG Ally has you covered with its impressive hardware and affordability.</p><h3>Data Center Loading & Security</h3><p>The Asus ROG Ally: Unleash Gaming Power on a Budget! Starting at just $600, this gaming marvel is powered by the formidable AMD Z1 processor. Get ready for an immersive gaming experience that wont break the bank, as the Asus ROG Ally combines affordability with cutting-edge technology to ensure you conquer virtual worlds like a true champion.</p><h3>Advance Features</h3><div>[content-listing-style number_of_columns=\"col-2\" quantity=\"6\" item_1=\"Affordable Gaming Power\" item_2=\"AMD Z1 Processor\" item_3=\"Stylish Design\" item_4=\"High-Refresh-Rate Display\" item_5=\"Expandable Storage and Memory\" item_6=\"Gaming Excellence on a Budget\"][/content-listing-style]</div><p>The Asus ROG Ally also offers ample storage and memory options to keep all your games and files within easy reach. You can expand and customize it to meet your specific needs, ensuring youre always prepared for the latest gaming challenges.</p><br> </br><div>[content-image number_of_columns=\"col-2\" quantity=\"2\" image_1=\"main/general/blog-4.png\" image_2=\"main/general/blog-3.png\"][/content-image]</div><div>[content-image number_of_columns=\"col-1\" quantity=\"1\" image_1=\"main/general/blog-5.png\"][/content-image]</div><h3>Features & configurations</h3><div>[content-listing-style number_of_columns=\"col-1\" quantity=\"6\" item_1=\"350-mile range (the bar is 300 miles)\" item_2=\"Your smartphone can be your key to the vehicle\" item_3=\"Reverse charging, so your car can power your house during a power outage\" item_4=\"An impressive 0-60 time of around 3.6 seconds (I like performance)\" item_5=\"A solar panel roof to increase range and supply emergency power\" item_6=\"Convertible-like mode (which really opens the car up)\"][/content-listing-style]</div><p>Asus ROG Ally is your ticket to affordable gaming excellence. With a starting price of just $600, its a game-changer that will take your gaming adventures to the next level. Whether youre a student, a professional, or just someone looking for a fantastic gaming experience without breaking the bank, the Asus ROG Ally with AMD Z1 is your ideal companion. Grab yours now and prepare to dominate the gaming world!</p><br> </br>','published',8,'Botble\\Member\\Models\\Member',0,'fashion/news/18.jpg',2164,NULL,'2024-08-09 11:04:23','2024-08-09 11:04:23'),(19,'Fashion Sustainability Summit Addresses Industry Environmental Impact','Industry leaders, environmentalists, and fashion experts come together at a sustainability summit to discuss and address the environmental impact of the fashion industry.','<p>Introducing the Asus ROG Ally, your ultimate gaming companion that wont compromise your budget. Packed with the high-performance AMD Z1 processor, this gaming laptop redefines whats possible in the sub-$600 price range. Whether youre a casual gamer or a hardcore enthusiast, the Asus ROG Ally has you covered with its impressive hardware and affordability.</p><h3>Data Center Loading & Security</h3><p>The Asus ROG Ally: Unleash Gaming Power on a Budget! Starting at just $600, this gaming marvel is powered by the formidable AMD Z1 processor. Get ready for an immersive gaming experience that wont break the bank, as the Asus ROG Ally combines affordability with cutting-edge technology to ensure you conquer virtual worlds like a true champion.</p><h3>Advance Features</h3><div>[content-listing-style number_of_columns=\"col-2\" quantity=\"6\" item_1=\"Affordable Gaming Power\" item_2=\"AMD Z1 Processor\" item_3=\"Stylish Design\" item_4=\"High-Refresh-Rate Display\" item_5=\"Expandable Storage and Memory\" item_6=\"Gaming Excellence on a Budget\"][/content-listing-style]</div><p>The Asus ROG Ally also offers ample storage and memory options to keep all your games and files within easy reach. You can expand and customize it to meet your specific needs, ensuring youre always prepared for the latest gaming challenges.</p><br> </br><div>[content-image number_of_columns=\"col-2\" quantity=\"2\" image_1=\"main/general/blog-4.png\" image_2=\"main/general/blog-3.png\"][/content-image]</div><div>[content-image number_of_columns=\"col-1\" quantity=\"1\" image_1=\"main/general/blog-5.png\"][/content-image]</div><h3>Features & configurations</h3><div>[content-listing-style number_of_columns=\"col-1\" quantity=\"6\" item_1=\"350-mile range (the bar is 300 miles)\" item_2=\"Your smartphone can be your key to the vehicle\" item_3=\"Reverse charging, so your car can power your house during a power outage\" item_4=\"An impressive 0-60 time of around 3.6 seconds (I like performance)\" item_5=\"A solar panel roof to increase range and supply emergency power\" item_6=\"Convertible-like mode (which really opens the car up)\"][/content-listing-style]</div><p>Asus ROG Ally is your ticket to affordable gaming excellence. With a starting price of just $600, its a game-changer that will take your gaming adventures to the next level. Whether youre a student, a professional, or just someone looking for a fantastic gaming experience without breaking the bank, the Asus ROG Ally with AMD Z1 is your ideal companion. Grab yours now and prepare to dominate the gaming world!</p><br> </br>','published',8,'Botble\\Member\\Models\\Member',0,'fashion/news/19.jpg',1826,NULL,'2024-08-09 11:04:23','2024-08-09 11:04:23'),(20,'Fashion Forward: Futuristic Designs Redefine Runway Trends','Designers push the boundaries of fashion with futuristic and avant-garde designs that challenge traditional aesthetics, creating a visually stunning and innovative runway experience.','<p>Our mission is to assist you in achieving better financial shape, not just for today, but for the long term. We believe that financial security and freedom are within reach for everyone, and were dedicated to providing the guidance and support you need to get there.</p><div>[content-quote author=\"Celine Dion\" quote=\"Life Imposes Things On You That You Cant Control, But You Still Have The Choice Of How Youre Going To Live Through This.\"][/content-quote]</div><div>[content-image number_of_columns=\"col-2\" quantity=\"2\" image_1=\"main/news/6.jpg\" image_2=\"main/news/2.jpg\"][/content-image]</div><h3>Better financial shape</h3><p>Our comprehensive range of financial services and expert guidance are designed to empower individuals, families, and businesses to make informed financial decisions. Whether youre looking to manage debt, build savings, invest wisely, or plan for retirement, our team of seasoned financial professionals is committed to helping you reach your goals. We offer personalized financial assessments, tailored strategies, and cutting-edge tools to maximize your financial well-being. By partnering with us, you gain access to a wealth of knowledge and resources that can transform your financial future.</p><div>[content-listing-style style=\"style-1\" quantity=\"6\" item_1=\"Diverse Solutions Guidance.\" item_2=\"Professionals Assisting You.\" item_3=\"Tailored Strategies for Success.\" item_4=\"Informed Decisions with Technology.\" item_5=\"Health Assessments Provided.\" item_6=\"Strategies for Building Prosperity.\"][/content-listing-style]</div><p>Achieving financial stability and prosperity is a shared goal we all aspire to. At Echo, we understand the significance of being in better financial shape, and we are here to guide you on your journey.</p><br> </br><br> </br>','published',4,'Botble\\Member\\Models\\Member',0,'fashion/news/20.jpg',708,NULL,'2024-08-09 11:04:23','2024-08-09 11:04:23');
/*!40000 ALTER TABLE `posts` ENABLE KEYS */;
UNLOCK TABLES;

--
-- Table structure for table `posts_translations`
--

DROP TABLE IF EXISTS `posts_translations`;
/*!40101 SET @saved_cs_client     = @@character_set_client */;
/*!50503 SET character_set_client = utf8mb4 */;
CREATE TABLE `posts_translations` (
  `lang_code` varchar(20) COLLATE utf8mb4_unicode_ci NOT NULL,
  `posts_id` bigint unsigned NOT NULL,
  `name` varchar(191) COLLATE utf8mb4_unicode_ci DEFAULT NULL,
  `description` varchar(400) COLLATE utf8mb4_unicode_ci DEFAULT NULL,
  `content` longtext COLLATE utf8mb4_unicode_ci,
  PRIMARY KEY (`lang_code`,`posts_id`)
) ENGINE=InnoDB DEFAULT CHARSET=utf8mb4 COLLATE=utf8mb4_unicode_ci;
/*!40101 SET character_set_client = @saved_cs_client */;

--
-- Dumping data for table `posts_translations`
--

LOCK TABLES `posts_translations` WRITE;
/*!40000 ALTER TABLE `posts_translations` DISABLE KEYS */;
/*!40000 ALTER TABLE `posts_translations` ENABLE KEYS */;
UNLOCK TABLES;

--
-- Table structure for table `request_logs`
--

DROP TABLE IF EXISTS `request_logs`;
/*!40101 SET @saved_cs_client     = @@character_set_client */;
/*!50503 SET character_set_client = utf8mb4 */;
CREATE TABLE `request_logs` (
  `id` bigint unsigned NOT NULL AUTO_INCREMENT,
  `status_code` int DEFAULT NULL,
  `url` varchar(191) COLLATE utf8mb4_unicode_ci DEFAULT NULL,
  `count` int unsigned NOT NULL DEFAULT '0',
  `user_id` varchar(191) COLLATE utf8mb4_unicode_ci DEFAULT NULL,
  `referrer` text COLLATE utf8mb4_unicode_ci,
  `created_at` timestamp NULL DEFAULT NULL,
  `updated_at` timestamp NULL DEFAULT NULL,
  PRIMARY KEY (`id`)
) ENGINE=InnoDB DEFAULT CHARSET=utf8mb4 COLLATE=utf8mb4_unicode_ci;
/*!40101 SET character_set_client = @saved_cs_client */;

--
-- Dumping data for table `request_logs`
--

LOCK TABLES `request_logs` WRITE;
/*!40000 ALTER TABLE `request_logs` DISABLE KEYS */;
/*!40000 ALTER TABLE `request_logs` ENABLE KEYS */;
UNLOCK TABLES;

--
-- Table structure for table `revisions`
--

DROP TABLE IF EXISTS `revisions`;
/*!40101 SET @saved_cs_client     = @@character_set_client */;
/*!50503 SET character_set_client = utf8mb4 */;
CREATE TABLE `revisions` (
  `id` bigint unsigned NOT NULL AUTO_INCREMENT,
  `revisionable_type` varchar(191) COLLATE utf8mb4_unicode_ci NOT NULL,
  `revisionable_id` bigint unsigned NOT NULL,
  `user_id` bigint unsigned DEFAULT NULL,
  `key` varchar(120) COLLATE utf8mb4_unicode_ci NOT NULL,
  `old_value` text COLLATE utf8mb4_unicode_ci,
  `new_value` text COLLATE utf8mb4_unicode_ci,
  `created_at` timestamp NULL DEFAULT NULL,
  `updated_at` timestamp NULL DEFAULT NULL,
  PRIMARY KEY (`id`),
  KEY `revisions_revisionable_id_revisionable_type_index` (`revisionable_id`,`revisionable_type`)
) ENGINE=InnoDB DEFAULT CHARSET=utf8mb4 COLLATE=utf8mb4_unicode_ci;
/*!40101 SET character_set_client = @saved_cs_client */;

--
-- Dumping data for table `revisions`
--

LOCK TABLES `revisions` WRITE;
/*!40000 ALTER TABLE `revisions` DISABLE KEYS */;
/*!40000 ALTER TABLE `revisions` ENABLE KEYS */;
UNLOCK TABLES;

--
-- Table structure for table `role_users`
--

DROP TABLE IF EXISTS `role_users`;
/*!40101 SET @saved_cs_client     = @@character_set_client */;
/*!50503 SET character_set_client = utf8mb4 */;
CREATE TABLE `role_users` (
  `user_id` bigint unsigned NOT NULL,
  `role_id` bigint unsigned NOT NULL,
  `created_at` timestamp NULL DEFAULT NULL,
  `updated_at` timestamp NULL DEFAULT NULL,
  PRIMARY KEY (`user_id`,`role_id`),
  KEY `role_users_user_id_index` (`user_id`),
  KEY `role_users_role_id_index` (`role_id`)
) ENGINE=InnoDB DEFAULT CHARSET=utf8mb4 COLLATE=utf8mb4_unicode_ci;
/*!40101 SET character_set_client = @saved_cs_client */;

--
-- Dumping data for table `role_users`
--

LOCK TABLES `role_users` WRITE;
/*!40000 ALTER TABLE `role_users` DISABLE KEYS */;
/*!40000 ALTER TABLE `role_users` ENABLE KEYS */;
UNLOCK TABLES;

--
-- Table structure for table `roles`
--

DROP TABLE IF EXISTS `roles`;
/*!40101 SET @saved_cs_client     = @@character_set_client */;
/*!50503 SET character_set_client = utf8mb4 */;
CREATE TABLE `roles` (
  `id` bigint unsigned NOT NULL AUTO_INCREMENT,
  `slug` varchar(120) COLLATE utf8mb4_unicode_ci NOT NULL,
  `name` varchar(120) COLLATE utf8mb4_unicode_ci NOT NULL,
  `permissions` text COLLATE utf8mb4_unicode_ci,
  `description` varchar(400) COLLATE utf8mb4_unicode_ci DEFAULT NULL,
  `is_default` tinyint unsigned NOT NULL DEFAULT '0',
  `created_by` bigint unsigned NOT NULL,
  `updated_by` bigint unsigned NOT NULL,
  `created_at` timestamp NULL DEFAULT NULL,
  `updated_at` timestamp NULL DEFAULT NULL,
  PRIMARY KEY (`id`),
  UNIQUE KEY `roles_slug_unique` (`slug`),
  KEY `roles_created_by_index` (`created_by`),
  KEY `roles_updated_by_index` (`updated_by`)
) ENGINE=InnoDB AUTO_INCREMENT=2 DEFAULT CHARSET=utf8mb4 COLLATE=utf8mb4_unicode_ci;
/*!40101 SET character_set_client = @saved_cs_client */;

--
-- Dumping data for table `roles`
--

LOCK TABLES `roles` WRITE;
/*!40000 ALTER TABLE `roles` DISABLE KEYS */;
INSERT INTO `roles` VALUES (1,'admin','Admin','{\"users.index\":true,\"users.create\":true,\"users.edit\":true,\"users.destroy\":true,\"roles.index\":true,\"roles.create\":true,\"roles.edit\":true,\"roles.destroy\":true,\"core.system\":true,\"core.cms\":true,\"core.manage.license\":true,\"systems.cronjob\":true,\"core.tools\":true,\"tools.data-synchronize\":true,\"media.index\":true,\"files.index\":true,\"files.create\":true,\"files.edit\":true,\"files.trash\":true,\"files.destroy\":true,\"folders.index\":true,\"folders.create\":true,\"folders.edit\":true,\"folders.trash\":true,\"folders.destroy\":true,\"settings.index\":true,\"settings.common\":true,\"settings.options\":true,\"settings.email\":true,\"settings.media\":true,\"settings.admin-appearance\":true,\"settings.cache\":true,\"settings.datatables\":true,\"settings.email.rules\":true,\"settings.others\":true,\"menus.index\":true,\"menus.create\":true,\"menus.edit\":true,\"menus.destroy\":true,\"optimize.settings\":true,\"pages.index\":true,\"pages.create\":true,\"pages.edit\":true,\"pages.destroy\":true,\"plugins.index\":true,\"plugins.edit\":true,\"plugins.remove\":true,\"plugins.marketplace\":true,\"core.appearance\":true,\"theme.index\":true,\"theme.activate\":true,\"theme.remove\":true,\"theme.options\":true,\"theme.custom-css\":true,\"theme.custom-js\":true,\"theme.custom-html\":true,\"theme.robots-txt\":true,\"settings.website-tracking\":true,\"widgets.index\":true,\"ads.index\":true,\"ads.create\":true,\"ads.edit\":true,\"ads.destroy\":true,\"ads.settings\":true,\"analytics.general\":true,\"analytics.page\":true,\"analytics.browser\":true,\"analytics.referrer\":true,\"analytics.settings\":true,\"announcements.index\":true,\"announcements.create\":true,\"announcements.edit\":true,\"announcements.destroy\":true,\"announcements.settings\":true,\"audit-log.index\":true,\"audit-log.destroy\":true,\"backups.index\":true,\"backups.create\":true,\"backups.restore\":true,\"backups.destroy\":true,\"plugins.blog\":true,\"posts.index\":true,\"posts.create\":true,\"posts.edit\":true,\"posts.destroy\":true,\"categories.index\":true,\"categories.create\":true,\"categories.edit\":true,\"categories.destroy\":true,\"tags.index\":true,\"tags.create\":true,\"tags.edit\":true,\"tags.destroy\":true,\"blog.settings\":true,\"posts.export\":true,\"posts.import\":true,\"captcha.settings\":true,\"contacts.index\":true,\"contacts.edit\":true,\"contacts.destroy\":true,\"contact.settings\":true,\"fob-comment.index\":true,\"fob-comment.comments.index\":true,\"fob-comment.comments.edit\":true,\"fob-comment.comments.destroy\":true,\"fob-comment.comments.reply\":true,\"fob-comment.settings\":true,\"galleries.index\":true,\"galleries.create\":true,\"galleries.edit\":true,\"galleries.destroy\":true,\"languages.index\":true,\"languages.create\":true,\"languages.edit\":true,\"languages.destroy\":true,\"member.index\":true,\"member.create\":true,\"member.edit\":true,\"member.destroy\":true,\"member.settings\":true,\"newsletter.index\":true,\"newsletter.destroy\":true,\"newsletter.settings\":true,\"request-log.index\":true,\"request-log.destroy\":true,\"social-login.settings\":true,\"plugins.translation\":true,\"translations.locales\":true,\"translations.theme-translations\":true,\"translations.index\":true,\"theme-translations.export\":true,\"other-translations.export\":true,\"theme-translations.import\":true,\"other-translations.import\":true}','Admin users role',1,1,1,'2024-08-09 11:04:03','2024-08-09 11:04:03');
/*!40000 ALTER TABLE `roles` ENABLE KEYS */;
UNLOCK TABLES;

--
-- Table structure for table `settings`
--

DROP TABLE IF EXISTS `settings`;
/*!40101 SET @saved_cs_client     = @@character_set_client */;
/*!50503 SET character_set_client = utf8mb4 */;
CREATE TABLE `settings` (
  `id` bigint unsigned NOT NULL AUTO_INCREMENT,
  `key` varchar(191) COLLATE utf8mb4_unicode_ci NOT NULL,
  `value` text COLLATE utf8mb4_unicode_ci,
  `created_at` timestamp NULL DEFAULT NULL,
  `updated_at` timestamp NULL DEFAULT NULL,
  PRIMARY KEY (`id`),
  UNIQUE KEY `settings_key_unique` (`key`)
) ENGINE=InnoDB AUTO_INCREMENT=69 DEFAULT CHARSET=utf8mb4 COLLATE=utf8mb4_unicode_ci;
/*!40101 SET character_set_client = @saved_cs_client */;

--
-- Dumping data for table `settings`
--

LOCK TABLES `settings` WRITE;
/*!40000 ALTER TABLE `settings` DISABLE KEYS */;
INSERT INTO `settings` VALUES (2,'api_enabled','0',NULL,'2024-08-09 11:04:25'),(3,'activated_plugins','[\"language\",\"language-advanced\",\"ads\",\"ai-writer\",\"analytics\",\"announcement\",\"audit-log\",\"backup\",\"blog\",\"captcha\",\"contact\",\"cookie-consent\",\"fob-comment\",\"gallery\",\"member\",\"newsletter\",\"note\",\"request-log\",\"rss-feed\",\"social-login\",\"translation\"]',NULL,'2024-08-09 11:04:25'),(4,'ai_writer_proxy_enable','0',NULL,'2024-08-09 11:04:25'),(5,'ai_writer_proxy_protocol',NULL,NULL,'2024-08-09 11:04:25'),(6,'ai_writer_proxy_ip',NULL,NULL,'2024-08-09 11:04:25'),(7,'ai_writer_proxy_port',NULL,NULL,'2024-08-09 11:04:25'),(8,'ai_writer_proxy_username',NULL,NULL,'2024-08-09 11:04:25'),(9,'ai_writer_proxy_password',NULL,NULL,'2024-08-09 11:04:25'),(10,'ai_writer_prompt_template','[{\"title\":\"Product Content\",\"content\":\"You will be a marketer. I will give the information of the product, you will write an introductory article about that product, the article requires google seo standards and is highly persuasive to increase the rate of users closing orders.\\nParameters product:\"},{\"title\":\"Post Content\",\"content\":\"You will be a marketer. Articles about:\"}]',NULL,'2024-08-09 11:04:25'),(11,'ai_writer_openai_key',NULL,NULL,'2024-08-09 11:04:25'),(12,'ai_writer_openai_temperature','1',NULL,'2024-08-09 11:04:25'),(13,'ai_writer_openai_max_tokens','2000',NULL,'2024-08-09 11:04:25'),(14,'ai_writer_openai_frequency_penalty','0',NULL,'2024-08-09 11:04:25'),(15,'ai_writer_openai_presence_penalty','0',NULL,'2024-08-09 11:04:25'),(16,'ai_writer_openai_models','[\"gpt-3.5-turbo\"]',NULL,'2024-08-09 11:04:25'),(17,'ai_writer_openai_default_model','gpt-3.5-turbo',NULL,'2024-08-09 11:04:25'),(18,'ai_writer_spin_template','[]',NULL,'2024-08-09 11:04:25'),(21,'language_hide_default','1',NULL,'2024-08-09 11:04:25'),(22,'language_switcher_display','dropdown',NULL,'2024-08-09 11:04:25'),(23,'language_display','all',NULL,'2024-08-09 11:04:25'),(24,'language_hide_languages','[]',NULL,'2024-08-09 11:04:25'),(25,'media_random_hash','064f297afdc126d99590d5afe132a99e',NULL,'2024-08-09 11:04:25'),(26,'theme','echo-fashion',NULL,'2024-08-09 11:04:25'),(27,'show_admin_bar','1',NULL,'2024-08-09 11:04:25'),(28,'admin_favicon','main/general/favicon.png',NULL,'2024-08-09 11:04:25'),(29,'admin_logo','main/general/logo-dark.png',NULL,'2024-08-09 11:04:25'),(30,'permalink-botble-blog-models-post','blog',NULL,'2024-08-09 11:04:25'),(31,'permalink-botble-blog-models-category','blog',NULL,'2024-08-09 11:04:25'),(32,'theme-echo-fashion-site_name','Echo - Fashion',NULL,'2024-08-09 11:04:25'),(33,'theme-echo-fashion-site_title','News & Magazine Laravel Script.',NULL,'2024-08-09 11:04:25'),(34,'theme-echo-fashion-seo_description','Echo is a modern, clean, and professional Laravel script that is suitable for news, magazine, blog, and any kind of website.',NULL,'2024-08-09 11:04:25'),(35,'theme-echo-fashion-homepage_id','1',NULL,'2024-08-09 11:04:25'),(36,'theme-echo-fashion-logo','fashion/general/logo.png',NULL,'2024-08-09 11:04:25'),(37,'theme-echo-fashion-logo_dark','fashion/general/logo-dark.png',NULL,'2024-08-09 11:04:25'),(38,'theme-echo-fashion-favicon','fashion/general/favicon.png',NULL,'2024-08-09 11:04:25'),(39,'theme-echo-fashion-blog_page_id','4',NULL,'2024-08-09 11:04:25'),(40,'theme-echo-fashion-primary_font','Inter',NULL,'2024-08-09 11:04:25'),(41,'theme-echo-fashion-heading_font','Bona Nova',NULL,'2024-08-09 11:04:25'),(42,'theme-echo-fashion-theme_style','auto',NULL,'2024-08-09 11:04:25'),(43,'theme-echo-fashion-secondary_color','#181823',NULL,'2024-08-09 11:04:25'),(44,'theme-echo-fashion-breadcrumb_background_image','main/backgrounds/breadcrumb.png',NULL,'2024-08-09 11:04:25'),(45,'theme-echo-fashion-breadcrumb_background_color','transparent',NULL,'2024-08-09 11:04:25'),(46,'theme-echo-fashion-breadcrumb_text_color','',NULL,'2024-08-09 11:04:25'),(47,'theme-echo-fashion-blog_author_style','avatar_start',NULL,'2024-08-09 11:04:25'),(48,'theme-echo-fashion-blog_description_style','normal',NULL,'2024-08-09 11:04:25'),(49,'theme-echo-fashion-copyright','%Y Archi Elite JSC. All Rights Reserved.',NULL,'2024-08-09 11:04:25'),(50,'theme-echo-fashion-language_switcher_enabled','1',NULL,'2024-08-09 11:04:25'),(51,'theme-echo-fashion-newsletter_popup_enable','1',NULL,'2024-08-09 11:04:25'),(52,'theme-echo-fashion-newsletter_popup_image','main/general/newsletter-popup.png',NULL,'2024-08-09 11:04:25'),(53,'theme-echo-fashion-newsletter_popup_title','Lets join our newsletter!',NULL,'2024-08-09 11:04:25'),(54,'theme-echo-fashion-newsletter_popup_subtitle','Weekly Updates',NULL,'2024-08-09 11:04:25'),(55,'theme-echo-fashion-newsletter_popup_description','Do not worry we dont spam!',NULL,'2024-08-09 11:04:25'),(56,'theme-echo-fashion-social_links','[[{\"key\":\"name\",\"value\":\"Facebook\"},{\"key\":\"icon\",\"value\":\"ti ti-brand-facebook\"},{\"key\":\"url\",\"value\":\"https:\\/\\/www.facebook.com\\/\"}],[{\"key\":\"name\",\"value\":\"Instagram\"},{\"key\":\"icon\",\"value\":\"ti ti-brand-instagram\"},{\"key\":\"url\",\"value\":\"https:\\/\\/www.instagram.com\\/\"}],[{\"key\":\"name\",\"value\":\"Twitter\"},{\"key\":\"icon\",\"value\":\"ti ti-brand-x\"},{\"key\":\"url\",\"value\":\"https:\\/\\/www.twitter.com\\/\"}],[{\"key\":\"name\",\"value\":\"YouTube\"},{\"key\":\"icon\",\"value\":\"ti ti-brand-youtube\"},{\"key\":\"url\",\"value\":\"https:\\/\\/www.youtube.com\\/\"}],[{\"key\":\"name\",\"value\":\"Pinterest\"},{\"key\":\"icon\",\"value\":\"ti ti-brand-pinterest\"},{\"key\":\"url\",\"value\":\"https:\\/\\/www.pinterest.com\\/\"}]]',NULL,'2024-08-09 11:04:25'),(57,'theme-echo-fashion-social_sharing','[[{\"key\":\"social\",\"value\":\"facebook\"},{\"key\":\"icon\",\"value\":\"ti ti-brand-facebook\"}],[{\"key\":\"social\",\"value\":\"x\"},{\"key\":\"icon\",\"value\":\"ti ti-brand-x\"}],[{\"key\":\"social\",\"value\":\"pinterest\"},{\"key\":\"icon\",\"value\":\"ti ti-brand-pinterest\"}],[{\"key\":\"social\",\"value\":\"linkedin\"},{\"key\":\"icon\",\"value\":\"ti ti-brand-linkedin\"}],[{\"key\":\"social\",\"value\":\"whatsapp\"},{\"key\":\"icon\",\"value\":\"ti ti-brand-whatsapp\"}],[{\"key\":\"social\",\"value\":\"email\"},{\"key\":\"icon\",\"value\":\"ti ti-mail\"}]]',NULL,'2024-08-09 11:04:25'),(58,'theme-echo-fashion-primary_color','#924FFF',NULL,'2024-08-09 11:04:25'),(59,'theme-echo-fashion-footer_text_color','#5e5e5e',NULL,'2024-08-09 11:04:25'),(60,'theme-echo-fashion-footer_background_color','#F9F9F9',NULL,'2024-08-09 11:04:25'),(61,'theme-echo-fashion-footer_heading_color','#181823',NULL,'2024-08-09 11:04:25'),(62,'announcement_max_width','1390',NULL,NULL),(63,'announcement_text_color','#fefefe',NULL,NULL),(64,'announcement_background_color','#924FFF',NULL,NULL),(65,'announcement_text_alignment','center',NULL,NULL),(66,'announcement_dismissible','1',NULL,NULL),(67,'announcement_font_size','14',NULL,NULL),(68,'announcement_font_size_unit','px',NULL,NULL);
/*!40000 ALTER TABLE `settings` ENABLE KEYS */;
UNLOCK TABLES;

--
-- Table structure for table `slugs`
--

DROP TABLE IF EXISTS `slugs`;
/*!40101 SET @saved_cs_client     = @@character_set_client */;
/*!50503 SET character_set_client = utf8mb4 */;
CREATE TABLE `slugs` (
  `id` bigint unsigned NOT NULL AUTO_INCREMENT,
  `key` varchar(191) COLLATE utf8mb4_unicode_ci NOT NULL,
  `reference_id` bigint unsigned NOT NULL,
  `reference_type` varchar(191) COLLATE utf8mb4_unicode_ci NOT NULL,
  `prefix` varchar(120) COLLATE utf8mb4_unicode_ci DEFAULT '',
  `created_at` timestamp NULL DEFAULT NULL,
  `updated_at` timestamp NULL DEFAULT NULL,
  PRIMARY KEY (`id`),
  KEY `slugs_reference_id_index` (`reference_id`),
  KEY `slugs_key_index` (`key`),
  KEY `slugs_prefix_index` (`prefix`),
  KEY `slugs_reference_index` (`reference_id`,`reference_type`)
) ENGINE=InnoDB AUTO_INCREMENT=75 DEFAULT CHARSET=utf8mb4 COLLATE=utf8mb4_unicode_ci;
/*!40101 SET character_set_client = @saved_cs_client */;

--
-- Dumping data for table `slugs`
--

LOCK TABLES `slugs` WRITE;
/*!40000 ALTER TABLE `slugs` DISABLE KEYS */;
INSERT INTO `slugs` VALUES (1,'smith',1,'Botble\\Member\\Models\\Member','author','2024-08-09 11:04:06','2024-08-09 11:04:26'),(2,'schimmel',2,'Botble\\Member\\Models\\Member','author','2024-08-09 11:04:06','2024-08-09 11:04:26'),(3,'stehr',3,'Botble\\Member\\Models\\Member','author','2024-08-09 11:04:06','2024-08-09 11:04:26'),(4,'marks',4,'Botble\\Member\\Models\\Member','author','2024-08-09 11:04:06','2024-08-09 11:04:26'),(5,'hill',5,'Botble\\Member\\Models\\Member','author','2024-08-09 11:04:06','2024-08-09 11:04:26'),(6,'barton',6,'Botble\\Member\\Models\\Member','author','2024-08-09 11:04:06','2024-08-09 11:04:26'),(7,'daniel',7,'Botble\\Member\\Models\\Member','author','2024-08-09 11:04:06','2024-08-09 11:04:26'),(8,'christiansen',8,'Botble\\Member\\Models\\Member','author','2024-08-09 11:04:06','2024-08-09 11:04:26'),(9,'uncategorized',1,'Botble\\Blog\\Models\\Category','blog','2024-08-09 11:04:23','2024-08-09 11:04:24'),(10,'videos',2,'Botble\\Blog\\Models\\Category','blog','2024-08-09 11:04:23','2024-08-09 11:04:24'),(11,'business',3,'Botble\\Blog\\Models\\Category','blog','2024-08-09 11:04:23','2024-08-09 11:04:24'),(12,'entertainment',4,'Botble\\Blog\\Models\\Category','blog','2024-08-09 11:04:23','2024-08-09 11:04:24'),(13,'travel',5,'Botble\\Blog\\Models\\Category','blog','2024-08-09 11:04:23','2024-08-09 11:04:24'),(14,'podcasts',6,'Botble\\Blog\\Models\\Category','blog','2024-08-09 11:04:23','2024-08-09 11:04:24'),(15,'healthy',7,'Botble\\Blog\\Models\\Category','blog','2024-08-09 11:04:23','2024-08-09 11:04:24'),(16,'sport',8,'Botble\\Blog\\Models\\Category','blog','2024-08-09 11:04:23','2024-08-09 11:04:24'),(17,'general',1,'Botble\\Blog\\Models\\Tag','tag','2024-08-09 11:04:23','2024-08-09 11:04:23'),(18,'science',2,'Botble\\Blog\\Models\\Tag','tag','2024-08-09 11:04:23','2024-08-09 11:04:23'),(19,'health',3,'Botble\\Blog\\Models\\Tag','tag','2024-08-09 11:04:23','2024-08-09 11:04:23'),(20,'entertainment',4,'Botble\\Blog\\Models\\Tag','tag','2024-08-09 11:04:23','2024-08-09 11:04:23'),(21,'travel',5,'Botble\\Blog\\Models\\Tag','tag','2024-08-09 11:04:23','2024-08-09 11:04:23'),(22,'world-news',6,'Botble\\Blog\\Models\\Tag','tag','2024-08-09 11:04:23','2024-08-09 11:04:23'),(23,'environment',7,'Botble\\Blog\\Models\\Tag','tag','2024-08-09 11:04:23','2024-08-09 11:04:23'),(24,'sports',8,'Botble\\Blog\\Models\\Tag','tag','2024-08-09 11:04:23','2024-08-09 11:04:23'),(25,'top-designers-showcase-avant-garde-collection-at-fashion-week',1,'Botble\\Blog\\Models\\Post','blog','2024-08-09 11:04:23','2024-08-09 11:04:24'),(26,'inclusive-fashion-show-celebrates-diversity-on-the-runway',2,'Botble\\Blog\\Models\\Post','blog','2024-08-09 11:04:23','2024-08-09 11:04:24'),(27,'sustainable-fashion-brands-gain-momentum-in-the-industry',3,'Botble\\Blog\\Models\\Post','blog','2024-08-09 11:04:23','2024-08-09 11:04:24'),(28,'iconic-fashion-house-launches-limited-edition-capsule-collection',4,'Botble\\Blog\\Models\\Post','blog','2024-08-09 11:04:23','2024-08-09 11:04:24'),(29,'fashion-tech-wearable-technology-redefines-style',5,'Botble\\Blog\\Models\\Post','blog','2024-08-09 11:04:23','2024-08-09 11:04:24'),(30,'fashion-influencers-collaborate-with-high-end-brands-for-exclusive-line',6,'Botble\\Blog\\Models\\Post','blog','2024-08-09 11:04:23','2024-08-09 11:04:24'),(31,'retro-revival-vintage-fashion-makes-a-comeback',7,'Botble\\Blog\\Models\\Post','blog','2024-08-09 11:04:23','2024-08-09 11:04:24'),(32,'fashion-capitals-host-star-studded-gala-celebrating-couture',8,'Botble\\Blog\\Models\\Post','blog','2024-08-09 11:04:23','2024-08-09 11:04:24'),(33,'luxury-fashion-brand-unveils-exquisite-diamond-studded-collection',9,'Botble\\Blog\\Models\\Post','blog','2024-08-09 11:04:23','2024-08-09 11:04:24'),(34,'streetwear-dominates-fashion-scene-with-urban-cool-vibes',10,'Botble\\Blog\\Models\\Post','blog','2024-08-09 11:04:23','2024-08-09 11:04:24'),(35,'fashion-forward-gender-fluid-designs-challenge-traditional-norms',11,'Botble\\Blog\\Models\\Post','blog','2024-08-09 11:04:23','2024-08-09 11:04:24'),(36,'fashion-week-features-sustainable-and-vegan-friendly-collections',12,'Botble\\Blog\\Models\\Post','blog','2024-08-09 11:04:23','2024-08-09 11:04:24'),(37,'emerging-designers-spotlighted-in-fashion-industry-awards',13,'Botble\\Blog\\Models\\Post','blog','2024-08-09 11:04:23','2024-08-09 11:04:24'),(38,'cultural-fusion-fashion-trends-inspired-by-global-heritage',14,'Botble\\Blog\\Models\\Post','blog','2024-08-09 11:04:23','2024-08-09 11:04:24'),(39,'fashion-icons-collaborate-on-limited-edition-streetwear-collection',15,'Botble\\Blog\\Models\\Post','blog','2024-08-09 11:04:23','2024-08-09 11:04:24'),(40,'fashion-psychology-exploring-the-emotional-impact-of-clothing-choices',16,'Botble\\Blog\\Models\\Post','blog','2024-08-09 11:04:23','2024-08-09 11:04:24'),(41,'fashion-tech-augmented-reality-transforms-online-shopping-experience',17,'Botble\\Blog\\Models\\Post','blog','2024-08-09 11:04:23','2024-08-09 11:04:24'),(42,'fashion-capitals-collaborate-on-cross-cultural-runway-show',18,'Botble\\Blog\\Models\\Post','blog','2024-08-09 11:04:23','2024-08-09 11:04:24'),(43,'fashion-sustainability-summit-addresses-industry-environmental-impact',19,'Botble\\Blog\\Models\\Post','blog','2024-08-09 11:04:23','2024-08-09 11:04:24'),(44,'fashion-forward-futuristic-designs-redefine-runway-trends',20,'Botble\\Blog\\Models\\Post','blog','2024-08-09 11:04:23','2024-08-09 11:04:24'),(45,'perfect',1,'Botble\\Gallery\\Models\\Gallery','galleries','2024-08-09 11:04:23','2024-08-09 11:04:23'),(46,'new-day',2,'Botble\\Gallery\\Models\\Gallery','galleries','2024-08-09 11:04:23','2024-08-09 11:04:23'),(47,'happy-day',3,'Botble\\Gallery\\Models\\Gallery','galleries','2024-08-09 11:04:23','2024-08-09 11:04:23'),(48,'nature',4,'Botble\\Gallery\\Models\\Gallery','galleries','2024-08-09 11:04:24','2024-08-09 11:04:24'),(49,'morning',5,'Botble\\Gallery\\Models\\Gallery','galleries','2024-08-09 11:04:24','2024-08-09 11:04:24'),(50,'sunset',6,'Botble\\Gallery\\Models\\Gallery','galleries','2024-08-09 11:04:24','2024-08-09 11:04:24'),(51,'ocean-views',7,'Botble\\Gallery\\Models\\Gallery','galleries','2024-08-09 11:04:24','2024-08-09 11:04:24'),(52,'adventure-time',8,'Botble\\Gallery\\Models\\Gallery','galleries','2024-08-09 11:04:24','2024-08-09 11:04:24'),(53,'city-lights',9,'Botble\\Gallery\\Models\\Gallery','galleries','2024-08-09 11:04:24','2024-08-09 11:04:24'),(54,'dreamscape',10,'Botble\\Gallery\\Models\\Gallery','galleries','2024-08-09 11:04:24','2024-08-09 11:04:24'),(55,'enchanted-forest',11,'Botble\\Gallery\\Models\\Gallery','galleries','2024-08-09 11:04:24','2024-08-09 11:04:24'),(56,'golden-hour',12,'Botble\\Gallery\\Models\\Gallery','galleries','2024-08-09 11:04:24','2024-08-09 11:04:24'),(57,'serenity',13,'Botble\\Gallery\\Models\\Gallery','galleries','2024-08-09 11:04:24','2024-08-09 11:04:24'),(58,'eternal-beauty',14,'Botble\\Gallery\\Models\\Gallery','galleries','2024-08-09 11:04:24','2024-08-09 11:04:24'),(59,'moonlight-magic',15,'Botble\\Gallery\\Models\\Gallery','galleries','2024-08-09 11:04:24','2024-08-09 11:04:24'),(60,'starry-night',16,'Botble\\Gallery\\Models\\Gallery','galleries','2024-08-09 11:04:24','2024-08-09 11:04:24'),(61,'hidden-gems',17,'Botble\\Gallery\\Models\\Gallery','galleries','2024-08-09 11:04:24','2024-08-09 11:04:24'),(62,'tranquil-waters',18,'Botble\\Gallery\\Models\\Gallery','galleries','2024-08-09 11:04:24','2024-08-09 11:04:24'),(63,'urban-escape',19,'Botble\\Gallery\\Models\\Gallery','galleries','2024-08-09 11:04:24','2024-08-09 11:04:24'),(64,'twilight-zone',20,'Botble\\Gallery\\Models\\Gallery','galleries','2024-08-09 11:04:24','2024-08-09 11:04:24'),(65,'homepage',1,'Botble\\Page\\Models\\Page','','2024-08-09 11:04:24','2024-08-09 11:04:24'),(66,'about-us',2,'Botble\\Page\\Models\\Page','','2024-08-09 11:04:24','2024-08-09 11:04:24'),(67,'contact',3,'Botble\\Page\\Models\\Page','','2024-08-09 11:04:24','2024-08-09 11:04:24'),(68,'blog',4,'Botble\\Page\\Models\\Page','','2024-08-09 11:04:24','2024-08-09 11:04:24'),(69,'team',5,'Botble\\Page\\Models\\Page','','2024-08-09 11:04:24','2024-08-09 11:04:24'),(70,'cookie-policy',6,'Botble\\Page\\Models\\Page','','2024-08-09 11:04:24','2024-08-09 11:04:24'),(71,'terms-of-use',7,'Botble\\Page\\Models\\Page','','2024-08-09 11:04:24','2024-08-09 11:04:24'),(72,'privacy-policy',8,'Botble\\Page\\Models\\Page','','2024-08-09 11:04:24','2024-08-09 11:04:24'),(73,'advertise',9,'Botble\\Page\\Models\\Page','','2024-08-09 11:04:24','2024-08-09 11:04:24'),(74,'faq',10,'Botble\\Page\\Models\\Page','','2024-08-09 11:04:24','2024-08-09 11:04:24');
/*!40000 ALTER TABLE `slugs` ENABLE KEYS */;
UNLOCK TABLES;

--
-- Table structure for table `slugs_translations`
--

DROP TABLE IF EXISTS `slugs_translations`;
/*!40101 SET @saved_cs_client     = @@character_set_client */;
/*!50503 SET character_set_client = utf8mb4 */;
CREATE TABLE `slugs_translations` (
  `lang_code` varchar(20) COLLATE utf8mb4_unicode_ci NOT NULL,
  `slugs_id` bigint unsigned NOT NULL,
  `key` varchar(191) COLLATE utf8mb4_unicode_ci DEFAULT NULL,
  `prefix` varchar(120) COLLATE utf8mb4_unicode_ci DEFAULT '',
  PRIMARY KEY (`lang_code`,`slugs_id`)
) ENGINE=InnoDB DEFAULT CHARSET=utf8mb4 COLLATE=utf8mb4_unicode_ci;
/*!40101 SET character_set_client = @saved_cs_client */;

--
-- Dumping data for table `slugs_translations`
--

LOCK TABLES `slugs_translations` WRITE;
/*!40000 ALTER TABLE `slugs_translations` DISABLE KEYS */;
/*!40000 ALTER TABLE `slugs_translations` ENABLE KEYS */;
UNLOCK TABLES;

--
-- Table structure for table `tags`
--

DROP TABLE IF EXISTS `tags`;
/*!40101 SET @saved_cs_client     = @@character_set_client */;
/*!50503 SET character_set_client = utf8mb4 */;
CREATE TABLE `tags` (
  `id` bigint unsigned NOT NULL AUTO_INCREMENT,
  `name` varchar(120) COLLATE utf8mb4_unicode_ci NOT NULL,
  `author_id` bigint unsigned DEFAULT NULL,
  `author_type` varchar(191) COLLATE utf8mb4_unicode_ci NOT NULL DEFAULT 'Botble\\ACL\\Models\\User',
  `description` varchar(400) COLLATE utf8mb4_unicode_ci DEFAULT NULL,
  `status` varchar(60) COLLATE utf8mb4_unicode_ci NOT NULL DEFAULT 'published',
  `created_at` timestamp NULL DEFAULT NULL,
  `updated_at` timestamp NULL DEFAULT NULL,
  PRIMARY KEY (`id`)
) ENGINE=InnoDB AUTO_INCREMENT=9 DEFAULT CHARSET=utf8mb4 COLLATE=utf8mb4_unicode_ci;
/*!40101 SET character_set_client = @saved_cs_client */;

--
-- Dumping data for table `tags`
--

LOCK TABLES `tags` WRITE;
/*!40000 ALTER TABLE `tags` DISABLE KEYS */;
INSERT INTO `tags` VALUES (1,'General',NULL,'Botble\\ACL\\Models\\User',NULL,'published','2024-08-09 11:04:23','2024-08-09 11:04:23'),(2,'Science',NULL,'Botble\\ACL\\Models\\User',NULL,'published','2024-08-09 11:04:23','2024-08-09 11:04:23'),(3,'Health',NULL,'Botble\\ACL\\Models\\User',NULL,'published','2024-08-09 11:04:23','2024-08-09 11:04:23'),(4,'Entertainment',NULL,'Botble\\ACL\\Models\\User',NULL,'published','2024-08-09 11:04:23','2024-08-09 11:04:23'),(5,'Travel',NULL,'Botble\\ACL\\Models\\User',NULL,'published','2024-08-09 11:04:23','2024-08-09 11:04:23'),(6,'World News',NULL,'Botble\\ACL\\Models\\User',NULL,'published','2024-08-09 11:04:23','2024-08-09 11:04:23'),(7,'Environment',NULL,'Botble\\ACL\\Models\\User',NULL,'published','2024-08-09 11:04:23','2024-08-09 11:04:23'),(8,'Sports',NULL,'Botble\\ACL\\Models\\User',NULL,'published','2024-08-09 11:04:23','2024-08-09 11:04:23');
/*!40000 ALTER TABLE `tags` ENABLE KEYS */;
UNLOCK TABLES;

--
-- Table structure for table `tags_translations`
--

DROP TABLE IF EXISTS `tags_translations`;
/*!40101 SET @saved_cs_client     = @@character_set_client */;
/*!50503 SET character_set_client = utf8mb4 */;
CREATE TABLE `tags_translations` (
  `lang_code` varchar(20) COLLATE utf8mb4_unicode_ci NOT NULL,
  `tags_id` bigint unsigned NOT NULL,
  `name` varchar(191) COLLATE utf8mb4_unicode_ci DEFAULT NULL,
  `description` varchar(400) COLLATE utf8mb4_unicode_ci DEFAULT NULL,
  PRIMARY KEY (`lang_code`,`tags_id`)
) ENGINE=InnoDB DEFAULT CHARSET=utf8mb4 COLLATE=utf8mb4_unicode_ci;
/*!40101 SET character_set_client = @saved_cs_client */;

--
-- Dumping data for table `tags_translations`
--

LOCK TABLES `tags_translations` WRITE;
/*!40000 ALTER TABLE `tags_translations` DISABLE KEYS */;
/*!40000 ALTER TABLE `tags_translations` ENABLE KEYS */;
UNLOCK TABLES;

--
-- Table structure for table `user_meta`
--

DROP TABLE IF EXISTS `user_meta`;
/*!40101 SET @saved_cs_client     = @@character_set_client */;
/*!50503 SET character_set_client = utf8mb4 */;
CREATE TABLE `user_meta` (
  `id` bigint unsigned NOT NULL AUTO_INCREMENT,
  `key` varchar(120) COLLATE utf8mb4_unicode_ci DEFAULT NULL,
  `value` text COLLATE utf8mb4_unicode_ci,
  `user_id` bigint unsigned NOT NULL,
  `created_at` timestamp NULL DEFAULT NULL,
  `updated_at` timestamp NULL DEFAULT NULL,
  PRIMARY KEY (`id`),
  KEY `user_meta_user_id_index` (`user_id`)
) ENGINE=InnoDB DEFAULT CHARSET=utf8mb4 COLLATE=utf8mb4_unicode_ci;
/*!40101 SET character_set_client = @saved_cs_client */;

--
-- Dumping data for table `user_meta`
--

LOCK TABLES `user_meta` WRITE;
/*!40000 ALTER TABLE `user_meta` DISABLE KEYS */;
/*!40000 ALTER TABLE `user_meta` ENABLE KEYS */;
UNLOCK TABLES;

--
-- Table structure for table `users`
--

DROP TABLE IF EXISTS `users`;
/*!40101 SET @saved_cs_client     = @@character_set_client */;
/*!50503 SET character_set_client = utf8mb4 */;
CREATE TABLE `users` (
  `id` bigint unsigned NOT NULL AUTO_INCREMENT,
  `email` varchar(191) COLLATE utf8mb4_unicode_ci NOT NULL,
  `email_verified_at` timestamp NULL DEFAULT NULL,
  `password` varchar(120) COLLATE utf8mb4_unicode_ci DEFAULT NULL,
  `remember_token` varchar(100) COLLATE utf8mb4_unicode_ci DEFAULT NULL,
  `created_at` timestamp NULL DEFAULT NULL,
  `updated_at` timestamp NULL DEFAULT NULL,
  `first_name` varchar(120) COLLATE utf8mb4_unicode_ci DEFAULT NULL,
  `last_name` varchar(120) COLLATE utf8mb4_unicode_ci DEFAULT NULL,
  `username` varchar(60) COLLATE utf8mb4_unicode_ci DEFAULT NULL,
  `avatar_id` bigint unsigned DEFAULT NULL,
  `super_user` tinyint(1) NOT NULL DEFAULT '0',
  `manage_supers` tinyint(1) NOT NULL DEFAULT '0',
  `permissions` text COLLATE utf8mb4_unicode_ci,
  `last_login` timestamp NULL DEFAULT NULL,
  PRIMARY KEY (`id`),
  UNIQUE KEY `users_email_unique` (`email`),
  UNIQUE KEY `users_username_unique` (`username`)
) ENGINE=InnoDB AUTO_INCREMENT=2 DEFAULT CHARSET=utf8mb4 COLLATE=utf8mb4_unicode_ci;
/*!40101 SET character_set_client = @saved_cs_client */;

--
-- Dumping data for table `users`
--

LOCK TABLES `users` WRITE;
/*!40000 ALTER TABLE `users` DISABLE KEYS */;
INSERT INTO `users` VALUES (1,'felix31@dibbert.com',NULL,'$2y$12$iG/2s1b7by5LLNjdwMh.1OBA./E13vx2J5cWlP0EFqaaBI1RPMbYS',NULL,'2024-08-09 11:04:03','2024-08-09 11:04:03','Melany','Mayert','admin',NULL,1,1,NULL,NULL);
/*!40000 ALTER TABLE `users` ENABLE KEYS */;
UNLOCK TABLES;

--
-- Table structure for table `widgets`
--

DROP TABLE IF EXISTS `widgets`;
/*!40101 SET @saved_cs_client     = @@character_set_client */;
/*!50503 SET character_set_client = utf8mb4 */;
CREATE TABLE `widgets` (
  `id` bigint unsigned NOT NULL AUTO_INCREMENT,
  `widget_id` varchar(120) COLLATE utf8mb4_unicode_ci NOT NULL,
  `sidebar_id` varchar(120) COLLATE utf8mb4_unicode_ci NOT NULL,
  `theme` varchar(120) COLLATE utf8mb4_unicode_ci NOT NULL,
  `position` tinyint unsigned NOT NULL DEFAULT '0',
  `data` text COLLATE utf8mb4_unicode_ci,
  `created_at` timestamp NULL DEFAULT NULL,
  `updated_at` timestamp NULL DEFAULT NULL,
  PRIMARY KEY (`id`)
) ENGINE=InnoDB AUTO_INCREMENT=21 DEFAULT CHARSET=utf8mb4 COLLATE=utf8mb4_unicode_ci;
/*!40101 SET character_set_client = @saved_cs_client */;

--
-- Dumping data for table `widgets`
--

LOCK TABLES `widgets` WRITE;
/*!40000 ALTER TABLE `widgets` DISABLE KEYS */;
INSERT INTO `widgets` VALUES (1,'BlogPostsWidget','menu_sidebar','echo-fashion',1,'{\"type\":\"recent\",\"category_ids\":[1,2,3],\"limit\":3}','2024-08-09 11:04:25','2024-08-09 11:04:25'),(2,'SocialLinksWidget','menu_sidebar','echo-fashion',2,'[]','2024-08-09 11:04:25','2024-08-09 11:04:25'),(3,'BreakingNewsWidget','header_top_sidebar','echo-fashion',1,'{\"id\":\"BreakingNewsWidget\",\"image\":\"main\\/icons\\/breaking-news-icon.png\",\"type\":\"featured\",\"category_ids\":[1,3,6],\"limit\":4}','2024-08-09 11:04:25','2024-08-09 11:04:25'),(4,'DateTimeAndLocalWeather','header_top_sidebar','echo-fashion',2,'{\"id\":\"DateTimeAndLocalWeather\",\"alignment\":\"center\"}','2024-08-09 11:04:25','2024-08-09 11:04:25'),(5,'ActionButtonsWidget','header_top_sidebar','echo-fashion',4,'{\"id\":\"ActionButtonsWidget\",\"enable_newsletter_button\":true,\"form_newsletter_button_label\":\"Subscribe\",\"alignment\":\"end\"}','2024-08-09 11:04:25','2024-08-09 11:04:25'),(6,'BlogCategoriesWidget','primary_sidebar','echo-fashion',1,'{\"title\":\"Popular Categories\",\"id\":\"BlogCategoriesWidget\",\"enable_lazy_loading\":\"yes\",\"quantity\":\"5\",\"category_id_1\":\"1\",\"background_image_1\":\"main\\/blog-categories\\/1.png\",\"background_color_1\":\"rgb(174 81 43)\",\"category_id_2\":\"2\",\"background_image_2\":\"main\\/blog-categories\\/2.png\",\"background_color_2\":\"rgb(102 64 165)\",\"category_id_3\":\"3\",\"background_image_3\":\"main\\/blog-categories\\/3.png\",\"background_color_3\":\"rgb(85 163 168)\",\"category_id_4\":\"4\",\"background_image_4\":\"main\\/blog-categories\\/4.png\",\"background_color_4\":\"rgb(83 39 21)\",\"category_id_5\":\"5\",\"background_image_5\":\"main\\/blog-categories\\/5.png\",\"background_color_5\":\"rgb(85 163 168)\"}','2024-08-09 11:04:25','2024-08-09 11:04:25'),(7,'BlogPostsWidget','primary_sidebar','echo-fashion',2,'{\"type\":\"popular\",\"card_style\":\"default-card\",\"shape\":\"square\",\"category_ids\":[1,3,4],\"title\":\"Top Story\",\"limit\":4,\"enable_lazy_loading\":\"yes\"}','2024-08-09 11:04:25','2024-08-09 11:04:25'),(8,'FollowUsWidget','primary_sidebar','echo-fashion',3,'{\"id\":\"FollowUsWidget\",\"items\":[[{\"key\":\"title\",\"value\":\"20K Fans\"},{\"key\":\"icon\",\"value\":\"ti ti-brand-facebook\"},{\"key\":\"url\",\"value\":\"https:\\/\\/facebook.com\"}],[{\"key\":\"title\",\"value\":\"10K Followers\"},{\"key\":\"icon\",\"value\":\"ti ti-brand-x\"},{\"key\":\"url\",\"value\":\"https:\\/\\/twitter.com\"}],[{\"key\":\"title\",\"value\":\"50K Followers\"},{\"key\":\"icon\",\"value\":\"ti ti-brand-instagram\"},{\"key\":\"url\",\"value\":\"https:\\/\\/instagram.com\"}],[{\"key\":\"title\",\"value\":\"30K Followers\"},{\"key\":\"icon\",\"value\":\"ti ti-brand-linkedin\"},{\"key\":\"url\",\"value\":\"https:\\/\\/linkedin.com\"}],[{\"key\":\"title\",\"value\":\"30K Followers\"},{\"key\":\"icon\",\"value\":\"ti ti-brand-pinterest\"},{\"key\":\"url\",\"value\":\"https:\\/\\/pinterest.com\"}],[{\"key\":\"title\",\"value\":\"04K Subscribers\"},{\"key\":\"icon\",\"value\":\"ti ti-brand-youtube\"},{\"key\":\"url\",\"value\":\"https:\\/\\/youtube.com\"}]]}','2024-08-09 11:04:25','2024-08-09 11:04:25'),(9,'FollowUsWidget','custom_sidebar_1','echo-fashion',1,'{\"id\":\"FollowUsWidget\",\"items\":[[{\"key\":\"title\",\"value\":\"20K Fans\"},{\"key\":\"icon\",\"value\":\"ti ti-brand-facebook\"},{\"key\":\"url\",\"value\":\"https:\\/\\/facebook.com\"}],[{\"key\":\"title\",\"value\":\"10K Followers\"},{\"key\":\"icon\",\"value\":\"ti ti-brand-x\"},{\"key\":\"url\",\"value\":\"https:\\/\\/twitter.com\"}],[{\"key\":\"title\",\"value\":\"50K Followers\"},{\"key\":\"icon\",\"value\":\"ti ti-brand-instagram\"},{\"key\":\"url\",\"value\":\"https:\\/\\/instagram.com\"}],[{\"key\":\"title\",\"value\":\"30K Followers\"},{\"key\":\"icon\",\"value\":\"ti ti-brand-linkedin\"},{\"key\":\"url\",\"value\":\"https:\\/\\/linkedin.com\"}],[{\"key\":\"title\",\"value\":\"30K Followers\"},{\"key\":\"icon\",\"value\":\"ti ti-brand-pinterest\"},{\"key\":\"url\",\"value\":\"https:\\/\\/pinterest.com\"}],[{\"key\":\"title\",\"value\":\"04K Subscribers\"},{\"key\":\"icon\",\"value\":\"ti ti-brand-youtube\"},{\"key\":\"url\",\"value\":\"https:\\/\\/youtube.com\"}]]}','2024-08-09 11:04:25','2024-08-09 11:04:25'),(10,'BlogCategoriesWidget','custom_sidebar_1','echo-fashion',2,'{\"title\":\"Popular Categories\",\"id\":\"BlogCategoriesWidget\",\"enable_lazy_loading\":\"yes\",\"quantity\":\"5\",\"category_id_1\":\"1\",\"background_image_1\":\"main\\/blog-categories\\/1.png\",\"category_id_2\":\"2\",\"background_image_2\":\"main\\/blog-categories\\/2.png\",\"category_id_3\":\"3\",\"background_image_3\":\"main\\/blog-categories\\/4.png\",\"category_id_4\":\"6\",\"background_image_4\":\"main\\/blog-categories\\/5.png\",\"category_id_5\":\"1\",\"background_image_5\":\"main\\/blog-categories\\/3.png\"}','2024-08-09 11:04:25','2024-08-09 11:04:25'),(11,'MembersWidget','custom_sidebar_1','echo-fashion',3,'{\"id\":\"MembersWidget\",\"title\":\"Featured Authors\",\"member_ids\":[2,4,5,6]}','2024-08-09 11:04:25','2024-08-09 11:04:25'),(12,'BlogPostsWidget','custom_sidebar_2','echo-fashion',1,'{\"type\":\"recent\",\"style\":\"default-card\",\"shape\":\"square\",\"category_ids\":[3,6],\"title\":\"Top Story\",\"limit\":4}','2024-08-09 11:04:25','2024-08-09 11:04:25'),(13,'BlogPostsWidget','custom_sidebar_2','echo-fashion',2,'{\"type\":\"popular\",\"style\":\"orderly-card\",\"shape\":\"square\",\"category_ids\":[1,5,6],\"title\":\"Top Reviews\",\"limit\":3}','2024-08-09 11:04:25','2024-08-09 11:04:25'),(14,'FollowUsWidget','custom_sidebar_2','echo-fashion',3,'{\"id\":\"FollowUsWidget\",\"items\":[[{\"key\":\"title\",\"value\":\"20K Fans\"},{\"key\":\"icon\",\"value\":\"ti ti-brand-facebook\"},{\"key\":\"url\",\"value\":\"https:\\/\\/facebook.com\"}],[{\"key\":\"title\",\"value\":\"10K Followers\"},{\"key\":\"icon\",\"value\":\"ti ti-brand-x\"},{\"key\":\"url\",\"value\":\"https:\\/\\/twitter.com\"}],[{\"key\":\"title\",\"value\":\"50K Followers\"},{\"key\":\"icon\",\"value\":\"ti ti-brand-instagram\"},{\"key\":\"url\",\"value\":\"https:\\/\\/instagram.com\"}],[{\"key\":\"title\",\"value\":\"30K Followers\"},{\"key\":\"icon\",\"value\":\"ti ti-brand-linkedin\"},{\"key\":\"url\",\"value\":\"https:\\/\\/linkedin.com\"}],[{\"key\":\"title\",\"value\":\"30K Followers\"},{\"key\":\"icon\",\"value\":\"ti ti-brand-pinterest\"},{\"key\":\"url\",\"value\":\"https:\\/\\/pinterest.com\"}],[{\"key\":\"title\",\"value\":\"04K Subscribers\"},{\"key\":\"icon\",\"value\":\"ti ti-brand-youtube\"},{\"key\":\"url\",\"value\":\"https:\\/\\/youtube.com\"}]]}','2024-08-09 11:04:25','2024-08-09 11:04:25'),(15,'NewsletterWidget','custom_sidebar_2','echo-fashion',4,'{\"id\":\"NewsletterWidget\",\"title\":\"Newsletter\",\"description\":\"Stay Tuned With Updates\",\"image\":\"main\\/general\\/newsletter-image.png\"}','2024-08-09 11:04:25','2024-08-09 11:04:25'),(16,'BannerAdsWidget','custom_sidebar_2','echo-fashion',5,'{\"ad_image\":\"main\\/general\\/ads-banner.png\",\"ad_link\":\"https:\\/\\/google.com\"}','2024-08-09 11:04:25','2024-08-09 11:04:25'),(17,'SiteInformationWidget','footer_sidebar','echo-fashion',1,'{\"id\":\"SiteInformationWidget\",\"title\":\"Get In Touch\",\"email\":\"Info@Demomail.Com\",\"hotline\":\"(00) 236 123 456 88\",\"address\":\"255 Sheet, New Avanew, NY\"}','2024-08-09 11:04:25','2024-08-09 11:04:25'),(18,'Botble\\Widget\\Widgets\\CoreSimpleMenu','footer_sidebar','echo-fashion',2,'{\"id\":\"Botble\\\\Widget\\\\Widgets\\\\CoreSimpleMenu\",\"name\":\"Most Popular\",\"style\":\"2-column\",\"items\":[[{\"key\":\"label\",\"value\":\"Uncategorized\"},{\"key\":\"url\",\"value\":\"http:\\/\\/localhost\\/blog\\/uncategorized\"}],[{\"key\":\"label\",\"value\":\"Videos\"},{\"key\":\"url\",\"value\":\"http:\\/\\/localhost\\/blog\\/videos\"}],[{\"key\":\"label\",\"value\":\"Business\"},{\"key\":\"url\",\"value\":\"http:\\/\\/localhost\\/blog\\/business\"}],[{\"key\":\"label\",\"value\":\"Entertainment\"},{\"key\":\"url\",\"value\":\"http:\\/\\/localhost\\/blog\\/entertainment\"}],[{\"key\":\"label\",\"value\":\"Travel\"},{\"key\":\"url\",\"value\":\"http:\\/\\/localhost\\/blog\\/travel\"}]]}','2024-08-09 11:04:25','2024-08-09 11:04:25'),(19,'Botble\\Widget\\Widgets\\CoreSimpleMenu','footer_sidebar','echo-fashion',3,'{\"id\":\"Botble\\\\Widget\\\\Widgets\\\\CoreSimpleMenu\",\"name\":\"Help\",\"items\":[[{\"key\":\"label\",\"value\":\"About\"},{\"key\":\"url\",\"value\":\"about-us\"}],[{\"key\":\"label\",\"value\":\"Terms of Use\"},{\"key\":\"url\",\"value\":\"terms-of-use\"}],[{\"key\":\"label\",\"value\":\"Advertise\"},{\"key\":\"url\",\"value\":\"advertise\"}],[{\"key\":\"label\",\"value\":\"Privacy Policy\"},{\"key\":\"url\",\"value\":\"privacy-policy\"}],[{\"key\":\"label\",\"value\":\"FAQ\"},{\"key\":\"url\",\"value\":\"faq\"}]]}','2024-08-09 11:04:25','2024-08-09 11:04:25'),(20,'NewsletterWidget','footer_sidebar','echo-fashion',4,'{\"id\":\"NewsletterWidget\",\"title\":\"Newsletter\",\"description\":\"Register now to get latest updates on promotion & coupons.\"}','2024-08-09 11:04:25','2024-08-09 11:04:25');
/*!40000 ALTER TABLE `widgets` ENABLE KEYS */;
UNLOCK TABLES;
/*!40103 SET TIME_ZONE=@OLD_TIME_ZONE */;

/*!40101 SET SQL_MODE=@OLD_SQL_MODE */;
/*!40014 SET FOREIGN_KEY_CHECKS=@OLD_FOREIGN_KEY_CHECKS */;
/*!40014 SET UNIQUE_CHECKS=@OLD_UNIQUE_CHECKS */;
/*!40101 SET CHARACTER_SET_CLIENT=@OLD_CHARACTER_SET_CLIENT */;
/*!40101 SET CHARACTER_SET_RESULTS=@OLD_CHARACTER_SET_RESULTS */;
/*!40101 SET COLLATION_CONNECTION=@OLD_COLLATION_CONNECTION */;
/*!40111 SET SQL_NOTES=@OLD_SQL_NOTES */;

-- Dump completed on 2024-08-10  1:04:26
